Key,Value
AccountIdentity.AgeCheck.Label.AgeBandOver13,13+
AccountIdentity.AgeCheck.Label.AgeBandOver13Checked,13+ leeftijd gecontroleerd
AccountIdentity.AgeCheck.Label.AgeBandOver18,18+ 
AccountIdentity.AgeCheck.Label.AgeBandOver18Checked,18+ leeftijd gecontroleerd
AccountIdentity.AgeCheck.Label.AgeBandUnder13, <13
AccountIdentity.AgeCheck.Label.AgeGroup13To15,13-15
AccountIdentity.AgeCheck.Label.AgeGroup16To17,16-17
AccountIdentity.AgeCheck.Label.AgeGroup18To20,18-20
AccountIdentity.AgeCheck.Label.AgeGroup18To24,18-24
AccountIdentity.AgeCheck.Label.AgeGroup9To12,9-12
AccountIdentity.AgeCheck.Label.AgeGroupOver21,21+
AccountIdentity.AgeCheck.Label.AgeGroupOver25,25+
AccountIdentity.AgeCheck.Label.AgeGroupUnder9,5-8
Amp.ErrorScreen.BodyText,Kan je toegangsstatus niet ophalen
Amp.ErrorScreen.Cancel,Annuleren
Amp.ErrorScreen.Retry,Opnieuw proberen
Amp.ErrorScreen.Title,Er is iets misgegaan
Amp.ErrorScreen.UserMismatchBody,Deze QR-code is voor een ander account. Wissel van account en scan opnieuw om door te gaan.
Amp.ErrorScreen.UserMismatchTitle,Verkeerd account
Amp.FAEUpsell.Modal.ExternalLink.ButtonCancel,
Amp.FAEUpsell.Modal.ExternalLink.ButtonStart,Doorgaan
Amp.FAEUpsell.Modal.ExternalLink.Text,Hiermee worden meer games en functies zoals chat ontgrendeld.
Amp.FAEUpsell.Modal.ExternalLink.Title,Laten we je leeftijd controleren
Amp.FAEUpsell.Modal.Failed.ButtonClose,Sluiten
Amp.FAEUpsell.Modal.Failed.ButtonRetry,
Amp.FAEUpsell.Modal.Failed.Text,Er is iets misgegaan. Probeer het later opnieuw.
Amp.FAEUpsell.Modal.Failed.Title,Fout bij leeftijdscontrole
Amp.FAEUpsell.Modal.Loading.ButtonCancel,
Amp.FAEUpsell.Modal.Loading.Text,"Dit kan even duren. Als je annuleert, wordt je leeftijd mogelijk niet gecontroleerd."
Amp.FAEUpsell.Modal.Loading.Title,Je leeftijd wordt gecontroleerd
Amp.FAEUpsell.Modal.QRCode.Description,Ontgrendel meer games en functies wanneer je een leeftijdscontrole voltooit. Scan deze QR-code met je telefoon of tablet.
Amp.FAEUpsell.Modal.QRCode.Footer,Lukt het scannen niet? Download de Roblox-app op je mobiele apparaat en ga naar Instellingen > Accountgegevens
Amp.FAEUpsell.Modal.QRCode.Title,Een leeftijdscontrole voltooien met de mobiele app
Amp.IDVErrorScreen.Close,
Amp.IDVErrorScreen.Declined,"Sorry, je verificatie is om veiligheidsredenen geweigerd. Als je het opnieuw wilt proberen, kom dan over een paar dagen terug."
Amp.IDVErrorScreen.Retry,Er is iets misgegaan. Vernieuw de pagina en probeer het opnieuw.
Amp.IDVErrorScreen.Timeout,"Sorry, het verificatieproces duurde te lang. Vernieuw de pagina en probeer het opnieuw."
Amp.IDVErrorScreen.Title,Verificatie mislukt
Amp.IDVUpsell.Button.Cancel,
Amp.IDVUpsell.Button.StartVerification,Verificatie starten
Amp.IDVUpsell.Directions.IDBody,"Rijbewijs, paspoort, identiteitskaart, verblijfsvergunning"
Amp.IDVUpsell.Directions.IDHeader,Zorg voor een geldig identiteitsbewijs
Amp.IDVUpsell.Directions.PhoneBody,Je hebt een smartphone nodig om door te gaan
Amp.IDVUpsell.Directions.PhoneHeader,Gebruik een smartphone
Amp.IDVUpsell.Modal.Disclaimer,"Let op: je staat op het punt je leeftijd te verifiëren via onze externe serviceprovider. De informatie die tijdens dit proces wordt verzameld, wordt gebruikt om je account te beveiligen en/of Roblox-functies in te schakelen."
Amp.IDVUpsell.Modal.PrivacyLinkText,Roblox-kennisgeving over biometrische privacy
Amp.IDVUpsell.Modal.QRHeaderText,Scan de QR-code om te beginnen
Amp.IDVUpsell.Modal.Title,Leeftijdsverificatie vereist
Amp.IDVUpsell.PrivacyPageHeader,Privacybeleid
Amp.Upsell.Action.AskNow,Nu vragen
Amp.Upsell.Description.PrologueEnablePurchase,Vanwege regionale beperkingen heb je ouderlijke toestemming nodig om deze aankoop te doen.
Amp.Upsell.Description.PrologueJoinExperience,"Om deel te nemen aan deze ervaring, heb je ouderlijke toestemming nodig."
Amp.Upsell.Description.PrologueTextVpc,Je hebt ouderlijke toestemming nodig.
Amp.Upsell.Description.PrologueUnblockUser,"Om {displayName} te deblokkeren, heb je ouderlijke toestemming nodig"
Amp.Upsell.Message.EmailSent,We hebben een e-mail gestuurd naar {parentEmail}
Amp.Upsell.Message.EmailSentPluralParent,We hebben een e-mail gestuurd naar je gekoppelde ouders
Amp.Upsell.Title.AskYourParent,Vraag het aan je ouder
Amp.Upsell.Title.RequestSent,Verzoek verzonden
Authentication.AccountSwitch.Action.SwitchAccount,Van account wisselen
Authentication.AccountSwitch.Header.SwitchAccountSentenceCase,
Authentication.CrossDevice.Heading.QuickLogin,Snel aanmelden
Authentication.Login.Action.QuickSignIn,
Authentication.Login.Action.Save,Opslaan
Authentication.Login.Button.CloseAndSwitchPlatformAccount,Roblox afsluiten om van account te wisselen voor {platformAccountName}
Authentication.Login.Button.UseDifferentRobloxAccount,Een ander Roblox-account gebruiken
Authentication.Login.Error.PasskeyOnlyAccount,Voor je account is alleen een toegangssleutel ingesteld om je aan te melden. Probeer je aan te melden met je toegangssleutel of herstel je account.
Authentication.Login.Error.PlatformAccountConnectionFailure,Kan platformaccount niet verifiëren. Probeer het later opnieuw.
Authentication.Login.Heading.IncompatibleAccounts,Incompatibele accounts
Authentication.Login.Label.Email,E-mail
Authentication.Login.Label.LearnMore,Meer informatie
Authentication.Login.Label.Username,Gebruikersnaam
Authentication.Login.LinkIllegalChildAccountLinking,Dit Roblox-account kon niet worden gekoppeld aan een Xbox-kinderaccount. Probeer een ander account of controleer je instellingen.
Authentication.Login.Response.AlreadyLinked,Dit Roblox-account is al gekoppeld aan een ander account op {platform}. Probeer in te loggen met een ander Roblox-account.
Authentication.Login.Response.IncorrectEmailOrPassword,Onjuist e-mailadres of onjuist wachtwoord.
Authentication.Login.Response.IncorrectOtpCode,Je code is onjuist. Controleer het nogmaals en probeer het opnieuw.
Authentication.Login.Response.IncorrectPhoneOrPassword,Onjuist telefoonnummer of onjuist wachtwoord.
Authentication.Login.Response.IncorrectUsernamePassword,Onjuiste gebruikersnaam of onjuist wachtwoord.
Authentication.Login.Response.InvalidPasskeyCredential,Aanmelden lukt niet met deze toegangscode. Ga naar 'Wachtwoord of gebruikersnaam vergeten' om weer toegang te krijgen.
Authentication.Login.Response.MoreThanOneUsername,Je e-mailadres is gekoppeld aan meer dan één gebruikersnaam. Log in met je gebruikersnaam.
Authentication.Login.Response.PlatformAlreadyLinked,Dit {platform}-account is al gekoppeld aan een ander Roblox-account. Log in met het gekoppelde Roblox-account.
Authentication.Login.Response.RelinkingFreeze,Dit Roblox-account is in de afgelopen 90 dagen gekoppeld aan een ander account op {platform}. Probeer in te loggen met een ander Roblox-account.
Authentication.Login.Response.Require2FA,Tweestapsverificatie wordt niet ondersteund op de console. Volg de instructies aan de rechterkant om veilig in te loggen.
Authentication.Login.Response.Require2FAGeneric,De vereiste aanvullende verificatie wordt niet ondersteund op dit apparaat. Volg de instructies aan de rechterkant om veilig in te loggen.
Authentication.Login.Response.ServiceUnavailable,Service niet beschikbaar. Probeer het later opnieuw.
Authentication.Login.Response.SomethingWentWrong,
Authentication.Login.Response.UnknownErrorLoginWithDifferentMethod,Er is iets misgegaan. Probeer je op een andere manier aan te melden.
Authentication.Login.Response.UnverifiedEmailLoginWithUsername,Je e-mailadres is niet geverifieerd. Log in met je gebruikersnaam.
Authentication.Login.WeChat.AntiAddictionText,"Boycot slechte ervaringen, weiger illegale ervaringen. Wees voorzichtig en zorg dat je niet bedrogen wordt. Ervaringen bezoeken is goed voor je hersenen, maar te veel ervaringen bezoeken kan je gezondheid schaden. Let op de tijd die je aan ervaringen besteed en zorg voor een gezonde levensstijl."
Authentication.SignUp.Action.ApplyOnNextRespawn,Toepassen bij de volgende respawn
Authentication.SignUp.Action.Cancel,
Authentication.SignUp.Action.ExitModalLeave,Afsluiten
Authentication.SignUp.Action.RespawnNow,Nu respawnen
Authentication.SignUp.Action.StartPlay,Beginnen met spelen
Authentication.SignUp.Button.OKCaptialized,Oké
Authentication.SignUp.Button.RetryLogIn,Opnieuw proberen inloggen
Authentication.SignUp.Description.AccountAlreadyLinked,Je account op {platformAccountName} is al gekoppeld aan een Roblox-account. Probeer opnieuw in te loggen.
Authentication.SignUp.Description.BirthdayHint,Datum invoeren
Authentication.SignUp.Description.Try,Proberen
Authentication.SignUp.Description.UsernameChanged,"Alles is geregeld! Je account is klaar en gekoppeld aan {platform}. Respawn nu om je bijgewerkte gebruikersnaam in het spel te zien, anders wordt deze de volgende keer toegepast."
Authentication.SignUp.Description.UsernameUnchanged,Gelukt! Je account is klaar en gekoppeld aan{platform}. Chat met vrienden en speel miljoenen Roblox-spellen.
Authentication.SignUp.Description.VerificationLinkingText.VariableButtonName,"Je Roblox-account wordt gekoppeld aan je account op {platform}. Je kunt de koppeling op elk moment ongedaan maken via het scherm Instellingen. Er kan een afkoelperiode zijn voordat je kunt koppelen aan een ander account op {platform}. Door op {ctaButton} te klikken, ga je akkoord met de Gebruiksvoorwaarden, inclusief de arbitrageclausule, en erken je het Privacybeleid."
Authentication.SignUp.Header.OneLastThing,Nog één ding
Authentication.SignUp.Header.SetUpYourRobloxAccount,Je Roblox-account instellen
Authentication.SignUp.Heading.CountryCodeSelector,Land selecteren
Authentication.SignUp.Heading.RetryLogIn,
Authentication.SignUp.Label.Birthday,Verjaardag
Authentication.SignUp.Label.Continue,
Authentication.SignUp.Label.Day,Dag
Authentication.SignUp.Label.EnterYourEmail,Voer je e-mailadres in
Authentication.SignUp.Label.Error.MinimumAgeNotMet,Je moet ouder zijn om dit spel te spelen
Authentication.SignUp.Label.ErrorsWithPassword,Er zijn fouten in het wachtwoord.
Authentication.SignUp.Label.ErrorsWithUsername,Er zijn fouten in de gebruikersnaam.
Authentication.SignUp.Label.ExitModalSubtitle,"Je account is bijna gemaakt. Als je stopt, verlies je je voortgang."
Authentication.SignUp.Label.ExitModalTitle,Aanmaken van account afsluiten?
Authentication.SignUp.Label.Gender,Gender
Authentication.SignUp.Label.GenderFemale,Vrouw
Authentication.SignUp.Label.GenderMale,Man
Authentication.SignUp.Label.Month,Maand
Authentication.SignUp.Label.PasswordError1,Is ten minste 8 tekens lang
Authentication.SignUp.Label.PasswordError2,Is niet hetzelfde als de gebruikersnaam
Authentication.SignUp.Label.PasswordError2.V2,
Authentication.SignUp.Label.PasswordError3,Is geen eenvoudig wachtwoord
Authentication.SignUp.Label.PasswordError3.V2,
Authentication.SignUp.Label.PasswordPlaceholder,Ten minste 8 tekens
Authentication.SignUp.Label.SelectBirthdaySentenceCase,Verjaardag selecteren
Authentication.SignUp.Label.UsernameError1,"Bevat alleen letters, cijfers en _"
Authentication.SignUp.Label.UsernameError2,Is tussen de 3 en 20 tekens lang
Authentication.SignUp.Label.UsernameError3,Is nog niet in gebruik
Authentication.SignUp.Label.UsernameError4,Is geschikt voor Roblox
Authentication.SignUp.Label.UsernameError5,Begint of eindigt niet met _
Authentication.SignUp.Label.UsernameError6,Bevat maximaal één _
Authentication.SignUp.Label.UsernameError7,Bevat geen persoonlijke gegevens
Authentication.SignUp.Label.Year,Jaar
Authentication.SignUp.Message.Username.NoRealNameUse,Gebruik niet je echte naam
Authentication.SignUp.PasswordErrorLength,Is tussen de 8 en 200 tekens lang
Authentication.SignUp.Response.BirthdayMustBeSetFirst,Verjaardag moet eerst worden ingesteld.
Authentication.SignUp.Response.ErrorTryAgain,
Authentication.SignUp.Response.ErrorTryAgain2,Er is iets misgegaan. Probeer het nog een keer.
Authentication.SignUp.Response.InvalidBirthday,Ongeldige verjaardag.
Authentication.SignUp.Response.InvalidEmail,Ongeldig e-mailadres.
Authentication.SignUp.Response.PasswordComplexity,Maak een complexer wachtwoord aan.
Authentication.SignUp.Response.UsernameMustBeSetFirst,Gebruikersnaam moet eerst worden ingesteld.
Authentication.SignUp.Subtitle.AddYourBirthday,Voeg je verjaardag toe om je Roblox-account te maken.
Authentication.SignUp.Subtitle.YourProgressCarriesOver,Je voortgang wordt overgenomen wanneer je de instelling voltooit.
Authentication.TwoStepVerification.Action.GoToSecurity,Instellingen
Authentication.TwoStepVerification.Label.TwoStepRequired,Voor deze transactie is tweestapsverificatie vereist. Ga naar Instellingen > Beveiliging om de transactie met tweestapsverificatie uit te voeren.
Authentication.TwoStepVerification.Response.TooManyAttempts,Te veel pogingen. Probeer het later opnieuw.
Authentication.TwoStepVerification.Title.VerificationRequired,Verificatie vereist
AvatarGeneration.SelfieConsent.AgreeButton,Akkoord
AvatarGeneration.SelfieConsent.BodyTextLink,"Als je een afbeelding uploadt, bevestig je dat je het recht hebt om deze te gebruiken en stem je ermee in dat Roblox een door AI gegenereerde afbeelding ervan maakt, gebruikt en deelt met makers zodat zij een avatar kunnen maken."
AvatarGeneration.SelfieConsent.CancelButton,
AvatarGeneration.SelfieConsent.PrivacyLinkText,
AvatarGeneration.SelfieConsent.QRBody,{fontStart}Gebruik je telefoon om de QR-code te scannen en een selfie te maken.{fontEnd}
AvatarGeneration.SelfieConsent.QRErrorBody,{fontStart}Start het spel of de ervaring opnieuw om een nieuwe QR-code te krijgen.{fontEnd}
AvatarGeneration.SelfieConsent.QRErrorTitle,{fontStart}De sessie is verlopen{fontEnd}
AvatarGeneration.SelfieConsent.QRTitle,{fontStart}Scan de QR-code om aan de slag te gaan{fontEnd}
AvatarGeneration.SelfieConsent.Title,Afbeelding gebruiken om mijn avatar te genereren.
Common.GameSorts.Label.Favorites,Favorieten
Common.Presence.Label.InExperience,In een ervaring
Common.Presence.Label.Invisible,Onzichtbaar
Common.Presence.Label.Offline,Offline
Common.Presence.Label.Online,Online
Common.Presence.Label.RobloxStudio,Roblox Studio
Common.UGCValidation.ErrorLabel.AQSFail_AnimationTooLong,De animatie is te lang ({duration} seconden). Emote-animaties mogen maximaal {maxLength} seconden duren.
Common.UGCValidation.ErrorLabel.AQSFail_AnimationTooShort,De animatie is te kort ({duration} seconden). Emote-animaties moeten langer zijn dan {minLength} seconden.
Common.UGCValidation.ErrorLabel.AQSFail_CagePartPlacement,Schending van de plaatsing van het kooideel in {cageName}: {upperPart} is niet correct geplaatst boven {lowerPart}.
Common.UGCValidation.ErrorLabel.AQSFail_CagePartVertexCount,"Kooideel {partName} in {cageName} heeft {actualCount} vertices, terwijl er ongeveer {expectedCount} worden verwacht. Dit kan wijzen op ontbrekende of gedupliceerde geometrie in dat lichaamsgebied."
Common.UGCValidation.ErrorLabel.AQSFail_CageUV,"De {cage_name} heeft onjuiste UV-waarden die niet overeenkomen met het sjabloon. {incorrect_uv_count} onjuiste UV's ({unreferenced_vertex_count} zonder referentie, {non_template_uv_count} niet-sjabloon, {duplicate_mapping_count} dubbele toewijzingen), {unmatched_template_count} niet-overeenkomende sjabloonvertices. Corrigeer de kooi-UV, zodat deze overeenkomt met het sjabloon."
Common.UGCValidation.ErrorLabel.AQSFail_MeshIslandML,Je lichaam bevat kleine niet-verbonden mesh-componenten (mesheilanden). Verwijder de zwevende geometrie en zorg ervoor dat alle mesh-onderdelen goed zijn verbonden.
Common.UGCValidation.ErrorLabel.AQSFail_TooManyDisconnectedComponents,"{partName} heeft {num_disconnected_components} niet-verbonden componenten, wat het maximum van {max_disconnected_components} overschrijdt."
Common.UGCValidation.ErrorLabel.AQSInternalError,"De validatie kan niet worden voltooid vanwege een interne fout. Controleer of de invoergegevens correct zijn en probeer het opnieuw, of dien een bugrapport in."
Common.UGCValidation.ErrorLabel.AQSWarn_CageMeshDistance,"De buitenste kooi volgt de weergavemesh niet nauwkeurig. De maximale afstand tussen de buitenste kooi en de mesh is {max_distance}, en {negative_sdf_percent}% van de hoekpunten van de buitenste kooi bevinden zich binnen de weergavemesh."
Common.UGCValidation.ErrorLabel.AQSWarn_CageMeshDistanceAvatar,"De lichaamskooi volgt de lichaamsmesh niet nauwkeurig. De maximale afstand tussen de lichaamskooi en de mesh is {max_distance}, en {negative_sdf_percent}% van de hoekpunten van de lichaamskooi bevinden zich binnen de lichaamsmesh."
Common.UGCValidation.ErrorLabel.AQSWarn_CageMeshDistanceHead,"De hoofdkooi volgt de hoofdmesh niet nauwkeurig. De maximale afstand tussen de hoofdkooi en de mesh is {max_distance}, en {negative_sdf_percent}% van de hoekpunten van de hoofdkooi bevinden zich binnen de hoofdmesh."
Common.UGCValidation.ErrorLabel.AQSWarn_CageRelevancy,"{irrelevant_percent}% van de gewijzigde hoekpunten van de buitenste kooi bedekken het accessoire niet. Pas de kooi aan, zodat deze beter past bij de vorm van het accessoire."
Common.UGCValidation.ErrorLabel.AQSWarn_CageUV,"De {cage_name} heeft onjuiste UV-waarden. {incorrect_uv_count} onjuiste UV's ({unreferenced_vertex_count} zonder referentie, {non_template_uv_count} niet-sjabloon, {duplicate_mapping_count} dubbele toewijzingen), {unmatched_template_count} niet-overeenkomende sjabloonvertices."
Common.UGCValidation.ErrorLabel.AQSWarn_DegenTriangles,{partName} heeft {degenerate_triangle_percent}% onjuiste driehoeken.
Common.UGCValidation.ErrorLabel.AQSWarn_DynamicHead,"Het Dynamische hoofd heeft problemen met de kwaliteit van de uitdrukkingen. Linkeroog gesloten: {left_eye_close}, rechteroog gesloten: {right_eye_close}, mond open: {mouth_open}, blij: {is_happy}, verdrietig: {is_sad}."
Common.UGCValidation.ErrorLabel.AQSWarn_JointNumber,"Onverwachte gewricht-configuratie. Totaal aantal gewrichten: {joint_number}, gewrichten linkerhand: {left_hand_joint_number}, gewrichten rechterhand: {right_hand_joint_number}."
Common.UGCValidation.ErrorLabel.AQSWarn_MeshIslandVolume,{partName} heeft {num_small_volume_islands} kleine niet-verbonden mesheilanden van de {num_disconnected_components} componenten in totaal. Verwijder de zwevende geometrie.
Common.UGCValidation.ErrorLabel.AQSWarn_MeshManifold,"{partName} heeft een niet-manifoldgeometrie. Controleer op niet-vlakke vlakken, zelfsnijdende oppervlakken of randen die door meer dan twee vlakken worden gedeeld."
Common.UGCValidation.ErrorLabel.AQSWarn_MeshNotWatertight,{partName}-mesh is niet waterdicht ({boundary_edges_percent}% grensranden).
Common.UGCValidation.ErrorLabel.AQSWarn_MeshOutsideOuterCage,{mesh_outside_outer_cage_percent}% van de mesh-hoekpunten bevinden zich buiten de buitenste kooi. Pas de buitenste kooi aan zodat deze de weergavemesh volledig omsluit.
Common.UGCValidation.ErrorLabel.AQSWarn_MissingData,De validatiegegevens voor {measureName} kon niet worden berekend omdat de invoergegevens onvolledig of ongeldig waren. Dit blokkeert je upload niet.
Common.UGCValidation.ErrorLabel.AQSWarn_TextureComplexity,Textuur {textureName} heeft een lage complexiteit. De textuur heeft mogelijk onvoldoende detail of variatie.
Common.UGCValidation.ErrorLabel.AQSWarn_TextureResolution,Textuur {textureName} heeft een lage resolutie van {texture_width}x{texture_height}. Overweeg om een textuur met een hogere resolutie te gebruiken.
Common.UGCValidation.ErrorLabel.AQSWarn_TriangleIntersection,Assetkwaliteit: {partName} heeft {intersecting_tri_face_percent}% kruisende driehoekige faces (score: {score}).
Common.UGCValidation.ErrorLabel.AQSWarn_UVBound,"{partName} heeft {uv_outside_bound_vert_percent}% UV-hoekpunten buiten de grenzen [0,1]."
Common.UGCValidation.ErrorLabel.AQSWarn_VertexSimilarity,Assetkwaliteit: {partName} heeft {similar_vertex_percent}% vergelijkbare hoekpunten (score: {score}).
Common.UGCValidation.ErrorLabel.AccessoryAttachmentOutOfBounds,Accessoirebevestiging '{AttachmentName}' in '{PartName}' moet dicht bij het oppervlak van het mesh worden geplaatst. De huidige positie [{CurrentPosition}] bevindt zich buiten het geldige gebied. Verplaats het dichter bij [{ClosestValidPosition}].
Common.UGCValidation.ErrorLabel.AccessorySkinning_ExtraJoint,"Handle is geskinned naar joint{jointName}, die geen deel uitmaakt van het toegestane schema. Alleen standaard R15-joints en skinning-overdrachtsjoints zijn toegestaan."
Common.UGCValidation.ErrorLabel.AccessorySkinning_MissingTransferJoint,"{assetType} moet skinning-overdracht gebruiken, maar je mist de vereiste joint {requiredJointName}."
Common.UGCValidation.ErrorLabel.AccessorySkinning_NotLeaderOrFollower,"Handle is geskinned naar joint {jointName}, maar dit item moet automatisch geskinned zijn. Je mag alleen skinnen naar {validJointNameList}."
Common.UGCValidation.ErrorLabel.AccessorySkinning_RequiredSkinningTransfer,"{assetType} moet skinning-overdracht gebruiken, stel WrapLayer.AutoSkin in op EnabledOverride."
Common.UGCValidation.ErrorLabel.AccessorySkinning_RigidIsSkinned,Het stijve accessoire heeft skinning-gegevens die niet worden ondersteund. Zorg ervoor dat botten niet met de mesh worden geïmporteerd
Common.UGCValidation.ErrorLabel.AccessorySkinning_TransferJointWithoutAutoSkin,"Handle bevat joint {jointName}, wat alleen is toegestaan wanneer WrapLayer.AutoSkin is ingesteld op EnabledOverride."
Common.UGCValidation.ErrorLabel.AccessorySkinning_WeightNotFull,Hoekpunten die zijn geskinned naar overdrachtsjoints moeten volledig gewogen zijn.
Common.UGCValidation.ErrorLabel.AnimationPack_DuplicateAnimationId,De animatiebundel bevat een dubbele animatie-ID '{animationId}' die door meerdere clips wordt gebruikt: {instancePaths}. Elke animatieclip moet naar een uniek animatie-item verwijzen.
Common.UGCValidation.ErrorLabel.AnimationPack_InvalidR15AnimChildren,In de animatiepakketbundel ontbreekt (ontbreken) het (de) verwachte animatietype(s): {missingAnimationTypes}. Elk animatietype moet één R15Anim-map hebben die precies de verwachte StringValue-child-items bevat.
Common.UGCValidation.ErrorLabel.Animation_WeightNotPositive,"Animatie '{animationName}' heeft een gewichtswaarde van {weight}, maar het gewicht moet groter zijn dan 0. Corrigeer de animatie."
Common.UGCValidation.ErrorLabel.AssetSchemaMissingItem,Kan vereiste {ExpectedClass} met de naam {ExpectedName} niet vinden in {ParentPath}
Common.UGCValidation.ErrorLabel.AssetSchemaUnexpectedItems,De volgende instanties maken geen deel uit van het goedgekeurde schema en moeten worden verwijderd: {UnexpectedDescendantPaths}.
Common.UGCValidation.ErrorLabel.AssetSchemaWrongRootClass,"Geüpload item moet een {ExpectedClass} zijn, maar is een {RootClass}."
Common.UGCValidation.ErrorLabel.AssetSchemaWrongRootName,"Geüpload item moet de naam {ExpectedClass} hebben, maar heeft in plaats daarvan de naam {RootClass}."
Common.UGCValidation.ErrorLabel.ContentNotEditable,{InstanceFullName}. {FieldName} bevat nog steeds niet-opgeslagen bewerkbare content. Sla deze op als een asset voordat je publiceert en probeer het opnieuw.
Common.UGCValidation.ErrorLabel.CurveAnim_BodyPartHasPosition,Lichaamsdeel '{bodyPartName}' in CurveAnimation heeft een Positie-track (translatie). Lichaamsdelen in animatie mogen alleen worden geroteerd; positie-tracks zijn niet toegestaan. Verwijder de Positie-track van dit lichaamsdeel.
Common.UGCValidation.ErrorLabel.CurveAnim_BodyPartTranslationExceedsThreshold,Lichaamsdeel '{bodyPartName}' in CurveAnimation beweegt {distance} studs vanaf de startpositie. De maximaal toegestane translatie is {maxDistance} studs. Verminder de positieverplaatsing van het lichaamsdeel.
Common.UGCValidation.ErrorLabel.CurveAnim_BodyPartWithBoneHasPosition,"CurveAnimation bevat HRD/DRD-botten en lichaamsdeel '{bodyPartName}' heeft een Position-track (translatie). Wanneer er botten aanwezig zijn in de animatie, mogen er geen lichaamsdelen translateren om joint-scheiding te voorkomen. Verwijder alle Positie-tracks van lichaamsdelen."
Common.UGCValidation.ErrorLabel.CurveAnim_BonePositionNotAllowed,Bot {boneName} in CurveAnimation heeft een positie-track (translatie). HRD/DRD-botten mogen alleen worden geroteerd; positie-tracks veroorzaken joint-scheiding en zijn niet toegestaan. Verwijder de positie-animatie van dit bot.
Common.UGCValidation.ErrorLabel.CurveAnim_BoneTranslationExceedsThreshold,Bot '{boneName}' in CurveAnimation beweegt {distance} studs vanaf de startpositie. De maximaal toegestane translatie is {maxDistance} studs. Verminder de positieverplaatsing van het bot.
Common.UGCValidation.ErrorLabel.CurveAnim_BonesNotAllowed,CurveAnimation bevat HRD/DRD-botmappen die nog niet worden ondersteund. Verwijder alle botsubmappen voordat je gaat uploaden.
Common.UGCValidation.ErrorLabel.CurveAnim_BoundsExceeded,Lichaamsdelen in een CurveAnimation mogen niet lager zijn dan {minHeight} studs of meer dan {maxDistance} studs van het HumanoidRootPart verwijderd zijn. Corrigeer de animatie.
Common.UGCValidation.ErrorLabel.CurveAnim_ChildrenOnMarkerOrRig,CurveAnimation-child-MarkerCurves en AnimationRigData mogen geen child-items hebben
Common.UGCValidation.ErrorLabel.CurveAnim_ContainsScripts,"De CurveAnimation-hiërarchie bevat Scripts, LocalScripts of ModuleScripts. Verwijder ze."
Common.UGCValidation.ErrorLabel.CurveAnim_DuplicateBodyPartFolder,CurveAnimation bevat een dubbele lichaamsdeelmap '{bodyPartName}' op '{instancePath}'. Elk lichaamsdeel mag maximaal één keer voorkomen in de animatiehiërarchie.
Common.UGCValidation.ErrorLabel.CurveAnim_FetchFailed,Het laden van CurveAnimation-gegevens is mislukt. Het animatie-asset is mogelijk ongeldig of ontoegankelijk.
Common.UGCValidation.ErrorLabel.CurveAnim_InvalidBodyPartHierarchy,CurveAnimation bevat de lichaamsdeelmap {folderName} met een ongeldige hiërarchie (deze heeft child-items die niet zijn toegestaan of onjuist zijn ingesteld)
Common.UGCValidation.ErrorLabel.CurveAnim_InvalidBoneName,"Map '{boneName}' in CurveAnimation is geen herkende HRD/DRD-botnaam. Submappen van animaties moeten geldige R15-lichaamsdelen of herkende botnamen zijn (bijv. HeadBase, Spine, Chest, LeftClavicle, RightClavicle, LeftToeBase, RightToeBase of vingerbotten zoals LeftHandIndex1)."
Common.UGCValidation.ErrorLabel.CurveAnim_InvalidCurveData,CurveAnimation bevat Curves met ongeldige tijd of waarde. Corrigeer de animatie.
Common.UGCValidation.ErrorLabel.CurveAnim_InvalidInstanceTypes,CurveAnimation-hiërarchie mag alleen {allowedTypes} bevatten. Verwijder alle andere instantietypes.
Common.UGCValidation.ErrorLabel.CurveAnim_InvalidLength,CurveAnimation moet tussen {minLength} en {maxLength} seconden lang zijn. Corrigeer de animatie.
Common.UGCValidation.ErrorLabel.CurveAnim_InvalidMarkerData,"CurveAnimation bevat MarkerCurves met een ongeldige tijd of waarde, of de waarde is te lang. Corrigeer de animatie."
Common.UGCValidation.ErrorLabel.CurveAnim_InvalidNumericalData,CurveAnimation bevat Curves met ongeldige numerieke gegevens. Corrigeer de animatie.
Common.UGCValidation.ErrorLabel.CurveAnim_InvalidRigData,AnimationRigData is niet geslaagd voor de interne validatie. Zorg ervoor dat de AnimationRigData correct is ingesteld.
Common.UGCValidation.ErrorLabel.CurveAnim_InvalidRigDataR15Plus,AnimationRigData is niet geslaagd voor de interne R15+-validatie. Zorg ervoor dat de AnimationRigData correct is ingesteld voor botanimaties.
Common.UGCValidation.ErrorLabel.CurveAnim_InvalidTags,CurveAnimation mag slechts één tijdstempeltag bevatten. Verwijder alle andere tags.
Common.UGCValidation.ErrorLabel.CurveAnim_JointRotationExceeded,In CurveAnimation op tijd {time} seconden heeft joint {bodyPart} een rotatiehoek van {rotation} graden ten opzichte van de rusthouding. De maximaal toegestane hoek is {maxRotation} graden. Corrigeer de animatie.
Common.UGCValidation.ErrorLabel.CurveAnim_KeysTooClose,CurveAnimation bevat Curve {curvePath} met sleutels die te dicht bij elkaar in de tijd liggen voor een animatie van maximaal {maxFPS} fps. Corrigeer de animatie.
Common.UGCValidation.ErrorLabel.CurveAnim_LoopingNotEnabled,"Voor CurveAnimation '{animationName}' is Loop niet ingeschakeld. Animaties die naar de marktplaats worden geüpload, moeten in een loop staan. Schakel de property Loop in."
Common.UGCValidation.ErrorLabel.CurveAnim_MultipleBodyRoots,CurveAnimation bevat meer dan één lichaamsdeel of HumanoidRootPart-map-child-items. Zorg ervoor dat er slechts één child-map is vernoemd naar een lichaamsdeel of HumanoidRootPart.
Common.UGCValidation.ErrorLabel.CurveAnim_MultipleRigData,CurveAnimation bevat meer dan één AnimationRigData-child-items. Zorg ervoor dat er slechts één AnimationRigData-child is.
Common.UGCValidation.ErrorLabel.CurveAnim_NegativeKeyTime,CurveAnimation bevat Curve {curvePath} met een sleutel die een negatieve tijd heeft. Corrigeer de animatie.
Common.UGCValidation.ErrorLabel.CurveAnim_NoBodyRoot,CurveAnimation bevat nul lichaamsdelen of HumanoidRootPart-map-child-items. Zorg ervoor dat er één (en slechts één) child-map is vernoemd naar een lichaamsdeel of HumanoidRootPart.
Common.UGCValidation.ErrorLabel.CurveAnim_NoJointManipulation,CurveAnimation bevat geen gewrichtsmanipulatie.
Common.UGCValidation.ErrorLabel.CurveAnim_NoRigData,CurveAnimation bevat nul AnimationRigData-child-items. Zorg ervoor dat er één (en slechts één) AnimationRigData-child is.
Common.UGCValidation.ErrorLabel.CurveAnim_NotCurveAnimation,De Animatie waarnaar wordt verwezen is geen CurveAnimation. Zorg ervoor dat de animatie correct is geüpload.
Common.UGCValidation.ErrorLabel.CurveAnim_PartTooFar,In CurveAnimation op tijd {time} seconden bevindt lichaamsdeel {bodyPart} zich op {distance} studs van het HumanoidRootPart. Lichaamsdelen mogen niet meer dan {maxDistance} studs van het HumanoidRootPart verwijderd zijn. Corrigeer de animatie.
Common.UGCValidation.ErrorLabel.CurveAnim_PartTooLow,In CurveAnimation op tijd {time} seconden bevindt lichaamsdeel {bodyPart}zich op een hoogte van {height} studs van het HumanoidRootPart. Lichaamsdelen mogen niet lager zijn dan {minHeight} studs van het HumanoidRootPart. Corrigeer de animatie.
Common.UGCValidation.ErrorLabel.CurveAnim_PositionSeparation,CurveAnimation bevat positionele scheiding van lichaamsdelen. Alleen LowerTorso kan van positie veranderen. Alle andere lichaamsdelen kunnen alleen hun oriëntatie veranderen. {bodyPart} beweegt meer dan {maxMovement} studs van zijn parent. Corrigeer de animatie.
Common.UGCValidation.ErrorLabel.CurveAnim_RotationTooFast,In CurveAnimation op tijd {time} seconden beweegt lichaamsdeel {bodyPart} met een rotatiesnelheid van {speed} graden/seconde. {maxSpeed} is de maximale snelheid in graden/seconde. Corrigeer de animatie.
Common.UGCValidation.ErrorLabel.CurveAnim_SpeedTooFast,In CurveAnimation op tijd {time} seconden beweegt lichaamsdeel {bodyPart} met een snelheid van {speed} studs/seconde. {maxSpeed} is de maximale snelheid in studs/seconde. Corrigeer de animatie.
Common.UGCValidation.ErrorLabel.CurveAnim_SpeedTooFastLegacy,Lichaamsdeel {bodyPart} in CurveAnimation beweegt meer dan {maxMovement} studs tussen frames. Corrigeer de animatie.
Common.UGCValidation.ErrorLabel.CurveAnim_StrictSchemaViolation,De CurveAnimation-structuur is ongeldig: {detail}. Zorg ervoor dat de animatie het verwachte schema volgt.
Common.UGCValidation.ErrorLabel.CurveAnim_TooManyDescendants,CurveAnimation heeft {count} descendants. Het maximaal toegestane aantal is {maxAllowed}. Verminder het aantal descendants.
Common.UGCValidation.ErrorLabel.CurveAnim_TooManyKeys,CurveAnimation bevat Curves met te veel sleutels. {maxAllowed} is het maximum per Curve. Corrigeer de animatie.
Common.UGCValidation.ErrorLabel.CurveAnim_TooManyMarkerCurves,CurveAnimation bevat meer dan {maxAllowed} MarkerCurve(s). Zorg ervoor dat er niet meer dan {maxAllowed} MarkerCurve-descendant(s) zijn.
Common.UGCValidation.ErrorLabel.CurveAnim_TooManyMarkers,CurveAnimation bevat een MarkerCurve met {count} markers. {maxAllowed} is het maximum per MarkerCurve. Corrigeer de animatie.
Common.UGCValidation.ErrorLabel.CurveAnim_UnexpectedChild,CurveAnimation bevat een onverwacht child: {childName}
Common.UGCValidation.ErrorLabel.DynamicHeadCageMisaligned,"Dynamische hoofden op de marktplaats moeten de juiste cage hebben, zodat de oog- en mondhoekpunten op de cage overeenkomen met de mesh-hoekpunten. Verbeter je cage en de uitlijning ervan met de mesh."
Common.UGCValidation.ErrorLabel.DynamicHeadHappyNotShown,Kan de glimlachuitdrukking van het Dynamische hoofd niet detecteren. Pas de cage-landmarks voor de mond aan zodat ze overeenkomen met de positie van de mond op het hoofd en zorg dat deze een glimlachuitdrukking kan weergeven.
Common.UGCValidation.ErrorLabel.DynamicHeadLeftEyeNotClose,Kan de uitdrukking voor het sluiten van het linkeroog van het Dynamische hoofd niet detecteren. Pas de cage-landmarks voor het linkeroog aan zodat ze overeenkomen met de positie van het linkeroog op het hoofd en zorg dat het oog kan worden gesloten.
Common.UGCValidation.ErrorLabel.DynamicHeadMISSINGCAGE,Dynamische hoofden op de marktplaats hebben geen hoofdcages. Maak een hoofdcage voor het dynamische hoofd.
Common.UGCValidation.ErrorLabel.DynamicHeadMouthNotOpen,Kan de uitdrukking voor het openen van de mond van het Dynamische hoofd niet detecteren. Pas de cage-landmarks voor de mond aan zodat ze overeenkomen met de positie van de mond op het hoofd en zorg dat de mond kan worden geopend.
Common.UGCValidation.ErrorLabel.DynamicHeadNOFACS,"Dynamische hoofden op de marktplaats moeten geanimeerd zijn, maar dit hoofd heeft geen FACS-gegevens."
Common.UGCValidation.ErrorLabel.DynamicHeadRightEyeNotClose,Kan de uitdrukking voor het sluiten van het rechteroog van het Dynamische hoofd niet detecteren. Pas de cage-landmarks voor het rechteroog aan zodat ze overeenkomen met de positie van het rechteroog op het hoofd en zorg dat het oog kan worden gesloten.
Common.UGCValidation.ErrorLabel.DynamicHeadSadNotShown,Kan de fronsuitdrukking van het Dynamische hoofd niet detecteren. Pas de cage-landmarks voor de mond aan zodat ze overeenkomen met de positie van de mond op het hoofd en zorg dat de fronsuitdrukking kan worden getoond.
Common.UGCValidation.ErrorLabel.EmissiveArea_AboveThreshold,Emissief gebied boven de drempel.
Common.UGCValidation.ErrorLabel.EmissiveArea_AboveThresholdNew,"{meshName} straalt te veel. Het stralende gebied × de intensiteit overschrijdt de limiet (momenteel {emissivePercentage}%, moet {maxEmissivePercentage}% of minder zijn). Verklein het stralende gebied of verlaag de EmissiveStrength."
Common.UGCValidation.ErrorLabel.EmissiveArea_SurfaceAreaExceeded,Emissief gebied overschreden.
Common.UGCValidation.ErrorLabel.EmissiveArea_SurfaceAreaExceededNew,"{assetTypeName} straalt te veel. Het stralende gebied × de intensiteit overschrijdt de limiet (momenteel {emissiveArea}, moet {maxEmissiveArea} of minder zijn). Verklein het stralende gebied of verlaag de EmissiveStrength."
Common.UGCValidation.ErrorLabel.EmissiveMap_NotAllowed,Dit item maakt gebruik van emissieve maps die alleen beschikbaar zijn voor makers in het Trusted Creator-programma. Verwijder alle inhoud van emissieve maps of word lid van het programma voordat je gaat uploaden.
Common.UGCValidation.ErrorLabel.EmoteAnimation_InvalidMaxPartTranslationAttribute,Er ontbreekt een geldige maximale translatiewaarde van het onderdeel in de gepubliceerde animatie. Publiceer de animatie opnieuw.
Common.UGCValidation.ErrorLabel.EmoteAnimation_InvalidUGCAttribute,Er ontbreekt een geldige UGC-emotemarker in de gepubliceerde animatie. Publiceer de animatie opnieuw.
Common.UGCValidation.ErrorLabel.EmoteAnimation_MaxPartTranslationCalcFailed,De maximale translatie van het onderdeel kon niet worden berekend op basis van de gepubliceerde animatiegegevens. Publiceer de animatie opnieuw.
Common.UGCValidation.ErrorLabel.EmoteAnimation_MaxPartTranslationMismatch,"De gepubliceerde animatie geeft een maximale translatie van het onderdeel van {taggedTranslation} studs aan, maar de animatiegegevens berekenen {calculatedTranslation} studs. Publiceer de animatie opnieuw."
Common.UGCValidation.ErrorLabel.Extents_HeadBelowTorso,"Het hoofd moet boven UpperTorso worden geplaatst. Het middelpunt van het hoofd bevindt zich onder de bovenkant van de romp, wat aangeeft dat de hoofdmesh is ingeklapt of verkeerd is geplaatst."
Common.UGCValidation.ErrorLabel.FaceControlsOverrideFACSNotEmpty,De eigenschap InternalOverrideFACSData op FaceControls moet leeg zijn bij het uploaden.
Common.UGCValidation.ErrorLabel.FacsExpandsHead,"Er is gedetecteerd dat FACS je hoofd vergroot tot {modPercent}%, maar het wijzigen van het hoofd is in strijd met het marktplaatsbeleid voor gezichtsanimaties."
Common.UGCValidation.ErrorLabel.FacsShrinksHead,"Er is gedetecteerd dat FACS je hoofd verkleint tot {modPercent}%, maar het wijzigen van het hoofd is in strijd met het marktplaatsbeleid voor gezichtsanimaties."
Common.UGCValidation.ErrorLabel.FolderStructureMismatch,Het uploadformaat komt niet overeen met de verwachte mappenstructuur. Probeer het opnieuw of dien een bugrapport in.
Common.UGCValidation.ErrorLabel.HrdBone_OutOfBounds,"Bot {bonePath} is te ver buiten het mesh-onderdeel {partName}, plaats het dichter bij de grens van de mesh-onderdeelgrootte."
Common.UGCValidation.ErrorLabel.HrdBone_TooCloseToParent,Bot {bonePath} is te dicht bij zijn parent. Pas de positie van het bot enigszins aan.
Common.UGCValidation.ErrorLabel.HrdBone_TransformNotIdentity,"Bot {bonePath} heeft een transform-property, maar deze is nog niet ingeschakeld voor marktplaatsuploads. Stel deze opnieuw in op de identiteit CFrame."
Common.UGCValidation.ErrorLabel.HrdCheck_BoneNotMappedInHRD,"Bot {boneName} is toegestaan, maar je moet het expliciet in kaart brengen in de HumanoidRigDescription of DigitsRigDescription."
Common.UGCValidation.ErrorLabel.HrdCheck_BoneWithoutHrd,"Bot gevonden op {bonePath}, maar je moet HumanoidRigDescription gebruiken om Botten te gebruiken."
Common.UGCValidation.ErrorLabel.HrdCheck_DrdInvalidSide,"DigitsRigDescription binnen {partName} moet voor de {expectedSide} kant zijn, maar de property-waarde is {foundSide}."
Common.UGCValidation.ErrorLabel.HrdCheck_DrdWithoutHrd,Je kunt geen DigitsRigDescription opnemen zonder een HumanoidRigDescription
Common.UGCValidation.ErrorLabel.HrdCheck_DuplicateInstance,"Instantie {instName} komt meer dan één keer voor, maar mag slechts één keer bestaan binnen een bottenhiërarchie."
Common.UGCValidation.ErrorLabel.HrdCheck_ImproperParent,"Instantie {instName} bevindt zich onder {parentName}, maar op basis van je bestaande Botten zou deze zich onder {expectedParentName} moeten bevinden."
Common.UGCValidation.ErrorLabel.HrdCheck_TempR15BonesUploadNotAllowed,HumanoidRigDescription en extra botten zijn nog niet ingeschakeld voor lichaamuploads.
Common.UGCValidation.ErrorLabel.HrdCheck_UndefinedInstanceInBoneTree,"Instantie {instName} van klasse {className} bevindt zich in een bottenboom, maar maakt geen deel uit van het gedefinieerde R15plus-schema."
Common.UGCValidation.ErrorLabel.HrdImproperJointMapping,Optionele joint {jointName} is onjuist toegewezen in de HRD. Deze moet worden toegewezen aan een bot met de naam {boneName}.
Common.UGCValidation.ErrorLabel.HrdMissingStandardJoint,"Joint {jointName} is een standaard R15-joint, maar de rig-attachment is niet verbonden met de HRD. Zorg ervoor dat de HRD onder je avatar is gekoppeld aan een AttachmentConstraint in plaats van Motor6d."
Common.UGCValidation.ErrorLabel.HrdProperties_MinAboveMax,"{jointName} heeft een bereik ingesteld in de HRD, maar er is een component in het minimale bereik dat groter is dan het maximale bereik, wat geen geldig bereik is."
Common.UGCValidation.ErrorLabel.HrdProperties_OriginOutsideBounds,HumanoidRigDescription heeft een originOffset buiten de grenzen. OriginOffset mag geen rotatie hebben en moet binnen {valueMin} en {valueMax} vallen.
Common.UGCValidation.ErrorLabel.HrdProperties_PropertyOutOfRange,{jointName} {propertyName} is in de HRD/DRD ingesteld op {currentValue}. Het acceptabele bereik is {valueMin} tot {valueMax}.
Common.UGCValidation.ErrorLabel.HrdProperties_UncontainedJoint,"HRD-property {jointName} wordt aangehaald door de instantie binnen {foundMeshName}, maar dit maakt geen deel uit van de opgenomen lijst. Als je vanuit Studio publiceert en alleen de HRD/DRD op avatarniveau hebt, dien dan een bugrapport in."
Common.UGCValidation.ErrorLabel.HrdTposePosition,Joint {jointName} heeft een TposeAdjustment-positie buiten de aanvaardbare grenzen. Verminder de offset zodat deze binnen +-({offsetLimit}) valt.
Common.UGCValidation.ErrorLabel.HrdTposeRotation,Joint {jointName} heeft een TposeAdjustment die meer dan {degLimit} graden afwijkt van de aanbevolen oriëntatie {expectedOrientation}.
Common.UGCValidation.ErrorLabel.InstanceTagsFound,"De volgende instanties hebben tags, maar marktplaats-items mogen geen tags hebben: {ProblematicDescendantPaths}"
Common.UGCValidation.ErrorLabel.InternalError,"Je asset kon niet correct worden gevalideerd vanwege een interne fout. Als dit probleem zich blijft voordoen, maak dan een bugrapport aan. ValidationJobId: {ValidationJobId}"
Common.UGCValidation.ErrorLabel.JointRotAtt_Moved,"{instPath} is een verplaatste jointRotation, maar marktplaatsuploads passen deze instantie mogelijk nog niet aan. Stel de positie opnieuw in op {expectedPosition}."
Common.UGCValidation.ErrorLabel.JointRotAtt_MultipleAttachments,Instantie {parentPath} mag niet meer dan 1 JointRotation-kind hebben.
Common.UGCValidation.ErrorLabel.JointRotAtt_Rotated,"{instPath} is een geroteerde jointRotation, maar marktplaatsuploads passen deze instantie mogelijk nog niet aan. Stel de oriëntatie opnieuw in op {expectedOrientation}."
Common.UGCValidation.ErrorLabel.JointRotAtt_UnrecognizedParent,"Instantie {parentPath} heeft een JointRotation-kind, maar dit maakt geen deel uit van het toegestane R15plus-schema."
Common.UGCValidation.ErrorLabel.JointRotAtt_WrongInstanceClass,"Instantie {instPath} heet JointRotation, maar JointRotation is gereserveerd voor bijlagen die ondergeschikt zijn aan een bijlage."
Common.UGCValidation.ErrorLabel.LCDeformTooLarge,Je kleding in laagjes vervormt meer dan de aanvaardbare grootte van {maxSize} wanneer deze op een avatar wordt geplaatst.
Common.UGCValidation.ErrorLabel.LeaderVertsNearCageIslands,Wimper heeft hoekpunten die zijn geskinned naar RBX_Leader en die te ver verwijderd zijn van de oogpunten op de binnencage. Zorg ervoor dat alle hoekpunten die zijn geskinned naar RBX_Leader dichter bij het ooggebied van de binnencage zijn gepositioneerd
Common.UGCValidation.ErrorLabel.MeasureCageMeshDistanceAvatar_CageInsideMesh,Lichaamscage kruist met de lichaamsmesh. {negtiveSDFPercent}% van de hoekpunten van de lichaamscage bevinden zich binnen de lichaamsmesh.
Common.UGCValidation.ErrorLabel.MeasureCageMeshDistanceAvatar_CageTooFar,"De body cage bevindt zich te ver van de body mesh. De maximale afstand tussen de body cage en de mesh is {max_sdf}. Dit ligt boven de toegestane drempelwaarde van {max_sdf_threshold}.
"
Common.UGCValidation.ErrorLabel.MeasureCageMeshDistanceHead_CageInsideMesh,Hoofdcage kruist met hoofdmesh. {negtiveSDFPercent}% van de hoekpunten van de hoofdcage bevinden zich binnen de hoofdmesh.
Common.UGCValidation.ErrorLabel.MeasureCageMeshDistanceHead_CageTooFar,"De hoofdcage is te ver van de hoofdmesh verwijderd. De maximale afstand tussen de hoofdcage en de mesh is {max_sdf}, wat boven de toegestane drempel van {max_sdf_threshold} ligt"
Common.UGCValidation.ErrorLabel.MeasureCageMeshDistance_CageInsideMesh,Buitenste cage kruist met de rendermesh. {negtiveSDFPercent}% van de hoekpunten van de buitenste cage bevinden zich binnen de rendermesh.
Common.UGCValidation.ErrorLabel.MeasureCageMeshDistance_CageTooFar,"De buitenste cage is te ver van de rendermesh verwijderd. De maximale afstand tussen de buitenste cage en de mesh is {max_sdf}, wat boven de toegestane drempel van {max_sdf_threshold} ligt"
Common.UGCValidation.ErrorLabel.MeasureCageRelevancy,{outer_cage_face_irrelevant_percent}% van de gewijzigde hoekpunten van de buitenste cage bedekken het accessoire niet. Zorg ervoor dat je de buitenste cage alleen verplaatst waar dat nodig is.
Common.UGCValidation.ErrorLabel.MeasureCageUV,Er zijn {incorrect_uv_count} UV-waarden in cage {cage_name} die onjuist zijn of niet bij het sjabloon horen. Corrigeer de cage-UV.
Common.UGCValidation.ErrorLabel.MeasureMeshOutsideOuterCage,{mesh_outside_outer_cage_percent}% van de mesh-hoekpunten voor het accessoire bevinden zich buiten de buitenste cage. Voer aanpassingen uit om meer van het accessoire tussen de cages te plaatsen.
Common.UGCValidation.ErrorLabel.MeshPartBounds_TooLarge,{partName} -mesh {axis} asgrootte van '{currentSize}'-studs is groter dan de maximaal toegestane individuele onderdeelgrootte van '{maxSize}'-studs. Verklein de mesh.
Common.UGCValidation.ErrorLabel.MeshPartBounds_TooSmall,{partName}-mesh {axis} asgrootte  van '{currentSize}'-studs is kleiner dan de minimaal toegestane individuele onderdeelgrootte van '{minSize}'-studs. Vergroot de mesh.
Common.UGCValidation.ErrorLabel.MissingRequiredAttachment,Bijlage {attName} moet precies één keer bestaan binnen {partName}-descendants.
Common.UGCValidation.ErrorLabel.NoAttributes,'{RootInstanceName}' (of de descendants ervan) bevatten attributen. Je moet attributen verwijderen uit het volgende: {InstanceNameList}
Common.UGCValidation.ErrorLabel.PropertiesNotSensible,{ClassName} '{InstancePath}' heeft ongeldige eigenschappen: {ProblematicProperties}. Een weergegeven bytelimiet is overschreden (een limiet van 0 betekent dat de eigenschap leeg moet zijn); elke andere eigenschap bevat NaN/Inf-waarden of overschrijdt de standaardafmetingslimiet.
Common.UGCValidation.ErrorLabel.RigAttachmentOutOfBounds,Rig-bevestiging '{AttachmentName}' in '{PartName}' moet worden geplaatst nabij de gewrichtsgrens waar dit lichaamsdeel verbonden is met een aangrenzend deel. De huidige positie [{CurrentPosition}] bevindt zich te ver van het verbindingsvlak. Verplaats het dichter bij [{ClosestValidPosition}].
Common.UGCValidation.ErrorLabel.SelectionCountNotOne,"Om een asset naar Roblox te uploaden, moet je precies 1 instantie en het bijbehorende uploadtype selecteren."
Common.UGCValidation.ErrorLabel.SerializedAssetTooLarge,Dit asset is te groot om te uploaden ({sizeBytes} bytes overschrijdt het maximum van {maxSizeBytes} bytes). Verklein deze en probeer het opnieuw.
Common.UGCValidation.ErrorLabel.UnallowedFacsJoints,"Het mesh-onderdeel van het hoofd heeft gezichtsanimaties voor {jointName}, die niet in FACS kunnen worden gebruikt. Geef deze joint een andere naam en importeer je hoofd opnieuw."
Common.UGCValidation.ErrorLabel.UnallowedJointSkinned,"Lichaamsdeel {partName} is geskinned naar virtuele joint {jointName}, die geen deel uitmaakt van het R15plus-schema."
Common.VerifiedParentalConsent.Action.Cancel,
Common.VerifiedParentalConsent.Action.Close,
Common.VerifiedParentalConsent.Action.GoToSettings,Ga naar Instellingen
Common.VerifiedParentalConsent.Description.SpendingRestrictionWithSettings,Vanwege regionale beperkingen heb je ouderlijke toestemming nodig om een aankoop te doen. Vraag je ouder om toestemming via Instellingen > Uitgaven.
Common.VerifiedParentalConsent.Description.SpendingRestrictionWithoutSettings,Vanwege regionale beperkingen heb je ouderlijke toestemming nodig om een aankoop te doen. Ga naar het web of een bijbehorend apparaat om je ouder om toestemming te vragen via Instellingen > Uitgaven.
Common.VerifiedParentalConsent.Label.AskParent,
Common.VisitGame.Label.Play,Deelnemen
CommonUI.Controls.Action.Accept,Accepteren
CommonUI.Controls.Action.Apply,Toepassen
CommonUI.Controls.Action.Back,Terug
CommonUI.Controls.Action.Cancel,
CommonUI.Controls.Action.Confirm,Bevestigen
CommonUI.Controls.Action.Continue,
CommonUI.Controls.Action.Done,Klaar
CommonUI.Controls.Action.Next,Volgende
CommonUI.Controls.Action.OK,
CommonUI.Controls.Action.Refresh,Vernieuwen
CommonUI.Controls.Action.ResetAll,Alles resetten
CommonUI.Controls.Action.Search,Zoeken
CommonUI.Controls.Action.ShowMore,Meer weergeven
CommonUI.Controls.Action.Submit,Inzenden
CommonUI.Controls.Action.Yes,Ja
CommonUI.Controls.Birthdaypicker.Label.Date,Datum
CommonUI.Controls.Input.Optional,{inputLabel} (optioneel)
CommonUI.Controls.Label.April,April
CommonUI.Controls.Label.AprilAbbreviated,Apr.
CommonUI.Controls.Label.August,Augustus
CommonUI.Controls.Label.AugustAbbreviated,Aug.
CommonUI.Controls.Label.Day,
CommonUI.Controls.Label.December,December
CommonUI.Controls.Label.DecemberAbbreviated,Dec.
CommonUI.Controls.Label.February,Februari
CommonUI.Controls.Label.FebruaryAbbreviated,Feb.
CommonUI.Controls.Label.Friday,Vrijdag
CommonUI.Controls.Label.FridayAbbreviated,Vr
CommonUI.Controls.Label.InvalidDateFormat,Ongeldige datumnotatie
CommonUI.Controls.Label.January,Januari
CommonUI.Controls.Label.JanuaryAbbreviated,Jan.
CommonUI.Controls.Label.July,Juli
CommonUI.Controls.Label.June,Juni
CommonUI.Controls.Label.LastWeek,Vorige week
CommonUI.Controls.Label.LastYear,Vorig jaar
CommonUI.Controls.Label.March,Maart
CommonUI.Controls.Label.MarchAbbreviated,Mrt.
CommonUI.Controls.Label.May,Mei
CommonUI.Controls.Label.Monday,Maandag
CommonUI.Controls.Label.MondayAbbreviated,Ma
CommonUI.Controls.Label.November,November
CommonUI.Controls.Label.NovemberAbbreviated,Nov.
CommonUI.Controls.Label.October,Oktober
CommonUI.Controls.Label.OctoberAbbreviated,Okt.
CommonUI.Controls.Label.PageCount,{current:int} van {total:int}
CommonUI.Controls.Label.Saturday,Zaterdag
CommonUI.Controls.Label.SaturdayAbbreviated,Za
CommonUI.Controls.Label.SelectDate,Datum selecteren
CommonUI.Controls.Label.SelectTheTime,De tijd selecteren
CommonUI.Controls.Label.September,September
CommonUI.Controls.Label.SeptemberAbbreviated,Sept.
CommonUI.Controls.Label.Sunday,Zondag
CommonUI.Controls.Label.SundayAbbreviated,Zo
CommonUI.Controls.Label.ThisMonth,Deze maand
CommonUI.Controls.Label.ThisWeek,Deze week
CommonUI.Controls.Label.ThisYear,Dit jaar
CommonUI.Controls.Label.Thursday,Donderdag
CommonUI.Controls.Label.ThursdayAbbreviated,Do
CommonUI.Controls.Label.Today,Vandaag
CommonUI.Controls.Label.Tuesday,Dinsdag
CommonUI.Controls.Label.TuesdayAbbreviated,Di
CommonUI.Controls.Label.Wednesday,Woensdag
CommonUI.Controls.Label.WednesdayAbbreviated,Wo
CommonUI.Controls.Label.Year,
CommonUI.Controls.NoResultsFound,Geen resultaten gevonden
CommonUI.Features.Action.Close,
CommonUI.Features.Action.Continue,
CommonUI.Features.Action.LearnMore,
CommonUI.Features.Action.LessLowercase,minder
CommonUI.Features.Action.MoreLowercase,meer
CommonUI.Features.Action.Send,Sturen
CommonUI.Features.Label.About,Over
CommonUI.Features.Label.AcceptConnection,Connectie accepteren
CommonUI.Features.Label.AcceptFriend,Vriend(in) accepteren
CommonUI.Features.Label.Add,Toevoegen
CommonUI.Features.Label.AddConnection,Connectie toevoegen
CommonUI.Features.Label.AddConnections,Connecties toevoegen
CommonUI.Features.Label.AddFriend,Vriend(in) toevoegen
CommonUI.Features.Label.Badges,Badges
CommonUI.Features.Label.Charts,Toplijsten
CommonUI.Features.Label.Chat,Chat
CommonUI.Features.Label.Connect,Vrienden
CommonUI.Features.Label.Connection,Connectie
CommonUI.Features.Label.Connections,Connecties
CommonUI.Features.Label.ControllerBar.HoldPrefix,Ingedrukt houden
CommonUI.Features.Label.ControllerBar.Search,
CommonUI.Features.Label.ControllerBar.ToPlaySuffix,om te spelen
CommonUI.Features.Label.CreateGames,Maken
CommonUI.Features.Label.Friends,
CommonUI.Features.Label.Game,Ervaringen
CommonUI.Features.Label.GiftCards,Cadeaubonnen kopen
CommonUI.Features.Label.Groups,Community's
CommonUI.Features.Label.HelpAndSafety,Help en veiligheid
CommonUI.Features.Label.Home,Startpagina
CommonUI.Features.Label.Inventory,Inventaris
CommonUI.Features.Label.InviteConnections,Connecties uitnodigen
CommonUI.Features.Label.Learn,
CommonUI.Features.Label.Messages,Berichten
CommonUI.Features.Label.Moments,Momenten
CommonUI.Features.Label.More,Meer
CommonUI.Features.Label.Premium,Premium
CommonUI.Features.Label.Privacy,Privacy
CommonUI.Features.Label.PrivacyPolicy,
CommonUI.Features.Label.Profile,Profiel
CommonUI.Features.Label.RM,
CommonUI.Features.Label.Redeem,Codes verzilveren
CommonUI.Features.Label.RemoveConnection,Vriend verwijderen
CommonUI.Features.Label.ReportLogs,Meldingslogboeken
CommonUI.Features.Label.ReportLogsSentenceCase,
CommonUI.Features.Label.Sent,Verzonden
CommonUI.Features.Label.Settings,
CommonUI.Features.Label.Terms,Voorwaarden
CommonUI.Features.Label.TermsOfUse,Gebruiksvoorwaarden
CommonUI.Features.Label.Thanks,Bedankt
CommonUI.Features.Label.TheHunt,Roblox-evenementen
CommonUI.Features.Label.Trades,Ruilen
CommonUI.Features.Label.Unchecked,Niet aangevinkt
CommonUI.Features.Label.X,Roblox Plus
CommonUI.Features.Label.sGroups,
CommonUI.Features.Labels.ConnectTo,Verbinding maken met
CommonUI.Features.NavBar.Build,Bouwen
CommonUI.Features.StudioCTA.Tooltip.Body,Download Studio GRATIS!
CommonUI.Features.StudioCTA.Tooltip.Title,Begin met creëren op Roblox
CommonUI.Messages.Action.Apply,
CommonUI.Messages.Action.Dismiss,
CommonUI.Messages.Action.OK,
CommonUI.Messages.Action.Reset,Resetten
CommonUI.Messages.Action.View,Bekijken
CommonUI.Messages.Label.Password,Wachtwoord
CommonUI.Messages.Response.NoResults,Geen resultaten
CommonUI.Messages.Response.PageError,Fout bij het laden van pagina
CommonUI.Messages.Response.SomethingWentWrong,
CommonUI.Messages.SystemMessage.AndroidDeprecationBodyPhase1,In de nabije toekomst zal Roblox Android 6 en 7 niet meer ondersteunen. Upgrade je apparaat naar Android 8 of hoger om door te gaan met spelen.
CommonUI.Messages.SystemMessage.AndroidDeprecationBodyPhase2,Vanaf {date} zal Roblox Android 6 en 7 niet meer ondersteunen. Upgrade je apparaat naar Android 8 of hoger om door te gaan met spelen.
CommonUI.Messages.SystemMessage.AndroidDeprecationBodyPhase2Fallback,Vanaf 19 juli 2025 zal Roblox Android 6 en 7 niet meer ondersteunen. Upgrade je apparaat naar Android 8 of hoger om door te gaan met spelen.
CommonUI.Messages.SystemMessage.AndroidDeprecationBodyPhase3,Roblox ondersteunt Android 6 en 7 niet meer. Upgrade je apparaat naar Android 8 of hoger om door te gaan met spelen.
CommonUI.Messages.SystemMessage.AndroidDeprecationSystemRequirementsLinkLabel,Mobiele systeemvereisten
CommonUI.Messages.SystemMessage.AndroidDeprecationTitlePhase1,Actie vereist: werk je apparaat bij
CommonUI.Messages.SystemMessage.AndroidDeprecationTitlePhase2,
CommonUI.Messages.SystemMessage.AndroidDeprecationTitlePhase3,
CommonUI.Messages.SystemMessage.DeprecationMobileSystemRequirementsLinkLabel,
CommonUI.Messages.SystemMessage.DeprecationTitle,
CommonUI.Messages.SystemMessage.IosDeprecationBodyPhase1,In de nabije toekomst zal Roblox iOS 13 niet meer ondersteunen. Upgrade je apparaat naar iOS 14 of hoger om door te gaan met spelen.
CommonUI.Messages.SystemMessage.IosDeprecationBodyPhase2Fallback,Vanaf 5 juni 2026 zal Roblox iOS 13 niet meer ondersteunen. Upgrade je apparaat naar iOS 14 of hoger om door te gaan met spelen.
CommonUI.Messages.SystemMessage.IosDeprecationBodyPhase3,Roblox ondersteunt iOS 13 niet meer. Upgrade je apparaat naar iOS 14 of hoger om door te gaan met spelen.
CommonUI.Messages.SystemMessage.PS4onPS5DeprecationBody,Installeer en speel de nieuw uitgebrachte Roblox voor PlayStation®5. Roblox voor PlayStation®4 is vanaf {date} niet meer beschikbaar voor spelers op PlayStation®5.
CommonUI.Messages.SystemMessage.PS4onPS5DeprecationTitle,Roblox is nu beschikbaar voor PlayStation®5
CommonUI.Messages.SystemMessage.PS4onPS5HardDeprecationBody,De PlayStation®4-versie van Roblox wordt niet langer ondersteund op PlayStation®5. Download de nieuwe Roblox-app voor PlayStation®5 om door te gaan met spelen.
CoreScripts.Ads.Action.Close,
CoreScripts.Ads.ImmersiveBrandedAds.WhyThisAd,Deze niet-gepersonaliseerde advertentie is zichtbaar voor gebruikers in deze ervaring. {AdvertiserName} is de adverteerder en heeft voor deze advertentie betaald.
CoreScripts.Ads.Label.IllegalContentReportingLink,Meld illegale content of schadelijke content voor kinderen
CoreScripts.Ads.Label.InExperienceDisclosureDynamic,"Roblox heeft geen gedragsinformatie voor deze advertentie gebruikt. Je ziet deze advertentie vanwege informatie zoals apparaattype, locatie en leeftijd op basis waarvan we je passende en relevante advertenties tonen. De adverteerder is {AdvertiserName}."
CoreScripts.Ads.Label.InExperienceDisclosureDynamicWithPayer,"Roblox heeft geen gedragsinformatie voor deze advertentie gebruikt. Je ziet deze advertentie vanwege informatie zoals apparaattype, locatie en leeftijd op basis waarvan we je passende en relevante advertenties tonen. De adverteerder is {AdvertiserName}. Deze advertentie is betaald door {PayerName}."
CoreScripts.Ads.Label.InExperienceDisclosureStatic,"Roblox heeft geen gedragsinformatie voor deze advertentie gebruikt. Je ziet deze advertentie vanwege informatie zoals apparaattype, locatie en leeftijd op basis waarvan we je passende en relevante advertenties tonen."
CoreScripts.Ads.Label.InappropriateAd,Ongepaste advertentie
CoreScripts.Ads.Label.ReportAd,Advertentie melden
CoreScripts.Ads.Label.RewardedVideoEligibleDisclaimer,Dit is een testadvertentie. Echte advertenties worden weergegeven in je ervaring.
CoreScripts.Ads.Label.RewardedVideoExitConfirmation,Je krijgt bijna een beloning! Weet je zeker dat je wilt afsluiten?
CoreScripts.Ads.Label.RewardedVideoIneligibleDisclaimer,Dit is een testadvertentie. Je ervaring komt niet voor echte advertenties in aanmerking.
CoreScripts.Ads.Label.SponsoredAds,Gesponsord
CoreScripts.Ads.Label.SponsoredAdsDisclosureStatic,"Gesponsorde ervaringsen worden betaald door makers. Gebruikers in de EU krijgen die te zien op basis van algemene informatie over je apparaattype, locatie en demografische gegevens. Buiten de EU worden dit soort advertenties ook getoond op basis van aanvullende informatie."
CoreScripts.Ads.Label.Teleporting,Teleporteren...
CoreScripts.Ads.Label.WhyThisAd,Waarom deze advertentie?
CoreScripts.AssetPreviewView.Action.ResetView,Weergave resetten
CoreScripts.AssetPreviewView.Label.LoadingFailed,Laden mislukt
CoreScripts.AvatarEditorPrompts.Adding,Toevoegen:
CoreScripts.AvatarEditorPrompts.CreateOutfitPromptNo,Nee
CoreScripts.AvatarEditorPrompts.CreateOutfitPromptText,Wil je dit personage opslaan in Roblox? 
CoreScripts.AvatarEditorPrompts.CreateOutfitPromptTitle,Avatar-personage opslaan
CoreScripts.AvatarEditorPrompts.CreateOutfitPromptYes,
CoreScripts.AvatarEditorPrompts.DeleteOutfitPromptNo,
CoreScripts.AvatarEditorPrompts.DeleteOutfitPromptText,Wil je het personage {RBX_NAME} uit Roblox verwijderen?
CoreScripts.AvatarEditorPrompts.DeleteOutfitPromptTextNoName,Wil je dit personage uit Roblox verwijderen?
CoreScripts.AvatarEditorPrompts.DeleteOutfitPromptTitle,Avatar-personage verwijderen
CoreScripts.AvatarEditorPrompts.DeleteOutfitPromptYes,Verwijderen
CoreScripts.AvatarEditorPrompts.DisabledRenameOutfitPromptOkay,
CoreScripts.AvatarEditorPrompts.DisabledRenameOutfitPromptText,Het hernoemen van personages is uitgeschakeld
CoreScripts.AvatarEditorPrompts.DisabledRenameOutfitPromptTitle,Personage hernoemen uitgeschakeld
CoreScripts.AvatarEditorPrompts.EnterOutfitNamePromptNo,
CoreScripts.AvatarEditorPrompts.EnterOutfitNamePromptTitle,Personagenaam
CoreScripts.AvatarEditorPrompts.EnterOutfitNamePromptYes,
CoreScripts.AvatarEditorPrompts.FavouriteItemPromptNo,
CoreScripts.AvatarEditorPrompts.FavouriteItemPromptText,Wil je {RBX_NAME} toevoegen aan favorieten?
CoreScripts.AvatarEditorPrompts.FavouriteItemPromptTitle,Favoriet item
CoreScripts.AvatarEditorPrompts.FavouriteItemPromptYes,
CoreScripts.AvatarEditorPrompts.GameNamePlaceHolder,Onbekende ervaringsnaam
CoreScripts.AvatarEditorPrompts.InventoryReadAccessPromptNo,
CoreScripts.AvatarEditorPrompts.InventoryReadAccessPromptText,{RBX_NAME} wil graag toegang tot de items van je avatar
CoreScripts.AvatarEditorPrompts.InventoryReadAccessPromptTitle,Toegang tot items?
CoreScripts.AvatarEditorPrompts.InventoryReadAccessPromptYes,Ok
CoreScripts.AvatarEditorPrompts.ItemsListLoadingFailed,
CoreScripts.AvatarEditorPrompts.NoChangedAssets,Geen itemwijzigingen
CoreScripts.AvatarEditorPrompts.OutfitNamePlaceholder,Personagenaam invoeren
CoreScripts.AvatarEditorPrompts.Removing,Verwijderen:
CoreScripts.AvatarEditorPrompts.RenameOutfitNamePromptTitle,Personage hernoemen
CoreScripts.AvatarEditorPrompts.RenameOutfitPromptText,Voer een nieuwe naam in voor het personage {RBX_NAME}:
CoreScripts.AvatarEditorPrompts.SaveAvatarPromptNo,
CoreScripts.AvatarEditorPrompts.SaveAvatarPromptText,{RBX_NAME} wil graag de volgende wijzigingen aanbrengen in je avatar:
CoreScripts.AvatarEditorPrompts.SaveAvatarPromptTitle,Avatar met items gebruiken
CoreScripts.AvatarEditorPrompts.SaveAvatarPromptYes,
CoreScripts.AvatarEditorPrompts.UnfavouriteItemPromptText,Wil je {RBX_NAME} uit je favorieten verwijderen?
CoreScripts.AvatarEditorPrompts.UnfavouriteItemPromptTitle,Item verwijderen uit favorieten
CoreScripts.AvatarEditorPrompts.UpdateOutfitPromptNo,
CoreScripts.AvatarEditorPrompts.UpdateOutfitPromptText,Wil je het personage {RBX_NAME} bijwerken?
CoreScripts.AvatarEditorPrompts.UpdateOutfitPromptTextNoOutfitName,Wil je het opgeslagen personage bijwerken?
CoreScripts.AvatarEditorPrompts.UpdateOutfitPromptTitle,Personage bijwerken?
CoreScripts.AvatarEditorPrompts.UpdateOutfitPromptYes,
CoreScripts.BulkPurchasePrompt.CompletedPrompt.DismissCTA,
CoreScripts.BulkPurchasePrompt.CompletedPrompt.ErrorHeading,Aankoop mislukt
CoreScripts.BulkPurchasePrompt.CompletedPrompt.ErrorPrompt.ErrorReason2SV,
CoreScripts.BulkPurchasePrompt.CompletedPrompt.ErrorPrompt.ErrorReasonAlreadyOwned,Je aankoop kon niet worden voltooid omdat je deze items al bezit.
CoreScripts.BulkPurchasePrompt.CompletedPrompt.ErrorPrompt.ErrorReasonGeneric,Je aankoop kon op dit moment niet worden voltooid.
CoreScripts.BulkPurchasePrompt.CompletedPrompt.ErrorPrompt.ErrorReasonInsufficientMembership,Je aankoop kon niet worden voltooid omdat je Roblox Premium nodig hebt om deze items te kopen.
CoreScripts.BulkPurchasePrompt.CompletedPrompt.ErrorPrompt.ErrorReasonInsufficientRobux,Je aankoop kon niet worden voltooid omdat je niet genoeg Robux hebt.
CoreScripts.BulkPurchasePrompt.CompletedPrompt.ErrorPrompt.ErrorReasonNotAvailableForPurchaser,Je aankoop kon niet worden voltooid omdat je dit soort items niet mag kopen.
CoreScripts.BulkPurchasePrompt.CompletedPrompt.ErrorPrompt.ErrorReasonNotAvailableInExperience,Je aankoop kon niet worden afgerond omdat deze items niet beschikbaar zijn in deze ervaring.
CoreScripts.BulkPurchasePrompt.CompletedPrompt.ErrorPrompt.ErrorReasonNotForSale,Je aankoop kon niet worden voltooid omdat deze items niet te koop zijn.
CoreScripts.BulkPurchasePrompt.CompletedPrompt.ErrorPrompt.ErrorReasonPriceMismatch,Je aankoop kon niet worden voltooid omdat de prijzen zijn gewijzigd.
CoreScripts.BulkPurchasePrompt.CompletedPrompt.ErrorPrompt.ErrorReasonPurchaserIsSeller,Je aankoop kon niet worden voltooid omdat je je eigen items niet mag kopen.
CoreScripts.BulkPurchasePrompt.CompletedPrompt.ErrorPrompt.ErrorReasonQuantityLimitExceeded,Je aankoop kon niet worden voltooid omdat je de maximale eigendomslimiet voor deze items al hebt bereikt.
CoreScripts.BulkPurchasePrompt.CompletedPrompt.ErrorPrompt.ErrorReasonQuotaExceeded,Je aankoop kon niet worden voltooid omdat je de limiet van 9 transacties per minuut hebt bereikt.
CoreScripts.BulkPurchasePrompt.CompletedPrompt.ErrorPrompt.ErrorReasonSoldOut,Je aankoop kon niet worden voltooid omdat deze items uitverkocht zijn.
CoreScripts.BulkPurchasePrompt.CompletedPrompt.ErrorPrompt.TryAgainLater,Er zijn geen Robux afgeschreven. Probeer het later opnieuw.
CoreScripts.BulkPurchasePrompt.CompletedPrompt.ErrorPrompt.TryAgainMoreRobux,Er zijn geen Robux afgeschreven. Koop er meer en probeer het opnieuw.
CoreScripts.BulkPurchasePrompt.CompletedPrompt.ErrorPrompt.TryAgainNow,Er zijn geen Robux afgeschreven. Probeer het opnieuw.
CoreScripts.BulkPurchasePrompt.CompletedPrompt.ErrorPrompt.TryAgainOtherItems,Er zijn geen Robux afgeschreven. Probeer het opnieuw met andere items.
CoreScripts.BulkPurchasePrompt.CompletedPrompt.ErrorPrompt.TryAgainWait,Er zijn geen Robux afgeschreven. Wacht even en probeer het opnieuw.
CoreScripts.BulkPurchasePrompt.CompletedPrompt.SuccessHeading,Aankoop voltooid
CoreScripts.BulkPurchasePrompt.PartialPurchaseCompletedPrompt.Heading,Gedeeltelijke aankoop voltooid
CoreScripts.BulkPurchasePrompt.PartialPurchaseCompletedPrompt.ItemListSuccessfulCount,{itemCount} items
CoreScripts.BulkPurchasePrompt.PartialPurchaseCompletedPrompt.ItemListSuccessfulHeading,Gelukt
CoreScripts.BulkPurchasePrompt.PartialPurchaseCompletedPrompt.ItemListUnsuccessfulCount,
CoreScripts.BulkPurchasePrompt.PartialPurchaseCompletedPrompt.ItemListUnsuccessfulHeading,Mislukt
CoreScripts.BulkPurchasePrompt.PartialPurchaseCompletedPrompt.ItemStatusAlreadyOwned,Al in bezit
CoreScripts.BulkPurchasePrompt.PartialPurchaseCompletedPrompt.ItemStatusGeneric,Niet beschikbaar
CoreScripts.BulkPurchasePrompt.PartialPurchaseCompletedPrompt.ItemStatusInsufficientMembership,Premium vereist
CoreScripts.BulkPurchasePrompt.PartialPurchaseCompletedPrompt.ItemStatusInsufficientRobux,Niet genoeg Robux
CoreScripts.BulkPurchasePrompt.PartialPurchaseCompletedPrompt.ItemStatusNotAvailableForPurchaser,
CoreScripts.BulkPurchasePrompt.PartialPurchaseCompletedPrompt.ItemStatusNotForSale,Niet te koop
CoreScripts.BulkPurchasePrompt.PartialPurchaseCompletedPrompt.ItemStatusPlaceInvalid,Niet beschikbaar in deze ervaring
CoreScripts.BulkPurchasePrompt.PartialPurchaseCompletedPrompt.ItemStatusPriceMismatch,Prijswijziging
CoreScripts.BulkPurchasePrompt.PartialPurchaseCompletedPrompt.ItemStatusPurchaserIsSeller,Verkoper is koper
CoreScripts.BulkPurchasePrompt.PartialPurchaseCompletedPrompt.ItemStatusQuantityLimitExceeded,Limiet bereikt
CoreScripts.BulkPurchasePrompt.PartialPurchaseCompletedPrompt.ItemStatusQuotaExceeded,
CoreScripts.BulkPurchasePrompt.PartialPurchaseCompletedPrompt.ItemStatusSoldOut,Uitverkocht
CoreScripts.BulkPurchasePrompt.PartialPurchaseCompletedPrompt.ItemStatusSuccess,Gekocht
CoreScripts.BulkPurchasePrompt.PartialPurchaseCompletedPrompt.Notice,Sommige items konden op dit moment niet worden gekocht. Probeer het later opnieuw.
CoreScripts.BulkPurchasePrompt.PartialPurchaseCompletedPrompt.PriceBox.CurrentBalance,Huidig saldo
CoreScripts.BulkPurchasePrompt.PartialPurchaseCompletedPrompt.PriceBox.DismissCTA,
CoreScripts.BulkPurchasePrompt.PartialPurchaseCompletedPrompt.PriceBox.RobuxSpent,Uitgegeven Robux
CoreScripts.BulkPurchasePrompt.RequestPrompt.Heading,Samenvatting
CoreScripts.BulkPurchasePrompt.RequestPrompt.ItemListPurchaseCount,
CoreScripts.BulkPurchasePrompt.RequestPrompt.ItemListPurchaseHeading,Totaal aantal items dat wordt gekocht
CoreScripts.BulkPurchasePrompt.RequestPrompt.ItemOwned,{ownedCount} in bezit
CoreScripts.BulkPurchasePrompt.RequestPrompt.PriceBox.BuyRobuxCTA,Robux kopen
CoreScripts.BulkPurchasePrompt.RequestPrompt.PriceBox.ConfirmCTA,Betalen
CoreScripts.BulkPurchasePrompt.RequestPrompt.PriceBox.CurrentBalance,
CoreScripts.BulkPurchasePrompt.RequestPrompt.PriceBox.MissingRobux,Je komt Robux tekort
CoreScripts.BulkPurchasePrompt.RequestPrompt.PriceBox.NewBalance,Saldo na aankoop
CoreScripts.BulkPurchasePrompt.RequestPrompt.PriceBox.TotalCost,Totaalbedrag bestelling
CoreScripts.BulkPurchasePrompt.SuccessPrompt.Body,Je hebt met succes {itemCount} items gekocht. Je vindt deze items in je inventaris.
CoreScripts.BulkPurchasePrompt.SuccessPrompt.Heading,
CoreScripts.CancelUserSubscriptionPrompt.Error.ButtonText,OK
CoreScripts.CancelUserSubscriptionPrompt.ErrorCancellingPrompt.Body,Er is een fout opgetreden en de abonnementsverlenging is niet geannuleerd. Probeer het nog een keer.
CoreScripts.CancelUserSubscriptionPrompt.ErrorCancellingPrompt.Heading,Fout
CoreScripts.CancelUserSubscriptionPrompt.ExpiringPrompt.Body,Het annuleren van je abonnement is al geslaagd. Je hoeft verder niets te doen.
CoreScripts.CancelUserSubscriptionPrompt.ExpiringPrompt.Heading,Al geannuleerd
CoreScripts.CancelUserSubscriptionPrompt.RequestPrompt.Body,"Als je je abonnement nu opzegt, blijft je toegang houden tot en met {date}."
CoreScripts.CancelUserSubscriptionPrompt.RequestPrompt.DontCancelButton,Niet annuleren
CoreScripts.CancelUserSubscriptionPrompt.RequestPrompt.Heading,Abonnement annuleren
CoreScripts.CancelUserSubscriptionPrompt.RequestPrompt.YesCancelButton,"Ja, annuleren"
CoreScripts.CancelUserSubscriptionPrompt.SuccessPrompt.Heading,Het annuleren van je abonnement is geslaagd
CoreScripts.CancelUserSubscriptionPrompt.UnsubscribedPrompt.Body,Je hebt momenteel geen abonnement.
CoreScripts.CancelUserSubscriptionPrompt.UnsubscribedPrompt.Heading,Annuleren niet mogelijk
CoreScripts.CommercePurchasePrompt.ErrorPrompt.Body.AccountNotSupported,Aankopen zijn niet beschikbaar voor je account vanwege beperkingen voor leeftijd of regio
CoreScripts.CommercePurchasePrompt.ErrorPrompt.Body.DeviceNotSupported,Vanaf dit type apparaat kun je geen aankopen doen. Probeer het nog een keer met een ander apparaat.
CoreScripts.CommercePurchasePrompt.ErrorPrompt.Body.ErrorLoading,Er is iets misgegaan bij het laden van dit item. Probeer het later nog een keer.
CoreScripts.CommercePurchasePrompt.ErrorPrompt.CantBuy,Kopen niet mogelijk
CoreScripts.CommercePurchasePrompt.ErrorPrompt.DismissCTA,
CoreScripts.CommercePurchasePrompt.ErrorPrompt.GenericError,Er is iets misgegaan bij het kopen van dit item. Probeer het later nog een keer.
CoreScripts.CommercePurchasePrompt.ErrorPrompt.NotPurchasable,Dit product kan op dit moment niet worden gekocht.
CoreScripts.CommercePurchasePrompt.ErrorPrompt.Title.AccountNotSupported,Account niet ondersteund
CoreScripts.CommercePurchasePrompt.ErrorPrompt.Title.DeviceNotSupported,Apparaat niet ondersteund
CoreScripts.CommercePurchasePrompt.ProductNotAvailable,Product niet beschikbaar
CoreScripts.CommercePurchasePrompt.SuccessToast.GrantPending,"Het toekennen van het avataritem kan even duren, maar het wordt binnenkort toegekend."
CoreScripts.CommercePurchasePrompt.SuccessToast.Granted,Het toekennen van het avataritem is geslaagd!
CoreScripts.EmoteThumbnailEditor.Action.Cancel,
CoreScripts.EmoteThumbnailEditor.Action.Update,Bijwerken
CoreScripts.EmoteThumbnailEditor.Heading.EditThumbnail,Miniatuur bewerken
CoreScripts.EmoteThumbnailEditor.Label.Rotation,Rotatie
CoreScripts.EmoteThumbnailEditor.Label.Time,Tijd
CoreScripts.FTUX.Description.WhiteMenuPlaytestMode,Het witte Roblox-menu geeft aan dat je aan het playtesten bent. Volg altijd de Communityrichtlijnen van Roblox.
CoreScripts.FTUX.Heading.CheckOutRobloxConnect,Nieuw: bekijk Roblox Connect!
CoreScripts.FTUX.Heading.CheckOutRobloxParty,Nieuw: bekijk Roblox Party!
CoreScripts.FTUX.Heading.InExperienceShop,Robux kopen in de winkel
CoreScripts.FTUX.Heading.JoinVoice,Meedoen aan spraakchat
CoreScripts.FTUX.Heading.LeaveRespawn,Verlaten en respawnen
CoreScripts.FTUX.Heading.NewAvatarSwitcher,Nieuw: Avatar-wisselaar
CoreScripts.FTUX.Heading.NewTiltOnboarding,Hier vind je het menu
CoreScripts.FTUX.Heading.NewTiltUpdate,Nieuw menu
CoreScripts.FTUX.Heading.ReadyToPlaytest,Klaar voor een playtest?
CoreScripts.FTUX.Heading.SideSheetUpdate,Al je acties op één plek
CoreScripts.FTUX.Heading.SocialOnboarding,Sociale functies
CoreScripts.FTUX.Label.AvatarSwitcherDescription,Schakel op elk gewenst moment tussen je opgeslagen avatars.
CoreScripts.FTUX.Label.ChatWithYourFriendsAnytime,Chat op elk gewenst moment met je vrienden.
CoreScripts.FTUX.Label.InExperienceShopDescription,Sommige pakketten bevatten een bonusitem
CoreScripts.FTUX.Label.JoinVoiceDescription,Om anderen te horen en met ze te praten
CoreScripts.FTUX.Label.LeaveRespawn,Het verlaten van het spel of het respawnen van je avatar is vanaf hier gemakkelijk toegankelijk.
CoreScripts.FTUX.Label.NewTiltOnboarding,Het spelmenu bevat acties in het spel en je spelinstellingen.
CoreScripts.FTUX.Label.NewTiltUpdate,De items uit het hamburgermenu zijn hierheen verplaatst.
CoreScripts.FTUX.Label.PartyWithYourFriendsAnytime,Party op elk gewenst moment met je vrienden.
CoreScripts.FTUX.Label.SideSheetOnboarding,"Het menu bevat al je essentiële functies. Nodig vrienden uit, probeer emotes uit, bedien de muziek en meer."
CoreScripts.FTUX.Label.SideSheetUpdate,Het menu bevat nog steeds al je essentiële functies.
CoreScripts.FTUX.Label.SocialOnboarding,"Krijg eenvoudig toegang tot je sociale functies vanuit de bovenste balk, inclusief Chat."
CoreScripts.Feedback.EntryPoint.ButtonText,Feedback geven
CoreScripts.Feedback.EntryPoint.OptionText,Feedback geven over de vertaling
CoreScripts.Feedback.FeedbackBar.ExitFeedbackButton,
CoreScripts.Feedback.FeedbackBar.HelpButton,Help
CoreScripts.Feedback.FeedbackBar.MainLabel,
CoreScripts.Feedback.FeedbackReportDialog.AdditionalCommentsHeader,Voeg hieronder eventuele aanvullende opmerkingen toe
CoreScripts.Feedback.FeedbackReportDialog.AdditionalCommentsPlaceholder,Voer hier eventuele aanvullende opmerkingen in
CoreScripts.Feedback.FeedbackReportDialog.Cancel,
CoreScripts.Feedback.FeedbackReportDialog.CorrectTranslationHeader,Wat is de juiste vertaling? *
CoreScripts.Feedback.FeedbackReportDialog.CorrectTranslationObjectPlaceholder,Experience object: {ObjectType}
CoreScripts.Feedback.FeedbackReportDialog.CorrectTranslationPlaceholder,Voer hier de juiste vertaling in
CoreScripts.Feedback.FeedbackReportDialog.ImageSelectionHeader,Geselecteerde afbeelding
CoreScripts.Feedback.FeedbackReportDialog.MainHeader,
CoreScripts.Feedback.FeedbackReportDialog.OriginalTextHeader,Oorspronkelijke tekst ({SourceLanguage})
CoreScripts.Feedback.FeedbackReportDialog.ProblemDropdownSelectionHeader,Wat is het probleem met deze vertaling?
CoreScripts.Feedback.FeedbackReportDialog.ProblemOption.AccuracyIssue,Probleem met de nauwkeurigheid
CoreScripts.Feedback.FeedbackReportDialog.ProblemOption.InappropriateOrDerogatory,Ongepast of denigrerend
CoreScripts.Feedback.FeedbackReportDialog.ProblemOption.SpellingOrGrammarIssue,Spelling- of grammaticaprobleem
CoreScripts.Feedback.FeedbackReportDialog.ProblemOption.Untranslated,Niet vertaald
CoreScripts.Feedback.FeedbackReportDialog.SubmitFeedback,Indienen
CoreScripts.Feedback.FeedbackReportDialog.TextSelectionHeader,Geselecteerde tekst
CoreScripts.Feedback.Help.Instructions,Selecteer een tekst om feedback te geven over onjuiste of ontbrekende vertalingen.
CoreScripts.Feedback.Help.MainHeader,
CoreScripts.Feedback.Onboarding.Cancel,
CoreScripts.Feedback.Onboarding.Instructions,
CoreScripts.Feedback.Onboarding.MainHeader,Vertel ons wat er mis is
CoreScripts.Feedback.Onboarding.Start,Start
CoreScripts.Feedback.SubmissionToastBody,Roblox zal deze informatie gebruiken om de vertaalkwaliteit van deze experience te verbeteren
CoreScripts.Feedback.SubmissionToastHeader,Bedankt voor je feedback!
CoreScripts.FeedbackPrompt.FeedbackPrompt.Footer,Reacties worden anoniem gedeeld en vallen onder feedback zoals gedefinieerd in de Gebruiksvoorwaarden van Roblox.
CoreScripts.FeedbackPrompt.FeedbackPrompt.Intro,Vertel ons over je ervaring.
CoreScripts.FeedbackPrompt.FeedbackPrompt.Placeholder,Laat ons weten wat je denkt...
CoreScripts.FeedbackPrompt.FeedbackPrompt.Submit,
CoreScripts.FeedbackPrompt.FeedbackPrompt.Submitting,Bezig met inzenden...
CoreScripts.FeedbackPrompt.FeedbackPrompt.Title,Je feedback delen
CoreScripts.FeedbackPrompt.FeedbackPrompt.Unavailable.Header.Default,Feedback is nu niet beschikbaar.
CoreScripts.FeedbackPrompt.FeedbackPrompt.Unavailable.Header.RateLimited,Je hebt de feedbacklimiet bereikt en je kunt even geen feedback sturen.
CoreScripts.FeedbackPrompt.FeedbackPrompt.Unavailable.Header.Under13,Feedback is niet beschikbaar voor dit account.
CoreScripts.FeedbackPrompt.FeedbackPrompt.Unavailable.Hint.Default,Probeer het later nog een keer.
CoreScripts.FeedbackPrompt.FeedbackPrompt.Unavailable.Hint.RateLimited,Bedankt dat je je mening hebt laten weten. Probeer het later nog een keer.
CoreScripts.FeedbackPrompt.FeedbackPrompt.Unavailable.Hint.Under13,"Om jongere spelers te beschermen, kunnen gebruikers jonger dan 13 jaar geen feedback sturen."
CoreScripts.FeedbackPrompt.FeedbackPrompt.Unavailable.OkayButton,
CoreScripts.FeedbackPrompt.FeedbackPrompt.Unavailable.Title,Feedback niet beschikbaar
CoreScripts.FeedbackPrompt.PlayerSupportPrompt.Add,
CoreScripts.FeedbackPrompt.PlayerSupportPrompt.BackButton,
CoreScripts.FeedbackPrompt.PlayerSupportPrompt.Cancel,
CoreScripts.FeedbackPrompt.PlayerSupportPrompt.Captures.Add,Opnames toevoegen
CoreScripts.FeedbackPrompt.PlayerSupportPrompt.Captures.EditSelection,Selectie bewerken
CoreScripts.FeedbackPrompt.PlayerSupportPrompt.Captures.Empty,Geen opnames beschikbaar.
CoreScripts.FeedbackPrompt.PlayerSupportPrompt.Captures.Heading,Opnames ({count}/{max})
CoreScripts.FeedbackPrompt.PlayerSupportPrompt.Captures.Hint,Help de maker om je probleem te begrijpen.
CoreScripts.FeedbackPrompt.PlayerSupportPrompt.Captures.Loading,Bezig met laden van opnames…
CoreScripts.FeedbackPrompt.PlayerSupportPrompt.Captures.Picker.DateTime,{date} - {time}
CoreScripts.FeedbackPrompt.PlayerSupportPrompt.Captures.Picker.NumSelected,{count}/{max} geselecteerd
CoreScripts.FeedbackPrompt.PlayerSupportPrompt.Captures.UploadError,Een of meer van je opnames konden niet worden geüpload.
CoreScripts.FeedbackPrompt.PlayerSupportPrompt.Category.BugReport,Bug melden
CoreScripts.FeedbackPrompt.PlayerSupportPrompt.Category.DataRestoreRequest,Items of gegevens herstellen
CoreScripts.FeedbackPrompt.PlayerSupportPrompt.Category.Label,Categorie *
CoreScripts.FeedbackPrompt.PlayerSupportPrompt.Category.Other,Overig
CoreScripts.FeedbackPrompt.PlayerSupportPrompt.Category.Placeholder,Selecteer een categorie
CoreScripts.FeedbackPrompt.PlayerSupportPrompt.Category.PurchasingIssue,Probleem met aankoop
CoreScripts.FeedbackPrompt.PlayerSupportPrompt.Description.CharacterLimitHint,Maximaal {MAX} tekens
CoreScripts.FeedbackPrompt.PlayerSupportPrompt.Description.Label,Details *
CoreScripts.FeedbackPrompt.PlayerSupportPrompt.Deselect,Deselecteren
CoreScripts.FeedbackPrompt.PlayerSupportPrompt.Placeholder.BugReport,"Vermeld alles wat relevant is voor het probleem, zoals de versie van het spel en de stappen tot aan dat moment, zodat wij die kunnen volgen."
CoreScripts.FeedbackPrompt.PlayerSupportPrompt.Placeholder.DataRestoreRequest,"Beschrijf wat er ontbreekt en wanneer je het voor het laatst hebt gezien. Als je account is gehackt, vermeld dan je ticketnummer bij de klantenservice van Roblox, en alle relevante gegevens."
CoreScripts.FeedbackPrompt.PlayerSupportPrompt.Placeholder.Other,Beschrijf hier je verzoek of probleem. Geef zoveel mogelijk details zodat wij de situatie kunnen begrijpen.
CoreScripts.FeedbackPrompt.PlayerSupportPrompt.Placeholder.PurchasingIssue,"Laat ons weten wat je probeerde te kopen, wanneer het gebeurde en de totale waarde (bijv. 500 Robux/$ 4,99). Vermeld eventuele foutmeldingen die je te zien kreeg."
CoreScripts.FeedbackPrompt.PlayerSupportPrompt.ReportAbuse.Lead,Probeer je misbruik te melden?
CoreScripts.FeedbackPrompt.PlayerSupportPrompt.ReportAbuse.Link,<u>In plaats hiervan een melding inzenden.</u>
CoreScripts.FeedbackPrompt.PlayerSupportPrompt.Select,Selecteren
CoreScripts.FeedbackPrompt.PlayerSupportPrompt.Send,
CoreScripts.FeedbackPrompt.PlayerSupportPrompt.ShareUserId.Hint,Dit helpt de maker om het juiste account te ondersteunen.
CoreScripts.FeedbackPrompt.PlayerSupportPrompt.ShareUserId.Label,Gebruikersinformatie delen met de maker
CoreScripts.FeedbackPrompt.PlayerSupportPrompt.ShareUserId.LabelRequired,Gebruikersinformatie delen met de maker (verplicht)
CoreScripts.FeedbackPrompt.PlayerSupportPrompt.Title,Hoe kan de maker helpen?
CoreScripts.FeedbackPrompt.PlayerSupportPrompt.Toast.Failed,We konden je aanvraag niet sturen. Probeer het later nog een keer.
CoreScripts.FeedbackPrompt.PlayerSupportPrompt.Toast.Submitted,Aanvraag voor ondersteuning gestuurd
CoreScripts.FeedbackPrompt.PlayerSupportPrompt.Unavailable.Default.Body,Ondersteuning voor spelers is momenteel niet beschikbaar. Probeer het later nog een keer.
CoreScripts.FeedbackPrompt.PlayerSupportPrompt.Unavailable.Default.Title,Ondersteuning voor spelers niet beschikbaar
CoreScripts.FeedbackPrompt.PlayerSupportPrompt.Unavailable.Gibberish.Body,Geef een meer gedetailleerde beschrijving
CoreScripts.FeedbackPrompt.PlayerSupportPrompt.Unavailable.NotRecentlyVisited.Body,Je moet deze ervaring onlangs hebben gespeeld om een aanvraag voor ondersteuning in te kunnen dienen.
CoreScripts.FeedbackPrompt.PlayerSupportPrompt.Unavailable.NotRecentlyVisited.Title,Bezoek deze ervaring om een aanvraag in te dienen
CoreScripts.FeedbackPrompt.PlayerSupportPrompt.Unavailable.OpenTicketLimit.Body,Wacht tot de maker op je bestaande aanvragen heeft gereageerd voordat je een nieuwe aanvraag indient.
CoreScripts.FeedbackPrompt.PlayerSupportPrompt.Unavailable.OpenTicketLimit.Title,Limiet voor aantal aanvragen bereikt
CoreScripts.FeedbackPrompt.PlayerSupportPrompt.Unavailable.RateLimited.Body,Ondersteuning voor spelers is tijdelijk niet beschikbaar. Probeer het over een paar minuten nog een keer.
CoreScripts.FeedbackPrompt.PlayerSupportPrompt.Unavailable.RateLimited.Title,Ondersteuning voor spelers tijdelijk niet beschikbaar
CoreScripts.FeedbackPrompt.PlayerSupportPrompt.Unavailable.TextFilter.Body,Je inzending is in strijd met de Communityrichtlijnen van Roblox. Probeer je misbruik te melden?
CoreScripts.FeedbackPrompt.PlayerSupportPrompt.Unavailable.TextFilter.Title,Inzenden mislukt
CoreScripts.FeedbackPrompt.PlayerSupportPrompt.Unavailable.Under13.Body,Aanvragen van spelers voor ondersteuning zijn niet beschikbaar voor gebruikers jonger dan 13 jaar.
CoreScripts.FeedbackPrompt.PlayerSupportPrompt.Unavailable.Under13.Title,Functie niet beschikbaar
CoreScripts.InGameMenu.Action.DontLeaveGame,Niet verlaten
CoreScripts.InGameMenu.Action.DontResetCharacter,Niet resetten
CoreScripts.InGameMenu.Action.DontRespawnCharacter,Niet respawnen
CoreScripts.InGameMenu.Action.ResetCharacter,
CoreScripts.InGameMenu.Actions.AcceptFriend,Vriendschapsverzoek accepteren
CoreScripts.InGameMenu.Actions.AddFriend,Vriend toevoegen
CoreScripts.InGameMenu.Actions.BlockPlayer,Speler blokkeren
CoreScripts.InGameMenu.Actions.CancelFriend,Vriendschapsverzoek annuleren
CoreScripts.InGameMenu.Actions.Continue,
CoreScripts.InGameMenu.Actions.ReportAbuse,Misbruik melden
CoreScripts.InGameMenu.Actions.UnblockPlayer,Speler deblokkeren
CoreScripts.InGameMenu.Actions.Unfriend,Ontvrienden
CoreScripts.InGameMenu.Actions.ViewAvatar,Avatar bekijken
CoreScripts.InGameMenu.Cancel,
CoreScripts.InGameMenu.ConfirmLeaveGame,Weet je zeker dat je wilt afsluiten?
CoreScripts.InGameMenu.ControllerBar.Back,
CoreScripts.InGameMenu.ControllerBar.Cancel,
CoreScripts.InGameMenu.ControllerBar.CloseMoreMenu,Menu Meer sluiten
CoreScripts.InGameMenu.ControllerBar.Leave,
CoreScripts.InGameMenu.ControllerBar.OpenMoreMenu,Menu Meer openen
CoreScripts.InGameMenu.ControllerBar.Respawn,Respawnen
CoreScripts.InGameMenu.ControllerBar.RespawnCharacter,Personage respawnen
CoreScripts.InGameMenu.Controls.AccessoriesTitle,Accessoires
CoreScripts.InGameMenu.Controls.BackExitLabel,Terug / Afsluiten
CoreScripts.InGameMenu.Controls.BackGamepad,
CoreScripts.InGameMenu.Controls.Backpack,Rugzak
CoreScripts.InGameMenu.Controls.Backspace,Backspace
CoreScripts.InGameMenu.Controls.CameraMovementTitle,Camerabeweging
CoreScripts.InGameMenu.Controls.CameraZoomGamepad,Camera zoomen
CoreScripts.InGameMenu.Controls.CharacterMovementTitle,Avatar-besturing
CoreScripts.InGameMenu.Controls.Chat,
CoreScripts.InGameMenu.Controls.DevConsole,Developer console
CoreScripts.InGameMenu.Controls.DownArrow,Pijl naar beneden
CoreScripts.InGameMenu.Controls.DropTool,Tool neerzetten
CoreScripts.InGameMenu.Controls.EquipUnequipTools,Tools gebruiken/niet meer gebruiken
CoreScripts.InGameMenu.Controls.FirstPersonCameraLabel,(Klikken) FP / TP-camera
CoreScripts.InGameMenu.Controls.GameMenuToggle,Gamemenu in-/uitschakelen
CoreScripts.InGameMenu.Controls.GameMenuToggleGamepad,UI-selectie schakelen
CoreScripts.InGameMenu.Controls.GamepadTitle,Gamepad
CoreScripts.InGameMenu.Controls.GraphicsLevel,Niveau van graphics
CoreScripts.InGameMenu.Controls.GraphicsLevelDown,Niveau van graphics omlaag
CoreScripts.InGameMenu.Controls.GraphicsLevelUp,Niveau van graphics omhoog
CoreScripts.InGameMenu.Controls.Jump,Sprong
CoreScripts.InGameMenu.Controls.JumpSelectLabel,Springen / Selecteren
CoreScripts.InGameMenu.Controls.KeyboardAndMouseTitle,Toetsenbord en muis
CoreScripts.InGameMenu.Controls.LeftArrow,Pijl naar links
CoreScripts.InGameMenu.Controls.LeftMouseButton,Linkermuisknop
CoreScripts.InGameMenu.Controls.MenuItemsTitle,Menu-items
CoreScripts.InGameMenu.Controls.MenuLabel,Menu
CoreScripts.InGameMenu.Controls.MenuNavigationGamepad,Menunavigatie
CoreScripts.InGameMenu.Controls.MiscellaneousTitle,Diversen
CoreScripts.InGameMenu.Controls.MouseLock,Muisvergrendeling
CoreScripts.InGameMenu.Controls.MouseWheel,Muiswiel
CoreScripts.InGameMenu.Controls.MoveBackward,Achteruit verplaatsen
CoreScripts.InGameMenu.Controls.MoveForward,Vooruit verplaatsen
CoreScripts.InGameMenu.Controls.MoveGamepad,Move
CoreScripts.InGameMenu.Controls.MoveLeft,Naar links verplaatsen
CoreScripts.InGameMenu.Controls.MoveRight,Naar rechts verplaatsen
CoreScripts.InGameMenu.Controls.NextTab,Volgend tabblad
CoreScripts.InGameMenu.Controls.PerformanceStats,Prestatiestatistieken
CoreScripts.InGameMenu.Controls.Playerlist,Klassement
CoreScripts.InGameMenu.Controls.Playerlist.Friends,
CoreScripts.InGameMenu.Controls.Playerlist.Global,Wereldwijd
CoreScripts.InGameMenu.Controls.Playerlist.Here,Hier
CoreScripts.InGameMenu.Controls.PreviousTab,Vorig tabblad
CoreScripts.InGameMenu.Controls.RecordVideo,Video opnemen
CoreScripts.InGameMenu.Controls.ResetCameraLabel,Camera verplaatsen/resetten
CoreScripts.InGameMenu.Controls.RightArrow,Pijl naar rechts
CoreScripts.InGameMenu.Controls.RightMouseButton,Rechtermuisknop
CoreScripts.InGameMenu.Controls.RobloxMenu,Roblox-menu
CoreScripts.InGameMenu.Controls.RotateCamera,Roteren
CoreScripts.InGameMenu.Controls.RotateCameraGamepad,Camera roteren
CoreScripts.InGameMenu.Controls.Screenshot,Schermafbeelding
CoreScripts.InGameMenu.Controls.SelectItemLabel,Item selecteren
CoreScripts.InGameMenu.Controls.Shift,Shift
CoreScripts.InGameMenu.Controls.Space,Spatie
CoreScripts.InGameMenu.Controls.SwitchToolGamepad,Tool wisselen
CoreScripts.InGameMenu.Controls.ToggleCameraView,Camerabeeld in-/uitschakelen
CoreScripts.InGameMenu.Controls.ToggleFullscreen,Volledig scherm
CoreScripts.InGameMenu.Controls.UpArrow,Pijl naar boven
CoreScripts.InGameMenu.Controls.UseTool,Tool gebruiken
CoreScripts.InGameMenu.Controls.VrControllerTitle,VR-controller
CoreScripts.InGameMenu.Controls.ZoomInCamera,Inzoomen
CoreScripts.InGameMenu.Controls.ZoomInOutCamera,In-/uitzoomen
CoreScripts.InGameMenu.Controls.ZoomOutCamera,Uitzoomen
CoreScripts.InGameMenu.EducationalPopup.MenuIconTooltip,Op zoek naar meer ervaringen?
CoreScripts.InGameMenu.EducationalPopup.UINavigation.Description,"Bij sommige ervaringen is de UI-navigatiemodus mogelijk, waardoor een selectievak of virtuele cursor kan communiceren met de UI in de ervaring."
CoreScripts.InGameMenu.EducationalPopup.UINavigation.Title,De UI-navigatiemodus in-/uitschakelen
CoreScripts.InGameMenu.ExitModal.ActionExit,Roblox sluiten
CoreScripts.InGameMenu.ExitModal.ActionHome,Terug naar Startpagina
CoreScripts.InGameMenu.ExitModal.BodyTextClickHome,Klik op het pictogram Startpagina
CoreScripts.InGameMenu.ExitModal.BodyTextOpenMenu,Open het Roblox-menu
CoreScripts.InGameMenu.ExitModal.OptionDontShow,Niet meer weergeven
CoreScripts.InGameMenu.ExitModal.Subtitle,Ontdek nieuwe ervaringen zonder de app te verlaten
CoreScripts.InGameMenu.ExitModal.Title,Nieuw in de Roblox-app
CoreScripts.InGameMenu.GameSettings.AIRephraseMessages,Herformuleerde berichten
CoreScripts.InGameMenu.GameSettings.AIRephraseMessagesDescription,Roblox kan berichten die in strijd zijn met veiligheidsregels herformuleren.
CoreScripts.InGameMenu.GameSettings.AdvancedSettingsTitle,GEAVANCEERDE INSTELLINGEN
CoreScripts.InGameMenu.GameSettings.AudioHeader,Audio
CoreScripts.InGameMenu.GameSettings.AutoGraphicsQuality,Automatische kwaliteitsmodus
CoreScripts.InGameMenu.GameSettings.CameraMode,Cameramodus
CoreScripts.InGameMenu.GameSettings.CameraModeCameraToggle,CameraToggle
CoreScripts.InGameMenu.GameSettings.CameraModeClassic,Klassiek
CoreScripts.InGameMenu.GameSettings.CameraModeFollow,Volgen
CoreScripts.InGameMenu.GameSettings.CameraSensitivity,Cameragevoeligheid
CoreScripts.InGameMenu.GameSettings.CameraTitle,CAMERA
CoreScripts.InGameMenu.GameSettings.ChatSummaries,Chatsamenvattingen
CoreScripts.InGameMenu.GameSettings.ChatSummariesDescription,Roblox genereert automatisch samenvattingen van spelersberichten.
CoreScripts.InGameMenu.GameSettings.ClientCoreScriptVersion,Client CoreScript-versie: {CLIENT_CORESCRIPT_VERSION}
CoreScripts.InGameMenu.GameSettings.ClientVersion,Clientversie: {CLIENT_VERSION}
CoreScripts.InGameMenu.GameSettings.ComfortSettingComfort,Comfort
CoreScripts.InGameMenu.GameSettings.ComfortSettingCustom,Aangepast
CoreScripts.InGameMenu.GameSettings.ComfortSettingExpert,Expert
CoreScripts.InGameMenu.GameSettings.ComfortSettingNormal,Standaard
CoreScripts.InGameMenu.GameSettings.ComfortSettingsDescription,Verminder bewegingsziekte door de bewegingen en gezichtsveld aan te passen
CoreScripts.InGameMenu.GameSettings.ComputerMoveModeClickToMove,Klik om te verplaatsen
CoreScripts.InGameMenu.GameSettings.ComputerMoveModeKeyboardMouse,
CoreScripts.InGameMenu.GameSettings.ControlsAudio,SPELBESTURING EN AUDIO
CoreScripts.InGameMenu.GameSettings.Default,
CoreScripts.InGameMenu.GameSettings.DeveloperConsole,Developer Console
CoreScripts.InGameMenu.GameSettings.DisplayHeader,Weergave en graphics
CoreScripts.InGameMenu.GameSettings.Friend,Vriend
CoreScripts.InGameMenu.GameSettings.FullScreen,
CoreScripts.InGameMenu.GameSettings.GiveFeedback,
CoreScripts.InGameMenu.GameSettings.GiveTranslationFeedback,
CoreScripts.InGameMenu.GameSettings.GraphicsTitle,GRAPHICS
CoreScripts.InGameMenu.GameSettings.Haptics,Haptiek
CoreScripts.InGameMenu.GameSettings.InvertedCamera,Omgekeerde camera
CoreScripts.InGameMenu.GameSettings.LanguageHeader,Chat en taal
CoreScripts.InGameMenu.GameSettings.LockedByDeveloper,Vergrendeld door ontwikkelaar
CoreScripts.InGameMenu.GameSettings.MainVolume,Hoofdvolume
CoreScripts.InGameMenu.GameSettings.ManualGraphicsQuality,Kwaliteitsniveau
CoreScripts.InGameMenu.GameSettings.MoreSettingsAvailable,Er zijn meer instellingen beschikbaar in de Roblox-app en op de website.
CoreScripts.InGameMenu.GameSettings.MovementMode,Bewegingsmodus
CoreScripts.InGameMenu.GameSettings.Open,Openen
CoreScripts.InGameMenu.GameSettings.PlaceVersion,Plaatsversie: {PLACE_VERSION}
CoreScripts.InGameMenu.GameSettings.PlaceVersionWithLatest,Plaatsversie: {PLACE_VERSION} (nieuwste: {LATEST_PLACE_VERSION})
CoreScripts.InGameMenu.GameSettings.ReadOnlyView,Alleen-lezen-weergave
CoreScripts.InGameMenu.GameSettings.ReadOnlyViewDescription,"Dit is de weergave van de chat als maker, afhankelijk van je rolmachtigingen."
CoreScripts.InGameMenu.GameSettings.ReduceMotionDescription,Bewegingseffecten stoppen of verminderen
CoreScripts.InGameMenu.GameSettings.ReduceMotionLabel,Beweging verminderen
CoreScripts.InGameMenu.GameSettings.RequestSent,
CoreScripts.InGameMenu.GameSettings.RestartPending,Opnieuw opstarten in behandeling
CoreScripts.InGameMenu.GameSettings.SafetyBubbleModeAnyone,Iedereen
CoreScripts.InGameMenu.GameSettings.SafetyBubbleModeDescription,Bepaal wie dicht bij je mag komen zonder ongemerkt te hoeven verdwijnen
CoreScripts.InGameMenu.GameSettings.SafetyBubbleModeNoOne,Niemand
CoreScripts.InGameMenu.GameSettings.SafetyBubbleModeOnlyFriends,Alleen vrienden
CoreScripts.InGameMenu.GameSettings.SafetyBubbleModeTitle,Veiligheidsbubbel
CoreScripts.InGameMenu.GameSettings.ServerVersion,Serverversie: {SERVER_VERSION}
CoreScripts.InGameMenu.GameSettings.ShiftLock,Schakelvergrendelingsschakelaar
CoreScripts.InGameMenu.GameSettings.ShowMicroProfiler,MicroProfiler weergeven
CoreScripts.InGameMenu.GameSettings.ShowPerfStats,Prestatiestatistieken weergeven
CoreScripts.InGameMenu.GameSettings.SwitchToAdvancedSettings,Geavanceerde instellingen
CoreScripts.InGameMenu.GameSettings.SwitchToVRComfortSettings,Aangepaste instellingen
CoreScripts.InGameMenu.GameSettings.UINavToggle,UI-navigatieschakelaar
CoreScripts.InGameMenu.GameSettings.UINavToggleDescription,"Gebruik de toets ""\ om de UI-navigatiemodus te openen en te verlaten"""
CoreScripts.InGameMenu.GameSettings.UIScale,UI-schaal
CoreScripts.InGameMenu.GameSettings.UIScaleLargest,Grootste
CoreScripts.InGameMenu.GameSettings.UIScaleMode,UI-schaalmodus
CoreScripts.InGameMenu.GameSettings.UIScaleModeAuto,Automatisch
CoreScripts.InGameMenu.GameSettings.UIScaleModeManual,Handmatig
CoreScripts.InGameMenu.GameSettings.UIScaleSmallest,Kleinste
CoreScripts.InGameMenu.GameSettings.VREnabled,VR-modus
CoreScripts.InGameMenu.GameSettings.VRSmoothRotationEnabled,Vlotte VR-rotatie ingeschakeld
CoreScripts.InGameMenu.GameSettings.VRSteppedRotationEnabled,Gestapte VR-rotatie ingeschakeld
CoreScripts.InGameMenu.GameSettings.VRThirdPersonFixedCamEnabled,Vaste camera in derde persoon
CoreScripts.InGameMenu.GameSettings.ViewandControlsHeader,Weergave en spelbesturing
CoreScripts.InGameMenu.GameSettings.VignetteEnabled,VR-vignette ingeschakeld
CoreScripts.InGameMenu.GameSettings.VoiceChatVolume,Volume van spraakchat
CoreScripts.InGameMenu.GameSettings.Volume,Volume
CoreScripts.InGameMenu.GameSettings.VrControlsTitle,VR-SPELBESTURING
CoreScripts.InGameMenu.InviteFriends.ErrorOccured,Er is een fout opgetreden. Probeer het opnieuw.
CoreScripts.InGameMenu.InviteFriends.Loading,Bezig met laden!
CoreScripts.InGameMenu.InviteFriends.MakeFriendsNow,Maak nu vrienden
CoreScripts.InGameMenu.InviteFriends.NoFriends,Je hebt nog geen vrienden. Ga naar het menu Personen om vriendschapsverzoeken te sturen.
CoreScripts.InGameMenu.InviteFriends.Search,
CoreScripts.InGameMenu.Label.TouchpadButton,Touchpadknop
CoreScripts.InGameMenu.Label.ViewButton,Weergaveknop
CoreScripts.InGameMenu.Leave,
CoreScripts.InGameMenu.LeaveGame,
CoreScripts.InGameMenu.LeaveGameQuestion,Afsluiten?
CoreScripts.InGameMenu.Ok,
CoreScripts.InGameMenu.PageTitle.Controls,Spelbesturing ...
CoreScripts.InGameMenu.PageTitle.GameSettings,
CoreScripts.InGameMenu.PageTitle.InviteFriends,Vrienden uitnodigen
CoreScripts.InGameMenu.PageTitle.Players,Personen
CoreScripts.InGameMenu.PageTitle.Report,Melden
CoreScripts.InGameMenu.PageTitle.VRComfortSettings,Comfortinstellingen
CoreScripts.InGameMenu.PeoplePage.SwitchServer,Wisselen van server
CoreScripts.InGameMenu.Prompt.BackToHome,"Ja, ga naar Startpagina"
CoreScripts.InGameMenu.Prompt.ConfirmLeaveGame,Weet je zeker dat je het spel wilt verlaten?
CoreScripts.InGameMenu.Prompt.ConfirmResetCharacter,Weet je zeker dat je je personage wilt resetten?
CoreScripts.InGameMenu.Prompt.ConfirmRespawnCharacter,Weet je zeker dat je je personage opnieuw wilt laten verschijnen?
CoreScripts.InGameMenu.Prompt.LeaveGame,"Ja, verlaten"
CoreScripts.InGameMenu.Prompt.LeaveGameBodyText,"Als je de ervaring verlaat, kun je niet-opgeslagen voortgang verliezen."
CoreScripts.InGameMenu.Prompt.LeaveGameTitle,Deze ervaring verlaten?
CoreScripts.InGameMenu.Prompt.ResumeGame,Hervatten
CoreScripts.InGameMenu.Prompt.VRFTUXLeaveGameBodyText,Weet je zeker dat je de ervaring wilt verlaten? Je kunt de tutorial opnieuw openen via 'Meer'.
CoreScripts.InGameMenu.QuickActions.MuteSelf,Jezelf dempen
CoreScripts.InGameMenu.QuickActions.Report,
CoreScripts.InGameMenu.QuickActions.Respawn,
CoreScripts.InGameMenu.QuickActions.UnmuteSelf,Dempen van jezelf ongedaan maken
CoreScripts.InGameMenu.Report.AbuseBullying,Pesten
CoreScripts.InGameMenu.Report.AbuseDating,Daten
CoreScripts.InGameMenu.Report.AbuseDetailsPlaceHolder,Help ons in je eigen woorden te begrijpen wat er mis is gegaan.
CoreScripts.InGameMenu.Report.AbuseExploiting,Bedriegen/exploiteren
CoreScripts.InGameMenu.Report.AbuseOffsiteLink,Externe links
CoreScripts.InGameMenu.Report.AbusePersonalQuestion,Persoonlijke vraag
CoreScripts.InGameMenu.Report.AbuseScamming,Oplichten
CoreScripts.InGameMenu.Report.AbuseSwearing,Vloeken
CoreScripts.InGameMenu.Report.AbuseTypePlaceHolder,Kies een type misbruik
CoreScripts.InGameMenu.Report.AbuseUsername,Ongepaste gebruikersnaam
CoreScripts.InGameMenu.Report.AdditionalDetails,Voeg hier aanvullende gegevens toe
CoreScripts.InGameMenu.Report.Block,Blokkeren
CoreScripts.InGameMenu.Report.BlockDescription,"Ze kunnen niet meer met je meedoen op dezelfde server, met je communiceren of je als vriend(in) toevoegen."
CoreScripts.InGameMenu.Report.Category.Description.Experience,Deze ervaring bevat ongepaste inhoud.
CoreScripts.InGameMenu.Report.Category.Description.Other,"Deze persoon volgt me, draagt een ongepast shirt, etc."
CoreScripts.InGameMenu.Report.Category.Description.Text,Deze persoon heeft een gemeen woord in de tekstchat getypt.
CoreScripts.InGameMenu.Report.Category.Description.Voice,Deze persoon schreeuwde uit volle borst.
CoreScripts.InGameMenu.Report.Category.Header.Experience,Ervaring
CoreScripts.InGameMenu.Report.Category.Header.Other,
CoreScripts.InGameMenu.Report.Category.Header.Text,Tekstchat
CoreScripts.InGameMenu.Report.Category.Header.Voice,Spraakchat
CoreScripts.InGameMenu.Report.Confirm,
CoreScripts.InGameMenu.Report.Confirmation.Blocked,Geblokkeerd
CoreScripts.InGameMenu.Report.Confirmation.Muted,Gedempt
CoreScripts.InGameMenu.Report.Confirmation.MutedAndBlocked,Gedempt en geblokkeerd
CoreScripts.InGameMenu.Report.Confirmation.MutedAndBlockedDescriptionWithUser,Je kunt niet meer met @{RBX_NAME} communiceren
CoreScripts.InGameMenu.Report.Confirmation.MutedDescriptionWithUser,Je kunt @{RBX_NAME} niet meer horen
CoreScripts.InGameMenu.Report.Confirmation.ThanksForReport,Bedankt voor je melding
CoreScripts.InGameMenu.Report.Confirmation.ThanksForReportDescription,We zullen je melding binnenkort beoordelen en indien nodig actie ondernemen.
CoreScripts.InGameMenu.Report.DSAFooter,Ga naar https://www.roblox.com/illegal-content-reporting om illegale content onder de EU-wet inzake digitale diensten te melden
CoreScripts.InGameMenu.Report.Done,
CoreScripts.InGameMenu.Report.FlagingGame,Je markeert {RBX_NAME} voor ongepaste content.
CoreScripts.InGameMenu.Report.MenuTitle,Wat meld je?
CoreScripts.InGameMenu.Report.Mute,Dempen
CoreScripts.InGameMenu.Report.MuteDescription,Je kunt ze niet meer horen
CoreScripts.InGameMenu.Report.OtherStepsTitle,Andere stappen die je kunt nemen: @{RBX_NAME}
CoreScripts.InGameMenu.Report.ReportExperience,Ervaring melden
CoreScripts.InGameMenu.Report.ReportGameTitle,{RBX_NAME} melden
CoreScripts.InGameMenu.Report.ReportPlayerTitle,Persoon melden
CoreScripts.InGameMenu.Report.ReportTitle,
CoreScripts.InGameMenu.Report.ReportingGame,Je rapporteert {RBX_NAME} voor ongepaste content.
CoreScripts.InGameMenu.Report.SelectAbuseType,Selecteer type misbruik
CoreScripts.InGameMenu.Report.SendReport,
CoreScripts.InGameMenu.Report.ThanksForReport,
CoreScripts.InGameMenu.Report.ThanksForReportDescription,We zullen je melding binnenkort beoordelen en indien nodig actie ondernemen. Je feedback helpt onze community veilig te houden.
CoreScripts.InGameMenu.Report.Title.Experience,
CoreScripts.InGameMenu.Report.Title.Other,Overig melden
CoreScripts.InGameMenu.Report.Title.TextChat,Tekstchatrapport
CoreScripts.InGameMenu.Report.Title.VoiceChat,Spraakchatrapport
CoreScripts.InGameMenu.Report.WillReviewBody,Onze moderators zullen deze beoordelen en een beslissing nemen.
CoreScripts.InGameMenu.RespawnCharacter,
CoreScripts.InGameMenu.RespawnCharacterDialogBody,Je personage zal opnieuw verschijnen op een spawn location.
CoreScripts.InGameMenu.RespawnCharacterDialogConfirm,
CoreScripts.InGameMenu.RespawnCharacterDialogTitle,Personage opnieuw laten verschijnen?
CoreScripts.InGameMenu.SwitchServer.ConfirmBody,Je staat op het punt deze server te verlaten en over te schakelen naar een andere.
CoreScripts.InGameMenu.SwitchServer.ConfirmHeader,Ga je weg?
CoreScripts.InGameMenu.Traversal.HistoryDescription,Deelnemen aan eerder bezochte spellen
CoreScripts.InGameMenu.Traversal.LeaveBody,Je staat op het punt dit spel te verlaten en terug te keren naar {PREVIOUS_EXPERIENCE}.
CoreScripts.InGameMenu.Traversal.LeaveHeader,
CoreScripts.InGameMenu.UnlockMore.Description,"Chat, vrienden en meer spellen"
CoreScripts.InGameMenu.UnlockMore.Title,Ontgrendel meer van Roblox
CoreScripts.InGameMenu.Vibration,Trilling
CoreScripts.InGameMenu.VirtualCursorHintPostIcon,om de menunavigatie in of uit te schakelen
CoreScripts.InGameMenu.VirtualCursorHintPreIcon,Bij sommige ervaringen moet je op een knop drukken
CoreScripts.InGameMenu.VoiceChatVolumeLower,
CoreScripts.PremiumModal.Title.Error,
CoreScripts.PublishAssetPrompt.AssetDescriptionPlaceholder,Beschrijving
CoreScripts.PublishAssetPrompt.Cancel,
CoreScripts.PublishAssetPrompt.Description,
CoreScripts.PublishAssetPrompt.DisclaimerAvatar,Ik ga ermee akkoord dat deze ervaring mijn avataritem ter moderatie indient en uploadt naar Mijn creaties.
CoreScripts.PublishAssetPrompt.DisclaimerEmote,Ik ga ermee akkoord dat deze ervaring mijn emote ter moderatie indient en uploadt naar Mijn creaties.
CoreScripts.PublishAssetPrompt.DisclaimerImage,Ik ga ermee akkoord dat deze ervaring mijn afbeelding ter moderatie indient en uploadt naar Mijn creaties.
CoreScripts.PublishAssetPrompt.DisclaimerModel,Gemaakte items worden beoordeeld en je wordt mogelijk niet terugbetaald als afgewezen items niet voldoen aan de Communityrichtlijnen.
CoreScripts.PublishAssetPrompt.InvalidDescription,Ongeldige beschrijving
CoreScripts.PublishAssetPrompt.InvalidName,Ongeldige naam
CoreScripts.PublishAssetPrompt.Name,Naam
CoreScripts.PublishAssetPrompt.NoUserInput,
CoreScripts.PublishAssetPrompt.PackagesDefaultName,Pakket van {RBX_NAME}
CoreScripts.PublishAssetPrompt.PublishFailed,
CoreScripts.PublishAssetPrompt.PublishFailedTitle,
CoreScripts.PublishAssetPrompt.PublishSuccessMessage,Je vindt dit item in je inventaris.
CoreScripts.PublishAssetPrompt.PublishSuccessTitle,Gelukt!
CoreScripts.PublishAssetPrompt.ResultModalOk,
CoreScripts.PublishAssetPrompt.Submit,
CoreScripts.PublishAssetPrompt.TitleTextClothing,Kledij inzenden
CoreScripts.PublishAssetPrompt.TitleTextEmote,Emote inzenden
CoreScripts.PublishAssetPrompt.TitleTextImage,Afbeelding inzenden
CoreScripts.PublishAssetPrompt.TitleTextModel,Pakket inzenden
CoreScripts.PublishAssetPrompt.TitleTextPackage,
CoreScripts.PublishAssetPrompt.UndefinedError,Er is iets misgegaan. Probeer het nog een keer. Foutcode: {RESULT_TYPE}
CoreScripts.PublishAvatarPrompt.BodyName,Naam lichaam
CoreScripts.PublishAvatarPrompt.BuyCreation,Creatie kopen
CoreScripts.PublishAvatarPrompt.Close,
CoreScripts.PublishAvatarPrompt.LeaveCreationTitle,Creatie afsluiten?
CoreScripts.PublishAvatarPrompt.Pan,Pannen
CoreScripts.PublishAvatarPrompt.PurchaseCompleteDescription,Je vindt je item in je inventaris zodra het is voltooid.
CoreScripts.PublishAvatarPrompt.ResetView,
CoreScripts.PublishAvatarPrompt.Rotate,
CoreScripts.PublishAvatarPrompt.Zoom,
CoreScripts.PublishCommon.Disclaimer,
CoreScripts.PublishCommon.Leave,
CoreScripts.PublishCommon.ReviewingCreation,Je creatie wordt beoordeeld...
CoreScripts.PublishCommon.Stay,
CoreScripts.PublishCommon.UnsavedWarning,Je kunt niet-opgeslagen wijzigingen verliezen
CoreScripts.PurchasePrompt.Button.OK,
CoreScripts.PurchasePrompt.Button.Settings,
CoreScripts.PurchasePrompt.CancelPurchase.Cancel,
CoreScripts.PurchasePrompt.ItemType.Bundle,Bundel
CoreScripts.PurchasePrompt.ProductType.Product,Product
CoreScripts.PurchasePrompt.PurchaseDetails.ScaryModalOne,Bij deze aankoop wordt echt geld uitgewisseld. Ik ga ermee akkoord dat ik ten minste 18 jaar oud ben en de ouder of wettelijke voogd ben van de accounteigenaar. Ik geef toestemming voor deze aankoop en ga akkoord met de Gebruiksvoorwaarden.
CoreScripts.PurchasePrompt.PurchaseDetails.ScaryModalParental,Je hebt deze maand veel uitgegeven aan Roblox. Voor deze en alle volgende aankopen worden betalingsbewijzen verzonden naar het geverifieerde e-mailadres van de ouder op dit account. 
CoreScripts.PurchasePrompt.PurchaseDetails.ScaryModalTwo,Je hebt deze maand veel uitgegeven aan Roblox. Wil je doorgaan? Bij deze aankoop wordt echt geld uitgewisseld. Je moet de ouder of wettelijke voogd van de accounteigenaar zijn om toestemming te geven voor deze aankoop.
CoreScripts.PurchasePrompt.PurchaseFailed.AlreadyOwn,Je bezit dit item al. Er zijn geen kosten in rekening gebracht op je account.
CoreScripts.PurchasePrompt.PurchaseFailed.CannotGetBalance,Je saldo kan op dit moment niet worden opgehaald. Er zijn geen kosten in rekening gebracht op je account. Probeer het later opnieuw.
CoreScripts.PurchasePrompt.PurchaseFailed.CannotGetItemPrice,We kunnen de prijs van het item op dit moment niet ophalen. Er zijn geen kosten in rekening gebracht op je account. Probeer het later opnieuw.
CoreScripts.PurchasePrompt.PurchaseFailed.Enable2SV,
CoreScripts.PurchasePrompt.PurchaseFailed.Enable2SVLogout,"Voor deze transactie is tweestapsverificatie vereist. Ga naar Instellingen > Beveiliging om de transactie met tweestapsverificatie uit te voeren. Als je tweestapsverificatie inschakelt, word je uitgelogd uit je huidige sessie."
CoreScripts.PurchasePrompt.PurchaseFailed.InvalidFunds,Je aankoop is mislukt omdat je niet genoeg Robux hebt op je account. Er zijn geen kosten in rekening gebracht op je account.
CoreScripts.PurchasePrompt.PurchaseFailed.Limited,Er zijn geen exemplaren meer van dit beperkte item. Probeer het van een andere gebruiker te kopen op www.roblox.com. Er zijn geen kosten in rekening gebracht op je account.
CoreScripts.PurchasePrompt.PurchaseFailed.NotEnoughRobux,Dit item kost meer Robux dan je kunt kopen. Ga naar www.roblox.com om meer Robux te kopen.
CoreScripts.PurchasePrompt.PurchaseFailed.NotEnoughRobuxNoUpsell,Dit item kost meer Robux dan je momenteel hebt. 
CoreScripts.PurchasePrompt.PurchaseFailed.NotEnoughRobuxXbox,Dit item kost meer Robux dan je momenteel hebt. Verlaat deze ervaring en ga naar het Robux-scherm om meer te kopen.
CoreScripts.PurchasePrompt.PurchaseFailed.NotForSale,Dit item is momenteel niet te koop. Er zijn geen kosten in rekening gebracht op je account.
CoreScripts.PurchasePrompt.PurchaseFailed.NotForSaleHere,Dit item kan niet worden verkocht in deze ervaring. Er zijn geen kosten in rekening gebracht op je account.
CoreScripts.PurchasePrompt.PurchaseFailed.PremiumOnly,Je hebt Roblox Premium nodig om dit item te kopen.
CoreScripts.PurchasePrompt.PurchaseFailed.PurchaseDisabled,Je aankoop is mislukt omdat aankopen in de ervaring tijdelijk zijn uitgeschakeld. Er zijn geen kosten in rekening gebracht op je account. Probeer het later opnieuw.
CoreScripts.PurchasePrompt.PurchaseFailed.ThirdPartyDisabled,De verkoop van items van derden is uitgeschakeld voor deze plaats. Er zijn geen kosten in rekening gebracht op je account.
CoreScripts.PurchasePrompt.PurchaseFailed.Under13,Je account is voor personen jonger dan 13 jaar. De aankoop van dit item is niet toegestaan. Er zijn geen kosten in rekening gebracht op je account.
CoreScripts.PurchasePrompt.PurchaseFailed.UnknownFailure,Je aankoop van {ITEM_NAME} is mislukt omdat er iets fout is gegaan. Er zijn geen kosten in rekening gebracht op je account. Probeer het later opnieuw.
CoreScripts.PurchasePrompt.PurchaseFailed.UnknownFailureNoItemName,Je aankoop is mislukt omdat er iets fout is gegaan. Er zijn geen kosten in rekening gebracht op je account. Probeer het later opnieuw.
CoreScripts.PurchasePrompt.PurchaseMessage.Succeeded,Je aankoop van {ITEM_NAME} is gelukt!
CoreScripts.PurchasePrompt.Title.BuyItem,Item kopen
CoreScripts.PurchasePrompt.Title.VerificationRequired,
CoreScripts.ScreenshotHud.Action.Cancel,
CoreScripts.ScreenshotHud.Action.TakePhoto,Foto maken
CoreScripts.TextChat.Action.SendQuickWords,Quick Words sturen
CoreScripts.TextChat.ChannelTabs.Friends,
CoreScripts.TextChat.ChannelTabs.Global2,
CoreScripts.TextChat.ChannelTabs.Here,
CoreScripts.TextChat.ChannelTabs.System,Systeem
CoreScripts.TextChat.ChannelTabs.Team,Team
CoreScripts.TextChat.ChatCommands.Mute.Description,/mute <speaker>: een spreker dempen.
CoreScripts.TextChat.ChatCommands.Unmute.Description,/unmute <speaker>: dempen van een spreker ongedaan maken.
CoreScripts.TextChat.ChatTranslation.ChatWindow.SystemMessageNew,Roblox vertaalt automatisch ondersteunde talen in de chat
CoreScripts.TextChat.ChatTranslation.FTUX.TitleNew,Chatvertaling staat aan voor ondersteunde talen
CoreScripts.TextChat.ChatWindow.ChatDisabled.AskForPermission,Je kunt hier alleen systeemberichten bekijken. Vraag je ouder om toestemming om te chatten in de Communicatie-instellingen.
CoreScripts.TextChat.ChatWindow.ChatDisabled.AskForPermissionToAgeCheck,Je kunt hier alleen systeemberichten bekijken. Vraag je ouder om toestemming voor de leeftijdscontrole in de  communicatie-instellingen.
CoreScripts.TextChat.ChatWindow.ChatDisabled.CheckAgeInAccountInfo,Je kunt hier alleen systeemberichten bekijken. Ontgrendel de chatfunctie met een leeftijdscontrole via Instellingen > Accountgegevens.
CoreScripts.TextChat.ChatWindow.ChatDisabled.CheckAgeInSettings,"Je kunt hier alleen systeemberichten bekijken. Om te chatten, moet je een leeftijdscontrole aanvragen in je Communicatie-instellingen."
CoreScripts.TextChat.ChatWindow.ChatDisabled.DontMissMessages,Mis geen berichten. Ontgrendel de chat met een leeftijdscontrole.
CoreScripts.TextChat.ChatWindow.ChatDisabled.GetAnAgeCheck,Je kunt hier alleen systeemberichten bekijken. Vraag een leeftijdscontrole aan om te chatten.
CoreScripts.TextChat.ChatWindow.ChatDisabled.OnlyViewSystemMessages,Je kunt hier alleen systeemberichten bekijken.
CoreScripts.TextChat.ChatWindow.ChatDisabled.RegionUnavailable,Je kunt hier alleen systeemberichten bekijken. De chatfunctie is niet beschikbaar in jouw regio.
CoreScripts.TextChat.ChatWindow.ChatDisabled.SettingOff,Je kunt hier alleen systeemberichten bekijken. Werk je Communicatie-instellingen bij om chat in te schakelen.
CoreScripts.TextChat.ChatWindow.ChatEnabled.ChatInRegion,Je kunt alleen systeemberichten bekijken en chatten met gebruikers in jouw regio.
CoreScripts.TextChat.ChatWindow.ChatEnabled.ChatWithAgeGroupAAndTF,Alleen mensen in vergelijkbare leeftijdsgroepen en je vertrouwde vrienden kunnen met je chatten.
CoreScripts.TextChat.ChatWindow.ChatEnabled.ChatWithAgeGroupAndTC,Alleen mensen in vergelijkbare leeftijdsgroepen en je vertrouwde connecties kunnen met je chatten.
CoreScripts.TextChat.ChatWindow.ChatEnabled.ChatWithOnlinePlayers.BelowThreshold,Zeg hallo tegen iedereen die nu aan het spelen is!
CoreScripts.TextChat.ChatWindow.ChatEnabled.ChatWithOnlinePlayers.Local.WithCount,{RBX_COUNT} andere spelers zijn in de chat. Zeg hallo!
CoreScripts.TextChat.ChatWindow.ChatEnabled.ChatWithOnlinePlayers.V3,👋 Zeg hallo tegen iedereen die nu speelt!
CoreScripts.TextChat.ChatWindow.ChatEnabled.ChatWithTF,Alleen je vertrouwde vrienden kunnen met je chatten.
CoreScripts.TextChat.ChatWindow.ChatEnabled.Global2,Chat met meer mensen in dit spel. Alleen mensen in vergelijkbare leeftijdsgroepen kunnen met je chatten.
CoreScripts.TextChat.ChatWindow.ChatEnabled.Global3,Chat met meer mensen in dit spel
CoreScripts.TextChat.ChatWindow.ChatWithOnlinePlayers.Local.Friendly,✨ Doe gezellig mee en zeg hallo tegen iedereen die nu aan het spelen is!
CoreScripts.TextChat.ChatWindow.ChatWithOnlinePlayers.Local.WithCount,👋 {RBX_COUNT} spelers zijn in de chat. Zeg hallo!
CoreScripts.TextChat.ChatWindow.HandFreeTranscriptionFTUX,Ingedrukt houden om handsfree te gaan
CoreScripts.TextChat.ChatWindow.RephrasedLabel,herformuleerd
CoreScripts.TextChat.ChatWindow.RephrasedReason.Description,Roblox herformuleert berichten die in strijd zijn met veiligheidsregels.
CoreScripts.TextChat.ChatWindow.RewrittenLabel,herschreven
CoreScripts.TextChat.ChatWindow.SummarySystemMessage,
CoreScripts.TextChat.ChatWindow.Transcribing,Transcriberen...
CoreScripts.TextChat.ChatWindow.TranscriptionFailed,Dat hebben we niet opgepikt! Probeer het opnieuw.
CoreScripts.TextChat.ChatWindow.TranscriptionLanguageUnsupported,We ondersteunen die taal nog niet!
CoreScripts.TextChat.ChatWindow.TranscriptionNoMicAccessToastBody,"Om je microfoon te gebruiken, tik je hier om je apparaatinstellingen bij te werken."
CoreScripts.TextChat.ChatWindow.TranscriptionNoMicAccessToastBodyAlternate,"Om je microfoon te gebruiken, ga je naar je apparaatinstellingen en geef je Roblox toegang tot de microfoon."
CoreScripts.TextChat.ChatWindow.TranscriptionNoMicAccessToastHeader,Geen toegang tot microfoon
CoreScripts.TextChat.ChatWindow.TranscriptionU13MicAccessToastBody,"Om berichten met je stem te verzenden, verwerken we je audio en verwijderen we deze meteen, in overeenstemming met ons privacybeleid."
CoreScripts.TextChat.ChatWindow.TranscriptionU13MicAccessToastHeader,Je hebt spraak-naar-tekstchat ingeschakeld
CoreScripts.TextChat.ChatWindow.TrustedLabel,Vertrouwd
CoreScripts.TextChat.ChatWindows.RewrittenReasonLabel,Roblox herschrijft berichten die in strijd zijn met veiligheidsregels.
CoreScripts.TextChat.Clear.Help.Description,/clear of /cls: wis berichten in chatvenster 
CoreScripts.TextChat.Description.AskYourParentForPermissionToChat,Vraag je ouder om toestemming om te chatten in Privacy > Communicatie-instellingen.
CoreScripts.TextChat.Description.RobloxSummarizesMessagesFromAllPlayers,Roblox vat berichten van spelers van alle leeftijden samen.
CoreScripts.TextChat.Description.TurnOnChatInSettings,Schakel de chat in via je Privacy > Communicatie-instellingen.
CoreScripts.TextChat.Description.UnlockChatPrivacyCommunications,Ontgrendel de chat met een leeftijdscontrole in Privacy > Communicatie-instellingen.
CoreScripts.TextChat.Description.UnlockChatWithAnAgeCheck,Ontgrendel de chat met een leeftijdscontrole.
CoreScripts.TextChat.Emote.Error.DoesNotExist,Emote bestaat niet.
CoreScripts.TextChat.Emote.Error.NotEnabled,Je kunt die emote hier niet gebruiken.
CoreScripts.TextChat.Emote.Error.NotEquipped,Je hebt die emote niet geactiveerd.
CoreScripts.TextChat.Emote.Error.NotOwnedGeneric,Je bezit die emote niet.
CoreScripts.TextChat.EnableChatButton.Label.UnlockChat,Chat ontgrendelen
CoreScripts.TextChat.Error.NoChannelAccess,Je hebt geen toegang tot dit chatkanaal
CoreScripts.TextChat.Error.NoChannelSelected,Er is geen chatkanaal geselecteerd
CoreScripts.TextChat.Error.ReadOnlyChannel,Chatkanaal (alleen lezen)
CoreScripts.TextChat.Help.FirstLine,Dit zijn de basischatopdrachten:
CoreScripts.TextChat.InputBar.Hint.ChatUnavailable,Chat niet beschikbaar
CoreScripts.TextChat.InputBar.Hint.Gamepad,Gebruik de knop '{CHAT_BUTTON}' in het menu om te chatten
CoreScripts.TextChat.InputBar.Hint.GamepadConnected,Druk op '{CONFIRM_KEY}' om te typen
CoreScripts.TextChat.InputBar.Hint.GamepadConnectedConfirm,
CoreScripts.TextChat.InputBar.Hint.MouseKeyboard,Klik hier of druk op de {KEY}-toets om te chatten
CoreScripts.TextChat.InputBar.Hint.PrivacySettingsDisabled,Je chat-instellingen voorkomen dat je berichten kunt verzenden en ontvangen.
CoreScripts.TextChat.InputBar.Hint.Touch,Tik hier om te chatten
CoreScripts.TextChat.MessageStatus.Warning.Floodchecked,Je moet wachten voordat je een ander bericht kunt verzenden.
CoreScripts.TextChat.MessageStatus.Warning.InvalidPrivacySettings,
CoreScripts.TextChat.MessageStatus.Warning.MessageTooLong,Je bericht overschrijdt de maximale berichtlengte.
CoreScripts.TextChat.MessageStatus.Warning.ModerateChatOff,Alleen-lezen-weergave uitgeschakeld.
CoreScripts.TextChat.MessageStatus.Warning.ModerateChatOn,"Alleen-lezen-weergave ingeschakeld. Sommige berichten zijn alleen-lezen, gebaseerd op je rolmachtigingen."
CoreScripts.TextChat.MessageStatus.Warning.ModerationTimeout,Je kunt momenteel geen chats verzenden. Niemand zal je berichten zien.
CoreScripts.TextChat.MessageStatus.Warning.TextFilterFailed,Er zijn momenteel problemen met de chatfilter en berichten kunnen traag verschijnen.
CoreScripts.TextChat.MessageStatus.Warning.Unknown,Je bericht kon niet worden verzonden.
CoreScripts.TextChat.Mute.Error.CannotMuteSelf,Je kunt jezelf niet dempen.
CoreScripts.TextChat.Mute.Error.MultipleMatches,De volgende gebruikers hebben deze weergavenaam: {RBX_LIST_NAMES}
CoreScripts.TextChat.Mute.Error.TargetDoesNotExist,Gebruiker '{RBX_NAME}' bestaat niet.
CoreScripts.TextChat.Mute.Success,Gebruiker '{RBX_NAME}' is gedempt.
CoreScripts.TextChat.Notification.WhisperChat.Created,Je bent nu privé aan het chatten met {RBX_NAME}.
CoreScripts.TextChat.Online.Help.Description3,/online : aantal gebruikers waarmee je in dit kanaal kunt chatten.
CoreScripts.TextChat.Online.Success.Plural,{RBX_COUNT} spelers zijn momenteel online en kunnen chatten
CoreScripts.TextChat.Online.Success.Plural2,{RBX_COUNT} andere spelers zijn online en kunnen chatten.
CoreScripts.TextChat.Online.Success.Singular,{RBX_COUNT} speler is momenteel online en kan chatten
CoreScripts.TextChat.Online.Success.Singular3,{RBX_COUNT} andere speler is online en kan chatten.
CoreScripts.TextChat.TeamChat.Error.NotOnTeam,Je kunt niet in een team chatten als je geen lid bent van een team.
CoreScripts.TextChat.TeamChat.PrefixText,[Team]
CoreScripts.TextChat.Toast.ModerateChatOff.Subtitle,Je kunt alleen chatten met mensen in vergelijkbare leeftijdsgroepen en je vertrouwde connecties.
CoreScripts.TextChat.Toast.ModerateChatOff.Subtitle.FriendsRename,Je kunt alleen chatten met mensen in vergelijkbare leeftijdsgroepen en met je vertrouwde vrienden.
CoreScripts.TextChat.Toast.ModerateChatOff.Title,Alleen-lezen-weergave uitgeschakeld
CoreScripts.TextChat.Toast.ModerateChatOn.Subtitle,"Sommige berichten zijn alleen-lezen, gebaseerd op je rolmachtigingen."
CoreScripts.TextChat.Toast.ModerateChatOn.Title,Alleen-lezen-weergave ingeschakeld
CoreScripts.TextChat.Tooltip.Global.Body,Chat met mensen hier of met meer mensen in dit spel.
CoreScripts.TextChat.Tooltip.Global.Header,Chat met meer mensen
CoreScripts.TextChat.Tooltip.QuickWords.Body,Coördineer met spelers van alle leeftijden.
CoreScripts.TextChat.Tooltip.QuickWords.Header,Samen spelen met Quick Words
CoreScripts.TextChat.Unmute.Success,Gebruiker '{RBX_NAME}' is niet meer gedempt.
CoreScripts.TextChat.Version.Success,{RBX_VERSION}
CoreScripts.TextChat.Whisper.Error.CannotChat,Je kunt niet chatten met deze persoon.
CoreScripts.TextChat.WhisperChat.PrefixText.Incoming,[Van {RBX_NAME}]
CoreScripts.TextChat.WhisperChat.PrefixText.Outgoing,[Aan {RBX_NAME}]
CoreScripts.TopBar.Back,
CoreScripts.TopBar.Chat,
CoreScripts.TopBar.ControlMessageMotion,Beweging volgen
CoreScripts.TopBar.ControlMessageOff,Uit
CoreScripts.TopBar.ControlMessageOn,Aan
CoreScripts.TopBar.ControlMessageSound,Geluid volgen
CoreScripts.TopBar.DynamicAvatarMissingErrorBody,Avatar › Aanpassen › Hoofd en lichaam
CoreScripts.TopBar.DynamicAvatarMissingErrorHeader,Gebruik een dynamisch hoofd om te knipogen!
CoreScripts.TopBar.Emotes,Emotes
CoreScripts.TopBar.GameNamePlaceHolder,
CoreScripts.TopBar.HideChat,Chat verbergen
CoreScripts.TopBar.Inventory,
CoreScripts.TopBar.JoinVoice,Spraakchat gebruiken
CoreScripts.TopBar.Label.UILessHintDescription,Druk op ESC om het Roblox-menu te openen
CoreScripts.TopBar.Label.UILessHintTitle,Nieuwe manier om het Roblox-menu te activeren
CoreScripts.TopBar.Leaderboard,
CoreScripts.TopBar.Leave,Verlaten
CoreScripts.TopBar.LoadingScreen.AutoTranslate,Automatisch vertaald
CoreScripts.TopBar.Menu,
CoreScripts.TopBar.Mic,Microfoon
CoreScripts.TopBar.MoreMenu,Menu Meer
CoreScripts.TopBar.Music,Muziek
CoreScripts.TopBar.MusicLoading,Er wordt geen audio afgespeeld
CoreScripts.TopBar.MusicNotVerified,De afgespeelde audio is niet geverifieerd
CoreScripts.TopBar.Respawn,
CoreScripts.TopBar.RobloxMenu,
CoreScripts.TopBar.RobloxMenuReferralRewardTooltip,Vrienden uitnodigen voor {referralRewardName}
CoreScripts.TopBar.RobloxPermissionErrorBody,Roblox-instellingen › Privacy › Microfoon- en camera-invoer
CoreScripts.TopBar.RobloxPermissionErrorBodyTwo,Roblox-instellingen › Privacy en contentclassificatie › Communicatie › Camera-invoer
CoreScripts.TopBar.RobloxPermissionErrorHeader,Toegang tot camera toestaan
CoreScripts.TopBar.SelfViewLabel,Zelfweergave
CoreScripts.TopBar.ShowChat,Chat weergeven
CoreScripts.TopBar.Title.ExperienceControls,Ervaringsbesturing
CoreScripts.TopBar.ToggleMic,Jezelf dempen/dempen ongedaan maken
CoreScripts.TopBar.Traversal.BackButtonDefault,Vorige ervaring
CoreScripts.TopBar.Traversal.History,Geschiedenis
CoreScripts.VRFTUX.Action.Next,
CoreScripts.VRFTUX.Action.Skip,Overslaan
CoreScripts.VRFTUX.Description.Movement.Body1,Gebruik de joystick op je <b>linker</b> controller om je in een ervaring te verplaatsen.
CoreScripts.VRFTUX.Description.Movement.Body2,Druk op de <b>A-knop</b> om te springen.
CoreScripts.VRFTUX.Description.Movement.Body3,Beweeg de <b>rechter</b> joystick om linksom of rechtsom te draaien.
CoreScripts.VRFTUX.Description.OtherSettings.Body1,Je kunt ook andere Comfort- en Immersie-instellingen wijzigen in je Ervaringsmenu.
CoreScripts.VRFTUX.Description.OtherSettings.Body2,"De tutorial is afgelopen. Veel plezier met Roblox!
Verlaat deze ervaring met de knop Verlaten op de onderste balk."
CoreScripts.VRFTUX.Description.Perspective.Body1,Wissel van de eerste naar de derde persoon door op de joystick op je <b>rechter</b> controller te klikken.
CoreScripts.VRFTUX.Description.Perspective.Body2,"Standaard speel je Roblox in de derde persoon, maar dat kan ook vanuit de eerste persoon, zodat je volledig in het spel ondergedompeld wordt."
CoreScripts.VRFTUX.Description.SafetyBubble.Body1,De functie <b>Veiligheidsbubbel</b> is er om je veilig te houden in VR.
CoreScripts.VRFTUX.Description.SafetyBubble.Body2,Dit is een onzichtbare bubbel die bepaalt hoe dicht bij andere spelers mogen komen zonder dat ze vervagen. Deze bedieningselementen pas je aan in het <b>Ervaringsmenu</b>.
CoreScripts.VRFTUX.Heading.Header,Welkom bij Roblox
CoreScripts.VRFTUX.Heading.Movement,Bewegingsbesturing
CoreScripts.VRFTUX.Heading.OtherSettings.Title,Overige instellingen
CoreScripts.VRFTUX.Heading.Perspective,Wissel van perspectief
CoreScripts.VRFTUX.Heading.SafetyBubble.Title,
CoreScripts.VRFTUX.Label.Footer,Veel plezier!
Corescripts.AvatarContextMenu.AcceptFriendRequest,
Corescripts.AvatarContextMenu.AddFriend,
Corescripts.AvatarContextMenu.Chat,Chatten
Corescripts.AvatarContextMenu.ChatDisabled,Chat uitgeschakeld
Corescripts.AvatarContextMenu.FriendRequestPending,Vriendschapsverzoek in behandeling
Corescripts.AvatarContextMenu.Friends,
Corescripts.AvatarContextMenu.PlayerBlocked,Persoon geblokkeerd
Corescripts.AvatarContextMenu.Wave,Zwaaien
Feature.AbuseReportDialog.Label.GeneralError,
Feature.Accessibility.Action.ScrollDown,Omlaag scrollen
Feature.Accessibility.Action.ScrollUp,Omhoog scrollen
Feature.Accessibility.Description.PreferredTextSize,Pas de tekstgrootte op Roblox aan volgens je voorkeuren
Feature.Accessibility.Description.PreferredTransparency,Verbeter het contrast door de transparantie op sommige achtergronden aan te passen
Feature.Accessibility.Description.ReducedMotion,
Feature.Accessibility.Description.UiNavigationKeyBind,Gebruik de toets {uiNavigationKey} om de UI-navigatiemodus te openen en te verlaten
Feature.Accessibility.Header.Haptics,
Feature.Accessibility.Heading.PreferredTextSize,Tekstgrootte
Feature.Accessibility.Heading.PreferredTransparency,Achtergrondtransparantie
Feature.Accessibility.Heading.ReducedMotion,
Feature.Accessibility.Heading.UiNavigationKeyBind,
Feature.Accessibility.PreferredTextSize.Default,
Feature.Accessibility.PreferredTextSize.Largest,Grootst
Feature.Accessibility.PreferredTransparency.Opaque,Ondoorzichtig
Feature.Accessibility.PreferredTransparency.Transparent,Transparant
Feature.AccountSecurityPrompt.Message.Error.Pin.IncorrectPin,Onjuiste PIN.
Feature.AccountSettings.Action.Verify,Verifiëren
Feature.AccountSettings.Description.AddPhoneNumber,"Voeg een telefoonnummer toe om je te helpen je aan te melden, contact te maken met vrienden en meer."
Feature.AccountSettings.Description.NotShownPublicly,Je telefoonnummer wordt nooit openbaar weergegeven.
Feature.AccountSettings.Example.Facebook,bijvoorbeeld www.facebook.com/Roblox
Feature.AccountSettings.Example.Guilded,bijv. guilded.gg/roblox
Feature.AccountSettings.Example.Twitch,bijv. www.twitch.tv/roblox/profile
Feature.AccountSettings.Example.Twitter,bijv. @Roblox
Feature.AccountSettings.Example.YouTube,bijvoorbeeld www.youtube.com/user/roblox
Feature.AccountSettings.Heading.SocialNetworks,Sociale netwerken
Feature.AccountSettings.Heading.Tab.Notifications,Meldingen
Feature.AccountSettings.Heading.Tab.Privacy,
Feature.AccountSettings.Heading.Tab.Robux,Robux
Feature.AccountSettings.Heading.Tab.Security,Beveiliging
Feature.AccountSettings.Label.Discord,Discord
Feature.AccountSettings.Label.DropDown.Everyone,
Feature.AccountSettings.Label.DropDown.FollowersV3,"Vrienden, volgen, volgers"
Feature.AccountSettings.Label.DropDown.FollowingV2,Vrienden en gebruikers die ik volg
Feature.AccountSettings.Label.DropDown.Friends,
Feature.AccountSettings.Label.DropDown.NoOne,
Feature.AccountSettings.Label.Facebook,Facebook
Feature.AccountSettings.Label.Guilded,Guilded
Feature.AccountSettings.Label.SocialLinksVisibility,Zichtbaar voor
Feature.AccountSettings.Label.Twitch,Twitch
Feature.AccountSettings.Label.X,X
Feature.AccountSettings.Label.YouTube,YouTube
Feature.AccountSettings.Message.Error.InvalidFacebookUrl,De URL van het Facebook-profiel is ongeldig.
Feature.AccountSettings.Message.Error.InvalidGuildedUrl,De URL van het Guilded-profiel is ongeldig.
Feature.AccountSettings.Message.Error.InvalidTwitchUrl,De URL van het Twitch-profiel is ongeldig.
Feature.AccountSettings.Message.Error.InvalidXUrl,De handle X is ongeldig.
Feature.AccountSettings.Message.Error.InvalidYouTubeUrl,De YouTube-URL is ongeldig.
Feature.AddFriends.Action.FriendAdded,Vriend toegevoegd
Feature.AddFriends.Action.IgnoreConnectionRequest,Connectieverzoek negeren
Feature.AddFriends.Action.IgnoreFriendRequest,Vriendschapsverzoek negeren
Feature.AddFriends.Action.IgnoreTrustedFriendRequest,Vertrouwde vriendschapsverzoek negeren
Feature.AddFriends.Action.RequestIgnored,Verzoek genegeerd
Feature.AddFriends.Label.AddFriendsTooltip,"Ga aan de slag door je vrienden te vinden, zodat jullie Roblox samen kunnen verkennen."
Feature.AddFriends.Label.AgedUpSearchForFriendsPrompt,Vind personen op Roblox door te zoeken op hun gebruikersnaam of schermnaam.
Feature.AddFriends.Label.ConnectWithContacts,Nodig contactpersonen uit of maak contact met vrienden die al op Roblox zitten!
Feature.AddFriends.Label.InputPlaceholder.SearchForPeople,Personen zoeken
Feature.AddFriends.Label.InputPlaceholder.SearchForPeopleAltCapitalization,
Feature.AddFriends.Label.SearchForFriendsPrompt,
Feature.AddFriends.Label.SyncWithContacts,Synchroniseer contactpersonen om vrienden te vinden en uit te nodigen!
Feature.AddFriends.Title.AddFriendsTooltipTitle,Roblox is beter met vrienden!
Feature.AddFriends.Title.ConnectWithContacts,Toevoegen vanuit contactpersonen
Feature.AgeVerificationUpsell.Body.AgeSettingsRedirect,Ontgrendel meer content en functies.
Feature.AgeVerificationUpsell.Button.Cancel,
Feature.AgeVerificationUpsell.Button.Continue,
Feature.AgeVerificationUpsell.Button.Settings,Mijn leeftijd verifiëren
Feature.AgeVerificationUpsell.Modal.ContentText,"Verifieer je leeftijd om toegang te krijgen tot deze ervaring.

1. Ga naar Accountinformatie > Mijn leeftijd verifiëren
2. Voltooi het verificatieproces
"
Feature.AgeVerificationUpsell.Modal.Title,
Feature.AgeVerificationUpsell.Title.AgeSettingsRedirect,Vraag een leeftijdscontrole aan via Instellingen
Feature.AppealsPortal.Action.OK,
Feature.AppealsPortal.Label.ReportAndAppeals,Overtredingen en bezwaren
Feature.Avatar.Action.AddNewMakeupLook,Nieuwe look toevoegen
Feature.Avatar.Action.Cancel,
Feature.Avatar.Action.CancelSelection,Selectie annuleren
Feature.Avatar.Action.Clear,Wissen
Feature.Avatar.Action.ComposerPost,Posten
Feature.Avatar.Action.ComposerPreviewAndPost,Voorbeeld bekijken en posten
Feature.Avatar.Action.CreateSet,
Feature.Avatar.Action.CreateSetFirstRun,Set maken
Feature.Avatar.Action.Default,
Feature.Avatar.Action.DefaultView,Standaardweergave
Feature.Avatar.Action.Delete,
Feature.Avatar.Action.DeleteAvatars,Avatars verwijderen
Feature.Avatar.Action.DeleteSet,Set verwijderen
Feature.Avatar.Action.Discard,
Feature.Avatar.Action.EditProfilePicture,Profielfoto bewerken
Feature.Avatar.Action.GoBack,Vorige
Feature.Avatar.Action.GotIt,Begrepen
Feature.Avatar.Action.Keep,Behouden
Feature.Avatar.Action.Leave,
Feature.Avatar.Action.ManageCharacters,Personages beheren
Feature.Avatar.Action.ManageMakeupLooks,Looks beheren
Feature.Avatar.Action.Marketplace,Marktplaats
Feature.Avatar.Action.MyPublishedAvatars,Mijn gepubliceerde avatars
Feature.Avatar.Action.MySharedAvatars,Mijn geposte avatars
Feature.Avatar.Action.Next,
Feature.Avatar.Action.NotNow,Niet nu
Feature.Avatar.Action.Pan,Pan
Feature.Avatar.Action.Posting,Bezig met posten
Feature.Avatar.Action.Remove,
Feature.Avatar.Action.RemoveAll,Alles verwijderen
Feature.Avatar.Action.RemoveFromSet,Verwijderen uit set
Feature.Avatar.Action.Rename,Hernoemen
Feature.Avatar.Action.RenameSet,Set hernoemen
Feature.Avatar.Action.Reset,
Feature.Avatar.Action.RestoreLastSaved,Laatst opgeslagen avatar herstellen
Feature.Avatar.Action.Revert,Terugzetten
Feature.Avatar.Action.Rotate,
Feature.Avatar.Action.Save,
Feature.Avatar.Action.SaveAsNew,Opslaan als nieuw
Feature.Avatar.Action.Select,
Feature.Avatar.Action.SelectMultipleItems,Meerdere items selecteren
Feature.Avatar.Action.SelectSlot,Slot selecteren
Feature.Avatar.Action.Share,Delen
Feature.Avatar.Action.ShareAvatar,Avatar posten
Feature.Avatar.Action.ShareCurrentAvatar,Huidige avatar posten
Feature.Avatar.Action.Shop,Winkelen
Feature.Avatar.Action.ShopForMore,Winkelen voor meer
Feature.Avatar.Action.ShowMore,
Feature.Avatar.Action.SlotEmote,Emote in slot zetten
Feature.Avatar.Action.Stay,Blijven
Feature.Avatar.Action.Switch,Wisselen
Feature.Avatar.Action.TryOn,
Feature.Avatar.Action.Unequip,Niet meer gebruiken
Feature.Avatar.Action.Unselect,Selectie ongedaan maken
Feature.Avatar.Action.UnslotEmote,Emote uit slot halen
Feature.Avatar.Action.Update,
Feature.Avatar.Action.UpdateExistingCharacter,Bestaand personage bijwerken
Feature.Avatar.Action.UpdateExistingMakeupLook,Bestaande look bijwerken
Feature.Avatar.Action.UpdateMakeupLook,Look bijwerken
Feature.Avatar.Action.Zoom,
Feature.Avatar.AvatarWidgetTitle,Stijlen ontdekken
Feature.Avatar.BackgroundGeneration.Action.Cancel,
Feature.Avatar.BackgroundGeneration.Action.DeleteBackground,
Feature.Avatar.BackgroundGeneration.Action.DiscardDialogCancel,
Feature.Avatar.BackgroundGeneration.Action.DiscardDialogConfirm,
Feature.Avatar.BackgroundGeneration.Action.Okay,
Feature.Avatar.BackgroundGeneration.Action.Publish,Publiceren
Feature.Avatar.BackgroundGeneration.Action.Upload,Uploaden
Feature.Avatar.BackgroundGeneration.Action.View,
Feature.Avatar.BackgroundGeneration.Action.ViewExclusiveBackgrounds,
Feature.Avatar.BackgroundGeneration.Description.CreateBackgroundsWithPlus,Achtergronden maken met Plus.
Feature.Avatar.BackgroundGeneration.Description.DiscardDialog,"Je achtergrond is nog niet gepubliceerd. Als je nu stopt, gaat die verloren."
Feature.Avatar.BackgroundGeneration.Description.ReadyToUse,Je creatie is klaar voor gebruik.
Feature.Avatar.BackgroundGeneration.Description.ReviewBeforePublish,"Deze achtergrond is gegenereerd met AI. Door te publiceren, bevestig je dat die voldoet aan de Communityrichtlijnen van Roblox en geen content gebruikt waarvoor je geen rechten hebt. De achtergrond wordt beoordeeld voordat die in je inventaris wordt weergegeven, en gepubliceerde items kunnen niet worden bewerkt."
Feature.Avatar.BackgroundGeneration.Description.ReviewBeforeUpload,"Deze achtergrond is gegenereerd met AI. Door te uploaden, bevestig je dat die voldoet aan de Communityrichtlijnen van Roblox en geen content gebruikt waarvoor je geen rechten hebt. De achtergrond wordt beoordeeld voordat die in je inventaris wordt weergegeven. Geüploade items kunnen niet worden bewerkt."
Feature.Avatar.BackgroundGeneration.Description.UnlockExclusiveBackgrounds,Ontgrendel gratis exclusieve achtergronden met Plus.
Feature.Avatar.BackgroundGeneration.Description.ViewExclusiveBackgrounds,Bekijk je gratis exclusieve Plus-achtergronden.
Feature.Avatar.BackgroundGeneration.Error.CouldntPublish,Het item voldeed niet aan de Communityrichtlijnen
Feature.Avatar.BackgroundGeneration.Error.LimitReached,Je hebt je gebruikslimiet bereikt. Probeer het later opnieuw om verder te gaan met aanpassen.
Feature.Avatar.BackgroundGeneration.Error.LimitReachedDay,Je hebt je gebruikslimiet bereikt. Probeer het morgen opnieuw om verder te gaan met aanpassen.
Feature.Avatar.BackgroundGeneration.Error.LimitReachedHour,Je hebt je gebruikslimiet bereikt. Probeer het over 1 uur opnieuw om verder te gaan met aanpassen.
Feature.Avatar.BackgroundGeneration.Error.LimitReachedMinute,Je hebt je gebruikslimiet bereikt. Probeer het over 1 minuut opnieuw om verder te gaan met aanpassen.
Feature.Avatar.BackgroundGeneration.Error.Moderation,Die prompt voldoet niet aan onze richtlijnen. Probeer iets anders te beschrijven.
Feature.Avatar.BackgroundGeneration.Error.ModerationFailed,"Deze achtergrond voldoet niet aan de Communityrichtlijnen van Roblox, dus die is niet toegevoegd aan je inventaris. Probeer een nieuwe te genereren."
Feature.Avatar.BackgroundGeneration.Error.System,Er is iets misgegaan bij het genereren van je achtergrond. Probeer het opnieuw.
Feature.Avatar.BackgroundGeneration.Error.UploadQuotaAllTime,Je hebt je limiet voor het aantal publicaties in totaal bereikt.
Feature.Avatar.BackgroundGeneration.Error.UploadQuotaDaily,Je hebt je limiet voor het aantal publicaties per dag bereikt. Probeer het morgen nog een keer.
Feature.Avatar.BackgroundGeneration.Error.UploadQuotaHourly,Je hebt je limiet voor het aantal publicaties per uur bereikt. Probeer het over een uur opnieuw.
Feature.Avatar.BackgroundGeneration.Error.UploadQuotaMonthly,Je hebt je limiet voor het aantal publicaties per maand bereikt. Probeer het volgende maand opnieuw.
Feature.Avatar.BackgroundGeneration.Label.CharacterCount,{count}/{max}
Feature.Avatar.BackgroundGeneration.Label.Description,
Feature.Avatar.BackgroundGeneration.Label.ExclusiveWithPlus,Exclusief met Plus
Feature.Avatar.BackgroundGeneration.Label.Name,
Feature.Avatar.BackgroundGeneration.Label.PublishQuotaPeriodDaily,vandaag
Feature.Avatar.BackgroundGeneration.Label.PublishQuotaPeriodHourly,dit uur
Feature.Avatar.BackgroundGeneration.Label.PublishQuotaPeriodMonthly,deze maand
Feature.Avatar.BackgroundGeneration.Label.PublishQuotaRemainingPlural,Nog {count} achtergronden
Feature.Avatar.BackgroundGeneration.Label.PublishQuotaRemainingSingular,Nog {count} achtergrond
Feature.Avatar.BackgroundGeneration.Label.PublishQuotaResetDays,dagen
Feature.Avatar.BackgroundGeneration.Label.PublishQuotaResetHours,uur
Feature.Avatar.BackgroundGeneration.Label.PublishQuotaResetMinutes,minuten
Feature.Avatar.BackgroundGeneration.Label.PublishQuotaResetPrefix,Wordt gereset over
Feature.Avatar.BackgroundGeneration.PromptPlaceholder,Beschrijf je achtergrond...
Feature.Avatar.BackgroundGeneration.Status.Generating,Je achtergrond wordt gegenereerd...
Feature.Avatar.BackgroundGeneration.Status.Preparing,Je achtergrond wordt voorbereid...
Feature.Avatar.BackgroundGeneration.Title,Achtergrond maken
Feature.Avatar.BackgroundGeneration.Title.DiscardDialog,Afsluiten zonder te publiceren?
Feature.Avatar.BackgroundGeneration.Title.PublishBackground,
Feature.Avatar.BackgroundGeneration.Title.PublishToInventory,Publiceren in inventaris
Feature.Avatar.BackgroundGeneration.Title.UploadBackground,
Feature.Avatar.BackgroundGeneration.Title.UploadToInventory,Uploaden naar inventaris
Feature.Avatar.BackgroundGeneration.Tooltip.CreateBackground,Maak gratis achtergronden met Plus!
Feature.Avatar.BackgroundGeneration.Tooltip.PublishBackground,Publiceren in je inventaris
Feature.Avatar.Backgrounds.Title,Achtergronden
Feature.Avatar.ColorAdjustmentPage.AdjustmentNotAvailableForBody,Aanpassen is niet beschikbaar voor deze lichaamsstijl.
Feature.Avatar.ColorAdjustmentPage.Label.SelectDefaultColors,Standaard instellen op originele lichaamskleuren
Feature.Avatar.ColorAdjustmentPage.Title,Huidskleur
Feature.Avatar.ComposerPosting,
Feature.Avatar.Description.MakeupIntroFtux,Creëer je eigen unieke look met eindeloze make-upcombinaties.
Feature.Avatar.EmoteAlreadyAssigned,Deze emote is al toegewezen aan een slot
Feature.Avatar.Feature.Avatar.BackgroundGeneration.Title,
Feature.Avatar.Feature.DisplayName.ErrorMessage.SomethingWentWrong,
Feature.Avatar.Generic.Error,
Feature.Avatar.GetInspired,Laat je inspireren
Feature.Avatar.Header.Post,
Feature.Avatar.Heading.AccessoryAdjustmentTitle,Accessoire aanpassen
Feature.Avatar.Heading.Active,Actief
Feature.Avatar.Heading.All,Alles
Feature.Avatar.Heading.Animations,Animaties
Feature.Avatar.Heading.AvatarLooksWidget,Avatars
Feature.Avatar.Heading.BodyParts,Lichaamsdelen
Feature.Avatar.Heading.Clothing,Kleding
Feature.Avatar.Heading.DeleteAssets,Assets verwijderen
Feature.Avatar.Heading.DeleteCharacter,Dit personage verwijderen?
Feature.Avatar.Heading.DuplicateCharacter,Personage dupliceren
Feature.Avatar.Heading.Emotes,
Feature.Avatar.Heading.Expired,Verlopen
Feature.Avatar.Heading.Filter,Filter
Feature.Avatar.Heading.Filters,Filters
Feature.Avatar.Heading.LooksAvatarSaved,Avatar opgeslagen!
Feature.Avatar.Heading.LooksCharacterSaved,Personage opgeslagen!
Feature.Avatar.Heading.LooksPurchaseFailed,
Feature.Avatar.Heading.LooksPurchasePartialSuccess,Gedeeltelijk gelukt
Feature.Avatar.Heading.MakeupLookSaved,Make-uplook opgeslagen!
Feature.Avatar.Heading.Manage,Beheren
Feature.Avatar.Heading.MySharedAvatarsTitle,
Feature.Avatar.Heading.Outfits,Outfits
Feature.Avatar.Heading.RenameCharacter,
Feature.Avatar.Heading.SaveCostume,Personage opslaan
Feature.Avatar.Heading.SelectToUpdate,Selecteren om bij te werken
Feature.Avatar.Heading.SetLimitReached,Limiet voor aantal sets bereikt
Feature.Avatar.Heading.SetNameDuplicate,Naam dupliceren
Feature.Avatar.Heading.SetNameNotAllowed,Naam niet toegestaan
Feature.Avatar.Heading.SetUpdateFailed,Kan set niet bijwerken
Feature.Avatar.Heading.SharePublicAvatar,Deel je avatar
Feature.Avatar.Heading.SortBy,Sorteren op
Feature.Avatar.Heading.UsedName,Gebruikte naam
Feature.Avatar.Heading.WearConfirmation,Item dragen
Feature.Avatar.HeroWidget.BundleTitle,Korblox Pactbreker
Feature.Avatar.HeroWidget.CapsuleDescription,Drie nieuwe versies van Roblox-originals
Feature.Avatar.HeroWidget.CapsulePoolDescription,Drie nieuwe items om indruk te maken
Feature.Avatar.HeroWidget.CapsulePoolTitle,Pool Party
Feature.Avatar.HeroWidget.CapsuleTitle,"Klassiekers, opnieuw uitgevonden"
Feature.Avatar.ItemDidNotMeetRobloxCommunityStandards.BodyText,{category} '{item}' is verwijderd omdat deze in strijd is met de Communityrichtlijnen van Roblox.{lineBreak}Ga naar de pagina Overtredingen en bezwaren voor meer informatie of om een nieuwe beoordeling aan te vragen.
Feature.Avatar.ItemDidNotMeetRobloxCommunityStandards.TitleText,Het item voldeed niet aan de Communityrichtlijnen van Roblox
Feature.Avatar.ItemsRemovedFromAvatar.TitleText,Item verwijderd uit avatar
Feature.Avatar.Label,
Feature.Avatar.Label.AbyssBlue,Abyss Blue
Feature.Avatar.Label.AbyssBlueDark,Abyss Blue (donker)
Feature.Avatar.Label.AbyssBlueLight,Abyss Blue (licht)
Feature.Avatar.Label.Accessory,Accessoire
Feature.Avatar.Label.AccessoryAdjustment.Entry.Tooltip,Pas de pasvorm van je accessoires aan!
Feature.Avatar.Label.AccessoryAdjustment.Items.Tooltip,Selecteer het item dat je wilt aanpassen
Feature.Avatar.Label.AccessoryCannotBeAdjustedWarning,Aanpassen is niet beschikbaar voor dit item.
Feature.Avatar.Label.Add,
Feature.Avatar.Label.AddEdit,Toevoegen/bewerken
Feature.Avatar.Label.AddManage,Toevoegen/beheren
Feature.Avatar.Label.AddManage2,
Feature.Avatar.Label.AllAvatarSets,Alle
Feature.Avatar.Label.AllFolders,
Feature.Avatar.Label.AllHeads,Alle hoofden
Feature.Avatar.Label.AnimationFullSet,Volledige set
Feature.Avatar.Label.AvatarAdjustment,Avatar aanpassen
Feature.Avatar.Label.AvatarBackground,Avatarachtergrond
Feature.Avatar.Label.Avatars,
Feature.Avatar.Label.Back,Achterzijde
Feature.Avatar.Label.Backgrounds,
Feature.Avatar.Label.Blocky,Blokachtig
Feature.Avatar.Label.BodyColorAdvancedView,Geavanceerd
Feature.Avatar.Label.BodyColorAllLimbs,
Feature.Avatar.Label.BodyColorHead,Hoofd
Feature.Avatar.Label.BodyColorLeftArm,Linkerarm
Feature.Avatar.Label.BodyColorLeftLeg,Linkerbeen
Feature.Avatar.Label.BodyColorRightArm,Rechterarm
Feature.Avatar.Label.BodyColorRightLeg,Rechterbeen
Feature.Avatar.Label.BodyColorStandardView,
Feature.Avatar.Label.BodyColorTorso,Torso
Feature.Avatar.Label.BodyParts,Lichaamsdelen: {bodyPart}
Feature.Avatar.Label.BodySize,Lichaamsmaten
Feature.Avatar.Label.BodyType,Lichaamstype
Feature.Avatar.Label.Bodysuits,Bodysuits
Feature.Avatar.Label.Bottom,Onderkant
Feature.Avatar.Label.Bottoms,Onderkleding
Feature.Avatar.Label.Build,
Feature.Avatar.Label.BuyAvatarQuestion,Wil je deze avatar kopen?
Feature.Avatar.Label.BuyLookQuestion,Wil je deze outfit kopen?
Feature.Avatar.Label.BuyMakeupQuestion,Wil je deze make-uplook kopen?
Feature.Avatar.Label.BuyOutfitLuobuMultiple,Speel met mate en geef verantwoord geld uit. Wil je [{numItems}] items kopen?
Feature.Avatar.Label.BuyOutfitLuobuSingle,Speel met mate en geef verantwoord geld uit. Wil je [1] item kopen?
Feature.Avatar.Label.BuyOutfitMultiple,Wil je [{numItems}] items kopen?
Feature.Avatar.Label.BuyOutfitSingle,Wil je [1] item kopen?
Feature.Avatar.Label.By,Door
Feature.Avatar.Label.ClassicFaces,Klassieke gezichten
Feature.Avatar.Label.ClassicHeads,Klassieke hoofden
Feature.Avatar.Label.ClassicPants,Klassieke broeken
Feature.Avatar.Label.ClassicShirts,Klassieke shirts
Feature.Avatar.Label.ClassicTShirts,Klassieke T-shirts
Feature.Avatar.Label.ClearByCategory,{category} wissen
Feature.Avatar.Label.Climb,Klimmen
Feature.Avatar.Label.ClimbAnimations,Klimanimaties
Feature.Avatar.Label.Continue,
Feature.Avatar.Label.CostumeWarning,"Naam mag alleen letters, cijfers en spaties bevatten"
Feature.Avatar.Label.CountSelected,{itemCount} geselecteerd
Feature.Avatar.Label.Creations,Creaties
Feature.Avatar.Label.CurrentlyWearing,Momenteel gedragen
Feature.Avatar.Label.DefaultBody,Standaardlichaam
Feature.Avatar.Label.DeleteSetBody,"Als je deze set verwijdert, worden de outfits erin niet verwijderd."
Feature.Avatar.Label.Details,Details ({quantity})
Feature.Avatar.Label.DetailsButton,Gegevens
Feature.Avatar.Label.DressesAndSkirts,Jurken en rokken
Feature.Avatar.Label.DuplicateMakeupLookDialog,Je hebt deze look al toegevoegd als '{lookName}'. Wil je deze opnieuw toevoegen?
Feature.Avatar.Label.DynamicHead,Dynamisch hoofd
Feature.Avatar.Label.DynamicHeads,Dynamische hoofden
Feature.Avatar.Label.Emote,Emote
Feature.Avatar.Label.EnterCostumeName,Voer een naam in voor dit nieuwe personage
Feature.Avatar.Label.EnterNewCostumeName,Voer een nieuwe naam in voor dit personage
Feature.Avatar.Label.EyeMakeup,Ogen
Feature.Avatar.Label.Eyebrows,Wenkbrauwen
Feature.Avatar.Label.Eyelashes,Wimpers
Feature.Avatar.Label.Face,Gezicht
Feature.Avatar.Label.FaceMakeup,
Feature.Avatar.Label.FacialAnimation,Facial Animation
Feature.Avatar.Label.Fall,Vallen
Feature.Avatar.Label.FallAnimations,Valanimaties
Feature.Avatar.Label.Front,Voorzijde
Feature.Avatar.Label.FullBody,Volledig lichaam
Feature.Avatar.Label.FullMasks,Volledige maskers
Feature.Avatar.Label.FullPair,Volledig paar
Feature.Avatar.Label.Gear,Uitrusting
Feature.Avatar.Label.GenericSetError,Er is iets misgegaan. Probeer het opnieuw.
Feature.Avatar.Label.GetLookQuestion,Wil je deze outfit gratis ontvangen?
Feature.Avatar.Label.GetOutfitMultiple,Wil je [{numItems}] items gratis ontvangen?
Feature.Avatar.Label.GetOutfitOne,Wil je [1] item gratis ontvangen?
Feature.Avatar.Label.Hair,Haar
Feature.Avatar.Label.HandAndArm,Hand en arm
Feature.Avatar.Label.Hat,Hoofddeksel
Feature.Avatar.Label.Head,
Feature.Avatar.Label.HeadBody,Hoofd en lichaam
Feature.Avatar.Label.HeadRefinement.Adjust.Title,Hoofd aanpassen
Feature.Avatar.Label.HeadRefinement.Adjust.Tooltip,Pas het hoofd hier aan!
Feature.Avatar.Label.HeadRefinement.CombinedCategories.Tooltip,Alle klassiekers staan nu onder Hoofden
Feature.Avatar.Label.HeadRefinement.DH.Title,Klassieke vormen
Feature.Avatar.Label.HeadRefinement.Description,Kies een hoofdstijl om te gebruiken met je klassieke gezicht.
Feature.Avatar.Label.HeadRefinement.Description.Unsupported,Aanpassen is niet beschikbaar voor deze hoofdstijl.
Feature.Avatar.Label.HeadRefinement.FacialAnimation,
Feature.Avatar.Label.HeadRefinement.Title,Hoofdvorm
Feature.Avatar.Label.HeadSize,Hoofdmaten
Feature.Avatar.Label.Heads,Hoofden
Feature.Avatar.Label.Idle,Inactief
Feature.Avatar.Label.IdleAnimations,Inactieve animaties
Feature.Avatar.Label.Jacket,Jas
Feature.Avatar.Label.Jackets,Jassen
Feature.Avatar.Label.Jump,Springen
Feature.Avatar.Label.JumpAnimations,Springanimaties
Feature.Avatar.Label.LayeredClothingR15Warning,Werk je lichaamstype bij naar R15 om dit item in te schakelen.
Feature.Avatar.Label.LayeredClothingSwitchR6Warning,"R6-personages hebben beperkingen. Als je overschakelt, worden alle niet-ondersteunde items verwijderd."
Feature.Avatar.Label.LeftArm,
Feature.Avatar.Label.LeftArms,Linkerarmen
Feature.Avatar.Label.LeftInitial,L
Feature.Avatar.Label.LeftLeg,
Feature.Avatar.Label.LeftLegs,Linkerbenen
Feature.Avatar.Label.LeftShoe,Linkerschoen
Feature.Avatar.Label.LeftShoes,Linkerschoenen
Feature.Avatar.Label.LipMakeup,Lippen
Feature.Avatar.Label.LoadingSets,Sets laden...
Feature.Avatar.Label.Looks,Looks
Feature.Avatar.Label.Makeup,Make-up
Feature.Avatar.Label.MakeupLayer,Laag {layerIndex}
Feature.Avatar.Label.MakeupLooks,Make-uplooks
Feature.Avatar.Label.ManageItems,Items beheren
Feature.Avatar.Label.Message.BlockingSavePrompt,"Als je nu niet opslaat, gaan alle wijzigingen verloren."
Feature.Avatar.Label.Message.DeleteAvatars,Dit kan niet ongedaan worden gemaakt.
Feature.Avatar.Label.Message.DuplicateAvatar,Het lijkt erop dat je eerder een vergelijkbare avatar hebt opgeslagen:
Feature.Avatar.Label.ModerationFailed,Moderatie mislukt
Feature.Avatar.Label.Mood,Stemming
Feature.Avatar.Label.MultiNoLongerAvailableInCollection,Deze assets zijn niet meer beschikbaar in deze verzameling:
Feature.Avatar.Label.MyPostedAvatars.Tooltip,Geposte avatars worden openbaar op de Marktplaats
Feature.Avatar.Label.Name,
Feature.Avatar.Label.Neck,Nek
Feature.Avatar.Label.Newest,Nieuwste
Feature.Avatar.Label.NoExpiredItems,Geen verlopen {itemType}
Feature.Avatar.Label.NoItems,Geen {itemType}
Feature.Avatar.Label.NoLongerAvailableInCollection,Het is dan niet meer beschikbaar in deze verzameling
Feature.Avatar.Label.NoSets,Nog geen sets
Feature.Avatar.Label.Outerwear,Buitenkleding
Feature.Avatar.Label.OutfitIncomplete,"De outfit die je hebt gemaakt, is niet gekocht en wordt niet in de ervaring weergegeven"
Feature.Avatar.Label.OutfitPurchaseFailure,Sorry! [{numItems}] aankopen mislukt!
Feature.Avatar.Label.OutfitPurchaseSuccess,[{numItems}] items gekocht!
Feature.Avatar.Label.PPEEmoteR15Warning,Werk je lichaamstype bij naar R15 om emotes in te schakelen en je avatar te laten poseren.
Feature.Avatar.Label.PPEFinalBody,Beide weergaven worden in de hele app als je profielfoto gebruikt.
Feature.Avatar.Label.PPEFinalHeader,Voorbeeld
Feature.Avatar.Label.PPEFinalSubheader,Ziet er goed uit!
Feature.Avatar.Label.PPEFinishedToast,Profielfoto gewijzigd!
Feature.Avatar.Label.PPEPositionCameraHeader,Camera positioneren
Feature.Avatar.Label.PPEViewCloseupButton,Close-up bekijken
Feature.Avatar.Label.PPEViewFullButton,Volledige avatar bekijken
Feature.Avatar.Label.Pants,Broeken
Feature.Avatar.Label.PantsClassic,Klassieke broek
Feature.Avatar.Label.Photobooth,Fotohokje
Feature.Avatar.Label.ProfileFrames,Frames
Feature.Avatar.Label.ProfileFramesUnlockBanner,Frames ontgrendelen met Plus
Feature.Avatar.Label.Props,Props
Feature.Avatar.Label.Purchased,
Feature.Avatar.Label.QuickMenuCustomizeTitle,Opties aanpassen
Feature.Avatar.Label.QuickMenuLandingPageTitle,Avatar-opties
Feature.Avatar.Label.R15,R15
Feature.Avatar.Label.R6,R6
Feature.Avatar.Label.R6R15,R6/R15
Feature.Avatar.Label.RecentlyWorn,Onlangs gedragen
Feature.Avatar.Label.RemoveFromSetBody,Deze avatars worden uit deze set verwijderd. Ze worden niet gewist.
Feature.Avatar.Label.Replace,Vervangen
Feature.Avatar.Label.ResetToNewCharacter,Je schakelt over naar een nieuw personage. Wil je alle outfit-items resetten of behouden?
Feature.Avatar.Label.ResetTryOn,Resetten naar huidige avatar
Feature.Avatar.Label.Right,R
Feature.Avatar.Label.RightArm,
Feature.Avatar.Label.RightArms,Rechterarmen
Feature.Avatar.Label.RightInitial,
Feature.Avatar.Label.RightLeg,
Feature.Avatar.Label.RightLegs,Rechterbenen
Feature.Avatar.Label.RightShoe,Rechterschoen
Feature.Avatar.Label.RightShoes,Rechterschoenen
Feature.Avatar.Label.Run,Rennen
Feature.Avatar.Label.RunAnimations,Renanimaties
Feature.Avatar.Label.SavedSimilarCharacter,Het lijkt erop dat je eerder een vergelijkbaar personage hebt opgeslagen:
Feature.Avatar.Label.SavedSimilarCharacterNoName,Het lijkt erop dat je eerder een vergelijkbaar personage hebt opgeslagen
Feature.Avatar.Label.Scenes,Scènes
Feature.Avatar.Label.SearchLandingPage.Title.RecentSearches,Recente zoekopdrachten
Feature.Avatar.Label.SearchLandingPage.Title.RecentlyViewedItems,Onlangs bekeken
Feature.Avatar.Label.SearchLandingPage.Title.RecentlyViewedSearchItems,Blijf shoppen voor
Feature.Avatar.Label.SelectItem,
Feature.Avatar.Label.SetAvatarCount,{itemCount} avatars
Feature.Avatar.Label.SetLimitReachedBody,Je kunt maximaal {setLimit} sets hebben. Verwijder er een om ruimte te maken
Feature.Avatar.Label.SetNameDuplicateBody,Je hebt al een set met deze naam. Kies een andere naam.
Feature.Avatar.Label.SetNameNotAllowedBody,Kies een andere naam
Feature.Avatar.Label.SharePublicAvatar.Tooltip,Avatars op de Marktplaats posten
Feature.Avatar.Label.Shirt,Shirt
Feature.Avatar.Label.ShirtClassic,Klassiek shirt
Feature.Avatar.Label.Shirts,Shirts
Feature.Avatar.Label.ShoeL,Schoen (L)
Feature.Avatar.Label.ShoeR,Schoen (R)
Feature.Avatar.Label.Shoes,Schoenen
Feature.Avatar.Label.Shorts,Shorts
Feature.Avatar.Label.Shoulder,Schouder
Feature.Avatar.Label.Skin,Huid
Feature.Avatar.Label.Sweater,Trui
Feature.Avatar.Label.Sweaters,Truien
Feature.Avatar.Label.Swim,Zwemmen
Feature.Avatar.Label.SwimAnimations,Zwemanimaties
Feature.Avatar.Label.SwitchToR15,Overschakelen naar R15
Feature.Avatar.Label.TShirt,T-shirt
Feature.Avatar.Label.TShirtClassic,Klassiek T-shirt
Feature.Avatar.Label.Title.AccessoryAdjustment,
Feature.Avatar.Label.Title.AddNewAvatar,Toevoegen als nieuwe avatar
Feature.Avatar.Label.Title.AddToMyAvatars,Toevoegen aan mijn avatars
Feature.Avatar.Label.Title.AddToMyMakeupLooks,Toevoegen aan mijn make-uplooks
Feature.Avatar.Label.Title.AvatarName,Naam van avatar invoeren
Feature.Avatar.Label.Title.AvatarSwitcher,Mijn avatars
Feature.Avatar.Label.Title.BlockingSavePrompt,Avatar opslaan?
Feature.Avatar.Label.Title.BodyShape,Lichaamsvorm
Feature.Avatar.Label.Title.ClothingLayering,Kleding in laagjes
Feature.Avatar.Label.Title.DeleteMultipleAvatars, {count} avatars verwijderen?
Feature.Avatar.Label.Title.DeleteSingleAvatar,Deze avatar verwijderen?
Feature.Avatar.Label.Title.DuplicateAvatar,Avatar dupliceren
Feature.Avatar.Label.Title.Emotes,
Feature.Avatar.Label.Title.HeadAdjustment,
Feature.Avatar.Label.Title.Inventory,
Feature.Avatar.Label.Title.MakeupLayering,Make-up in laagjes
Feature.Avatar.Label.Title.ManageAvatars,Avatars beheren
Feature.Avatar.Label.Title.MyAvatars,
Feature.Avatar.Label.Title.MyInventory,Mijn inventaris
Feature.Avatar.Label.Title.ProfilePhoto,Profielfoto
Feature.Avatar.Label.Title.ReplaceAvatar,Avatar vervangen
Feature.Avatar.Label.Title.Save,
Feature.Avatar.Label.Title.SaveToMyAvatars,Opslaan in mijn avatars
Feature.Avatar.Label.Title.UpdateAvatar,Bestaande avatar vervangen
Feature.Avatar.Label.Title.WearAfterPurchase,Dragen na aankoop
Feature.Avatar.Label.Title.WearAndSaveAfterPurchase,Dragen en opslaan na aankoop
Feature.Avatar.Label.Top,Bovenkant
Feature.Avatar.Label.Torso,
Feature.Avatar.Label.Torsos,Torso's
Feature.Avatar.Label.TropicalRunway,Tropische runway
Feature.Avatar.Label.TryOnFail,Kan item niet passen. Probeer het later opnieuw.
Feature.Avatar.Label.TryOnManagerDescriptor,Totaal: {numItems} items
Feature.Avatar.Label.Unavailable,N.v.t.
Feature.Avatar.Label.UsedNameLong,Het lijkt erop dat je deze naam al eerder hebt gebruikt. Wil je toch opslaan?
Feature.Avatar.Label.Waist,Taille
Feature.Avatar.Label.Walk,Lopen
Feature.Avatar.Label.WalkAnimations,Loopanimaties
Feature.Avatar.Label.WholeBody,Hele lichaam
Feature.Avatar.Message.AddAvatarAgain,Je hebt deze avatar al toegevoegd als '{prevAvatar}'. Wil je deze opnieuw toevoegen?
Feature.Avatar.Message.AdjustAndFit,Je items aanpassen en passen
Feature.Avatar.Message.AlreadyAcquired,Je hebt dit item al verkregen.
Feature.Avatar.Message.AvatarAdded,'{avatarName}' is toegevoegd
Feature.Avatar.Message.AvatarDeleted,Avatar verwijderd
Feature.Avatar.Message.AvatarRenamed,Avatar hernoemd
Feature.Avatar.Message.AvatarUpdated,'{avatarName}' is bijgewerkt
Feature.Avatar.Message.BulkDeleteMakeupLook,{count} make-uplooks verwijderd
Feature.Avatar.Message.CameraFacialAnimationPaused,Camera is tijdelijk gedeactiveerd bij het activeren van emotes
Feature.Avatar.Message.ClassicHeadAndR6CameraWarning,Klassieke hoofden en R6-avatars ondersteunen geen Facial Animation
Feature.Avatar.Message.ClearAccessories,Hierdoor worden alle accessoires verwijderd die je momenteel draagt.
Feature.Avatar.Message.ClearAnimations,Hierdoor worden alle animaties verwijderd die je momenteel draagt.
Feature.Avatar.Message.ClearBody,Hierdoor wordt alles verwijderd wat je momenteel draagt onder Lichaam.
Feature.Avatar.Message.ClearClothes,Hierdoor wordt alle kleding verwijderd die je momenteel draagt.
Feature.Avatar.Message.ClearMakeupConfirmation,Hierdoor worden alle make-upitems verwijderd
Feature.Avatar.Message.DeepLinkEquipFailed,"Het item dat je probeert te gebruiken, is niet meer beschikbaar"
Feature.Avatar.Message.EnhancedAvatarHeads,Klassieke hoofden ondersteunen nu gezichtsanimaties. Vind al je hoofden onder Hoofden en pas de hoofdvorm en gezichtsanimaties aan in Hoofdaanpassing.
Feature.Avatar.Message.EquipCostumeConfirmation,Je hebt dit personage niet opgeslagen. Weet je zeker dat je van personage wilt wisselen?
Feature.Avatar.Message.ErrorNotAuthorized,De gebruiker is niet gemachtigd om deze actie uit te voeren
Feature.Avatar.Message.FTUXSelfieViewClosedTooltip,Hier vind je de bedieningselementen voor je camera en zelfweergave
Feature.Avatar.Message.FTUXSelfieViewOpenedTooltip,"Gebruik je camera om je avatar te laten glimlachen en bewegen, net als jij"
Feature.Avatar.Message.FaceNotVisible,Het geselecteerde gezicht is niet zichtbaar op dit hoofd.
Feature.Avatar.Message.FailedAvatarRename,Hernoemen van avatar mislukt
Feature.Avatar.Message.FailedDeleteCostume,Verwijderen van kostuum mislukt.
Feature.Avatar.Message.FailedRenameCostume,Hernoemen van personage mislukt
Feature.Avatar.Message.FailedToLoadAvatar,Laden van avatar mislukt
Feature.Avatar.Message.FailedUpdateOutfit,Bijwerken van outfit mislukt
Feature.Avatar.Message.FailedWritePPE,Bijwerken van profielfoto mislukt
Feature.Avatar.Message.HatLimitTooltip,Je kunt maximaal 3 hoofddeksels dragen
Feature.Avatar.Message.InvalidAssetsEquipped,"Sommige items die zijn gebruikt, zijn niet meer beschikbaar."
Feature.Avatar.Message.InvalidItem,Dit item bestaat niet.
Feature.Avatar.Message.InvalidName,
Feature.Avatar.Message.LCSortClassicWarning,Klassieke items zijn niet bewerkbaar
Feature.Avatar.Message.LCSortEntry,Volgorde van kleding aanpassen
Feature.Avatar.Message.LCSortListTooltip,Sleep de miniatuur van het item om de volgorde van de lagen te bewerken
Feature.Avatar.Message.LCSortNoEquipped,Geen 3D-kledingitems gebruikt. Gebruik een item om te bewerken.
Feature.Avatar.Message.LCSortResetBody,Je aanpassing wordt verwijderd. Wil je toch doorgaan?
Feature.Avatar.Message.LCSortUnequipBody,Wil je het item niet meer gebruiken?
Feature.Avatar.Message.LayeredMakeupSortNoEquipped,Geen gelaagde make-upitems gebruikt. Gebruik een item om te bewerken.
Feature.Avatar.Message.LeaveAccessoryAdjustmentWarning,Je hebt je aanpassingen niet toegepast. Weet je zeker dat je wilt afsluiten?
Feature.Avatar.Message.LeavingComposerWithoutSave,"De wijzigingen die je hebt aangebracht, worden niet opgeslagen als je stopt."
Feature.Avatar.Message.LooksAvatarSaved,Je kunt de naam van je avatar altijd bewerken in Aanpassen
Feature.Avatar.Message.LooksCharacterSaved,Je kunt de naam van je personage altijd bewerken in Aanpassen
Feature.Avatar.Message.LooksPurchaseFailedNetworkError,Netwerkfout. Probeer het later opnieuw
Feature.Avatar.Message.LooksPurchasePartialSuccessGenericPP,"{numSuccessItems} items zijn gekocht, {numFailureItems} items zijn niet gekocht"
Feature.Avatar.Message.LooksPurchasePartialSuccessGenericPS,"{numSuccessItems} items zijn gekocht, {numFailureItems} item is niet gekocht"
Feature.Avatar.Message.LooksPurchasePartialSuccessGenericSP,"{numSuccessItems} item is gekocht, {numFailureItems} items zijn niet gekocht"
Feature.Avatar.Message.LooksPurchasePartialSuccessGenericSS,"{numSuccessItems} item is gekocht, {numFailureItems} item is niet gekocht"
Feature.Avatar.Message.LooksPurchaseSuccessPlural,{numItems} items gekocht!
Feature.Avatar.Message.LooksPurchaseSuccessSingular,{numItems} item gekocht!
Feature.Avatar.Message.MakeupLookAdded,Make-uplook toegevoegd
Feature.Avatar.Message.MakeupLookRenamed,Make-uplook hernoemd
Feature.Avatar.Message.MakeupLookSaved,Je kunt de naam van je make-uplook altijd bewerken in Aanpassen
Feature.Avatar.Message.MakeupLookUpdated,Make-uplook bijgewerkt
Feature.Avatar.Message.MakeupSortNoEquipped,Geen make-upitems gebruikt. Gebruik een item om te bewerken.
Feature.Avatar.Message.MakeupSortResetBody,
Feature.Avatar.Message.MakeupSortUnequipBody,
Feature.Avatar.Message.ModerationFailed,Een of meer avatars voldeed/voldeden niet aan onze Communityrichtlijnen.
Feature.Avatar.Message.MultiAvatarDeleted,Avatars verwijderd
Feature.Avatar.Message.NewControlLocationFullBody,"Volledige lichamen (eerder gekochte personages) bevinden zich nu onder het slot ""Volledig lichaam""."
Feature.Avatar.Message.NewControlLocationProfile,Profielfoto staat nu in het menu Meer
Feature.Avatar.Message.NewCustomize,"Het is nu sneller en eenvoudiger om je avatar te stylen. Sommige dingen zijn verplaatst, dus tik er maar op los en bekijk wat er nieuw is."
Feature.Avatar.Message.NoAccessoriesEquipped,Geen aanpasbare accessoires beschikbaar.
Feature.Avatar.Message.OutfitCleared,Outfit gewist
Feature.Avatar.Message.PostToMarketplaceTooltip,Je bericht wordt openbaar op de Marktplaats
Feature.Avatar.Message.R15AnimationsPrompt,Werk je lichaamstype bij naar R15 om animaties in te schakelen.
Feature.Avatar.Message.R15EmotesPrompt,Werk je lichaamstype bij naar R15 om emotes in te schakelen.
Feature.Avatar.Message.R15StylesPrompt,Werk je lichaamstype bij naar R15 om lichaamsstijlen aan te passen.
Feature.Avatar.Message.ReachedMaxOutfits,Je hebt het maximale aantal outfits bereikt.
Feature.Avatar.Message.RenameCostumeSuccess,Hernoemd!
Feature.Avatar.Message.ResetAdjustment,
Feature.Avatar.Message.RestoredLastSaved,Laatst opgeslagen hersteld
Feature.Avatar.Message.RevertToDefault,Je profielfoto terugzetten naar de standaardlook?
Feature.Avatar.Message.SaveFailure,Je avatar kon niet worden opgeslagen. Probeer het later opnieuw.
Feature.Avatar.Message.SaveSuccess,Avatar opgeslagen
Feature.Avatar.Message.SaveSuccessWithInvalidAssets,Avatar opgeslagen. Sommige items zijn verwijderd omdat ze nu niet beschikbaar zijn.
Feature.Avatar.Message.SaveThrottled,Wacht een paar seconden voordat je opnieuw opslaat
Feature.Avatar.Message.SelectEmote,Selecteer een emote om je avatar te laten poseren!
Feature.Avatar.Message.ShareAvatarWithCommunity,Je avatars op de Marktplaats posten
Feature.Avatar.Message.ShareAvatarWithCommunityDisclaimer,Links zijn toegankelijk zodra de moderatie is voltooid
Feature.Avatar.Message.SharePublicAvatar,Deel je avatar op sociale media om je bereik te vergroten en je creativiteit te laten zien
Feature.Avatar.Message.TryOnCameraHeadWarning,Klassieke hoofden ondersteunen geen Facial Animation
Feature.Avatar.Message.UnknownErrorCreatingMakeupLook,Er is een onbekende fout opgetreden. Make-uplook niet gemaakt.
Feature.Avatar.Message.UnknownErrorCreatingOutfit,Er is een onbekende fout opgetreden. Outfit niet gemaakt.
Feature.Avatar.Message.UpdateOutfitSuccess,Bijgewerkt!
Feature.Avatar.Message.UpdateRequired,Update vereist. Update Roblox naar de nieuwste versie om dit item te kunnen bekijken.
Feature.Avatar.Placeholder.NameYourAvatar,Geef je avatar een naam
Feature.Avatar.Placeholder.WriteAvatarCaption,Schrijf een bijschrift voor je avatar (optioneel)
Feature.Avatar.RevokedItems.BodyText,"{category} item '{item}' is verwijderd uit deze opgeslagen avatar, dus we hebben het oorspronkelijke bedrag dat je hebt betaald, terugbetaald.{lineBreak}Bekijk je inbox voor meer informatie."
Feature.Avatar.RevokedItems.BodyTextMultiple,"De volgende items zijn verwijderd uit deze opgeslagen avatar, dus we hebben het oorspronkelijke bedrag dat je hebt betaald, terugbetaald.{lineBreak}{items}{lineBreak}Bekijk je inbox voor meer informatie."
Feature.Avatar.RevokedItems.ViewInbox,Inbox bekijken
Feature.Avatar.SetNameDuplicate,
Feature.Avatar.Text.MakeupLayeringTooltip,Breng je make-up in lagen aan
Feature.Avatar.Title.AvatarRefinement,Avatarverfijning
Feature.Avatar.Title.BulkDeleteMakeupLooks, {count} make-uplooks verwijderen?
Feature.Avatar.Title.BuyAvatar,Avatar kopen
Feature.Avatar.Title.BuyMakeup,Make-uplook kopen
Feature.Avatar.Title.BuyOutfit,Outfit kopen
Feature.Avatar.Title.ClearAccessoriesConfirmation,Alle accessoires wissen?
Feature.Avatar.Title.ClearAnimationsConfirmation,Alle animaties wissen?
Feature.Avatar.Title.ClearBodyConfirmation,Lichaam wissen?
Feature.Avatar.Title.ClearClothesConfirmation,Alle kleding wissen?
Feature.Avatar.Title.ClearMakeupConfirmation,Alle make-up wissen?
Feature.Avatar.Title.CreateSet,
Feature.Avatar.Title.DeleteSet,
Feature.Avatar.Title.DuplicateMakeupLook,Look dupliceren
Feature.Avatar.Title.EnhancedAvatarHeads,Verbeterde avatarhoofden
Feature.Avatar.Title.FindYourStyle,Vind je stijl
Feature.Avatar.Title.GetOutfit,Outfit krijgen
Feature.Avatar.Title.LCSortPage,Kleding sorteren
Feature.Avatar.Title.LCSortReset,Resetten naar Standaard
Feature.Avatar.Title.LCSortUnequip,Het item niet meer gebruiken
Feature.Avatar.Title.LayeredMakeupSortPage,
Feature.Avatar.Title.LooksWidget,Outfitinspiraties
Feature.Avatar.Title.MakeupIntroFtux,Maak kennis met make-up
Feature.Avatar.Title.MakeupSortPage,
Feature.Avatar.Title.MakeupSortReset,
Feature.Avatar.Title.MakeupSortUnequip,
Feature.Avatar.Title.Move,Bewegen
Feature.Avatar.Title.MyAvatar,Mijn avatar
Feature.Avatar.Title.NameAvatarOutfit,
Feature.Avatar.Title.NewCustomizeLook,Aanpassen heeft een nieuwe look!
Feature.Avatar.Title.NewToMarketplaceItemWidget,Nieuw op de Marktplaats
Feature.Avatar.Title.OutfitIncomplete,Outfit onvolledig
Feature.Avatar.Title.Preview,
Feature.Avatar.Title.RemoveFromSet,
Feature.Avatar.Title.RenameMakeupLook,Make-uplook hernoemen
Feature.Avatar.Title.RenameSet,
Feature.Avatar.Title.ResetToDefault,Resetten naar standaard
Feature.Avatar.Title.ResetToNewCharacter,Nieuw personage
Feature.Avatar.Title.RevertToDefault,Terugzetten naar standaard
Feature.Avatar.Title.SaveMakeupLook,Geef je look een naam
Feature.Avatar.Title.SavedAvatarsLocation,Je opgeslagen avatars zijn hier
Feature.Avatar.Title.SelectEmoteForAvatar,Selecteer een emote om je avatar te laten poseren
Feature.Avatar.Title.SelectMakeupLookForUpdate,Selecteer een make-uplook
Feature.Avatar.Title.SelectMakeupLooks,Looks selecteren
Feature.Avatar.Title.SelectSet,Set selecteren
Feature.Avatar.Title.SingleDeleteOutfit,'{outfitName}' verwijderen?
Feature.Avatar.Title.TrendingItemWidget,Populaire items
Feature.Avatar.Title.TrendingLooksWidget,Populaire stijlen
Feature.Avatar.Title.UnsavedChanges,Niet-opgeslagen wijzigingen
Feature.Avatar.Title.UpdateMakeupLook,Deze look bijwerken?
Feature.Avatar.Title.YourTryOns,Je try-ons
Feature.Avatar.Toast.AvatarCaptionExceedMaximum,Bijschriften zijn beperkt tot 1.000 tekens
Feature.Avatar.Toast.AvatarPostSuccessfully,Succesvol gepost
Feature.Avatar.Toast.AvatarTitleExceedMaximum,Titels zijn beperkt tot 50 tekens
Feature.Avatar.Toast.ComposeWithoutClothing,Avatar moet ten minste één kleding- of accessoire-item dragen
Feature.Avatar.Toast.MaxOutfitsSelected,Je kunt maximaal {maxSelectCount} selecteren
Feature.Avatar.Toast.PostWithParticleEffect,Deeltjeseffecten zijn zichtbaar in de definitieve miniatuur nadat je hebt gepost
Feature.Avatar.Tooltip.CustomizeOverhaulSubcategories,Tik hier om categorieën te wijzigen
Feature.Avatar.UnavailableItems.BodyText,"{category} item '{item}' wordt beoordeeld en is momenteel niet beschikbaar.{lineBreak}Als het item uit Roblox wordt verwijderd, ontvang je binnen een week een terugbetaling."
Feature.Avatar.UnavailableItems.BodyTextMultiple,"De volgende items worden beoordeeld en zijn momenteel niet beschikbaar.{lineBreak}{items}{lineBreak}Als het item uit Roblox wordt verwijderd, ontvang je binnen een week een terugbetaling."
Feature.Avatar.UnavailableItems.ConfirmText,
Feature.Avatar.UnavailableItems.TitleText,Item niet beschikbaar
Feature.Avatar.profile.tooltip,Je profiel
Feature.Avatar.tooltip.ExpiredItemsFilter,Verlopen items met getimede optie zoeken
Feature.AvatarSwitcher.Action.Continue,
Feature.AvatarSwitcher.Action.OK,
Feature.AvatarSwitcher.Action.Respawn,
Feature.AvatarSwitcher.Action.RespawnLater,Opslaan voor de volgende respawn
Feature.AvatarSwitcher.Heading.AvatarSwitchedConfirmation,Avatar gewisseld naar '{avatarName}'
Feature.AvatarSwitcher.Heading.PresetAvatars,Deze ervaring gebruikt vooraf ingestelde avatars
Feature.AvatarSwitcher.Heading.RespawnToSwitch,Respawnen om van avatar te wisselen
Feature.AvatarSwitcher.Heading.SwitchAvatar,Van avatar wisselen
Feature.AvatarSwitcher.Heading.UnknownSupport,Deze ervaring kan vooraf ingestelde avatars gebruiken
Feature.AvatarSwitcher.Heading.Unsupported,Roblox-avatars niet ondersteund
Feature.AvatarSwitcher.Label.RespawnLater,Of bewaar deze voor de volgende keer dat je respawnt. Je avatar wordt bijgewerkt in Roblox.
Feature.AvatarSwitcher.Message.AddAvatars,Je kunt meer avatars toevoegen op het tabblad Aanpassen.
Feature.AvatarSwitcher.Message.ExpiredItems,Avatar bevat verlopen items
Feature.AvatarSwitcher.Message.NoAvatars,Geen avatars beschikbaar
Feature.AvatarSwitcher.Message.PartiallyUnsupported,Deze ervaring ondersteunt niet alle delen van deze avatar.
Feature.AvatarSwitcher.Message.RespawnNotAllowed,"In deze ervaring is respawnen nu niet mogelijk. Je ziet je bijgewerkte avatar nadat je respawnt, de ervaring verlaat of deelneemt aan een andere ervaring."
Feature.AvatarSwitcher.Message.SelectAvatar,Selecteer een avatar
Feature.AvatarSwitcher.Message.SwitchingDeferred,Je ziet deze avatar na je volgende respawn of wanneer je deelneemt aan een ervaring. Je kunt op elk moment van avatar wisselen.
Feature.AvatarSwitcher.Message.UnknownSupport,"Je kunt je avatar nog steeds wisselen, maar deze wordt mogelijk niet correct weergegeven in deze ervaring."
Feature.AvatarSwitcher.Message.Unsupported,Deze ervaring maakt gebruik van een aangepaste avatar en ondersteunt geen Roblox-avatars.
Feature.BiometricChallenge.Action.Cancel,
Feature.BiometricChallenge.Action.Continue,
Feature.BiometricChallenge.Content.LivenessHostedPrompt,Open je externe browser en maak snel een selfie om te bevestigen dat je een mens bent.
Feature.BiometricChallenge.Content.Loading,Bezig met laden...
Feature.BiometricChallenge.Content.QRHelpFull,{prompt} Download de Roblox-app op je mobiele apparaat en probeer het vanaf daar opnieuw.
Feature.BiometricChallenge.Content.QRHelpPrompt,Lukt het scannen niet?
Feature.BiometricChallenge.Content.ScanQR,Scan deze QR-code met je telefoon of tablet om je account te ontgrendelen.
Feature.BiometricChallenge.Title.ConfirmHuman,Bevestig dat je een mens bent
Feature.BiometricChallenge.Title.QRHandoff,Bevestig dat je een mens bent met de mobiele app
Feature.BlockingModal.Action.Block,
Feature.BlockingModal.Action.BlockAndReport,Blokkeren en rapporteren
Feature.BlockingModal.Action.Cancel,
Feature.BlockingModal.Heading.BlockUser,{DisplayName} blokkeren?
Feature.BlockingModal.Message.BlockConfirmation,"Als je deze gebruiker blokkeert, wordt deze verwijderd als connectie of volger. De gebruiker kan je geen berichten, verzoeken of uitnodigingen sturen.<br /><br />De gebruiker krijgt geen melding dat je die hebt geblokkeerd."
Feature.BlockingModal.Message.BlockConfirmation.FriendsRename,"Als je deze gebruiker blokkeert, wordt deze verwijderd als vriend of volger. De gebruiker kan je geen berichten, verzoeken of uitnodigingen sturen.<br /><br />De gebruiker krijgt geen melding dat je die hebt geblokkeerd."
Feature.Build.Action.Add,
Feature.Build.Action.AddFriends,
Feature.Build.Action.AddPlaytester,Vroege tester uitnodigen
Feature.Build.Action.AddPlaytesters,Vroege testers uitnodigen
Feature.Build.Action.AddToPlaytest,
Feature.Build.Action.AgreeAndEnable,Akkoord gaan en inschakelen
Feature.Build.Action.Approve,Goedkeuren
Feature.Build.Action.Archive,Archiveren
Feature.Build.Action.ArchiveGame,Spel archiveren
Feature.Build.Action.Build,
Feature.Build.Action.Buy,Kopen
Feature.Build.Action.BuyRobux,
Feature.Build.Action.Cancel,
Feature.Build.Action.CopyText,Tekst kopiëren
Feature.Build.Action.Create,
Feature.Build.Action.CreateDeveloperProduct,
Feature.Build.Action.Delete,
Feature.Build.Action.Dismiss,
Feature.Build.Action.DontAskAgain,Niet meer vragen
Feature.Build.Action.DontShowAgain,
Feature.Build.Action.EarnRobux,Robux verdienen
Feature.Build.Action.Edit,Bewerken
Feature.Build.Action.HideAutosaved,Automatisch opgeslagen verbergen
Feature.Build.Action.ManageLimit,Limiet beheren
Feature.Build.Action.Next,
Feature.Build.Action.NotNow,
Feature.Build.Action.NotifyMe,Stuur me een melding
Feature.Build.Action.OK,
Feature.Build.Action.OpenSettings,Instellingen openen
Feature.Build.Action.Options,Opties
Feature.Build.Action.Play,Spelen
Feature.Build.Action.Playtest,Playtest
Feature.Build.Action.Preview,
Feature.Build.Action.Publish,
Feature.Build.Action.PublishLatest,Nieuwste publiceren
Feature.Build.Action.Reject,Afwijzen
Feature.Build.Action.Restore,Herstellen
Feature.Build.Action.Resume,
Feature.Build.Action.Retry,
Feature.Build.Action.Revert,
Feature.Build.Action.Save,
Feature.Build.Action.SetDailyLimit,Een dagelijkse limiet instellen
Feature.Build.Action.SetLimit,Limiet instellen
Feature.Build.Action.Settings,
Feature.Build.Action.Share,
Feature.Build.Action.ShareLink,Deellink
Feature.Build.Action.ShowMore,
Feature.Build.Action.Stats,Statistieken
Feature.Build.Action.Submit,
Feature.Build.Action.UpdateRating,Classificatie bijwerken
Feature.Build.Action.UpdateWithChanges,Wijzigingen doorvoeren
Feature.Build.Action.View,
Feature.Build.Action.ViewUsage,Tegoed bekijken
Feature.Build.Analytics.AnalyzeChatPrompt,Analyseer mijn {analyzeName} voor de afgelopen {days} dagen. Waarom is deze statistiek belangrijk en hoe kan ik deze verbeteren?
Feature.Build.Analytics.AnalyzeName.Arppu,gemiddelde omzet per betalende gebruiker
Feature.Build.Analytics.AnalyzeName.D1Retention,retentie (1 dag)
Feature.Build.Analytics.AnalyzeName.DailyActiveUsers,dagelijks actieve gebruikers
Feature.Build.Analytics.AnalyzeName.PayerConversion,conversiepercentage betalende gebruikers/spelers
Feature.Build.Analytics.AnalyzeName.PlaythroughRate,playthrough-percentage
Feature.Build.Analytics.AnalyzeName.TotalPlaytime,totale speeltijd
Feature.Build.Analytics.Description.Arppu,De gemiddelde omzet per betalende gebruiker deelt de totale verdiende Robux door het aantal betalende spelers. Dit geeft aan hoeveel elke koper gemiddeld uitgeeft.
Feature.Build.Analytics.Description.D1Retention,Dag-1-retentie meet hoeveel spelers die voor het eerst spelen een dag later terugkomen. Het is een vroeg signaal van hoe boeiend je ervaring is.
Feature.Build.Analytics.Description.DailyActiveUsers,Dagelijks actieve gebruikers telt het aantal unieke spelers dat je ervaring elke dag heeft gestart. Houd dit bij om te zien hoeveel mensen steeds weer terugkomen en om groei of afname te signaleren.
Feature.Build.Analytics.Description.PayerConversion,De conversie van betalende gebruikers/spelers is het percentage spelers dat Robux heeft uitgegeven in je ervaring. Gebruik dit om te beoordelen hoe goed je monetisatie spelers omzet in kopers.
Feature.Build.Analytics.Description.PlaythroughRate,Het playthrough-percentage is het percentage bezoeken waarbij een volledige speelsessie is voltooid. Hogere percentages wijzen erop dat spelers je ervaring gemakkelijk toegankelijk vinden en het de moeite waard vinden om te voltooien.
Feature.Build.Analytics.Description.TotalPlaytime,De totale speeltijd is de som van de tijd die alle spelers gedurende de periode in je ervaring hebben doorgebracht. Een toenemende speeltijd duidt meestal op boeiendere sessies.
Feature.Build.Analytics.DurationHours,{number} uur
Feature.Build.Analytics.KeyStats,Belangrijkste statistieken
Feature.Build.Analytics.LastMonth,Afgelopen maand
Feature.Build.Analytics.LastWeek,
Feature.Build.Analytics.Likes,Vind-ik-leuks
Feature.Build.Analytics.Month.Apr,
Feature.Build.Analytics.Month.Aug,
Feature.Build.Analytics.Month.Dec,
Feature.Build.Analytics.Month.Feb,
Feature.Build.Analytics.Month.Jan,
Feature.Build.Analytics.Month.Jul,Jul.
Feature.Build.Analytics.Month.Jun,Jun.
Feature.Build.Analytics.Month.Mar,
Feature.Build.Analytics.Month.May,
Feature.Build.Analytics.Month.Nov,
Feature.Build.Analytics.Month.Oct,
Feature.Build.Analytics.Month.Sep,Sep.
Feature.Build.Analytics.NoData,Geen gegevens beschikbaar
Feature.Build.Analytics.Overview,Overzicht
Feature.Build.Analytics.Percent,{number}%
Feature.Build.Analytics.Players,Spelers
Feature.Build.Analytics.Sheet.Analyze,Analyseren
Feature.Build.Analytics.Sheet.ViewInOverview,Bekijken in overzicht
Feature.Build.Analytics.Summary.Arppu,Gemiddelde verdiende Robux per betalende speler.
Feature.Build.Analytics.Summary.D1Retention,Aandeel nieuwe spelers dat de volgende dag terugkomt.
Feature.Build.Analytics.Summary.DailyActiveUsers,Unieke spelers die tijdens de geselecteerde periode zijn toegetreden.
Feature.Build.Analytics.Summary.PayerConversion,Aandeel spelers dat een aankoop heeft gedaan.
Feature.Build.Analytics.Summary.PlaythroughRate,Aandeel van de sessies die een volledige playthrough hebben bereikt.
Feature.Build.Analytics.Summary.TotalPlaytime,Totaal aantal uren dat spelers in je ervaring hebben doorgebracht.
Feature.Build.Analytics.Title.Arppu,ARPPU (Gemiddelde omzet per betalende gebruiker)
Feature.Build.Analytics.Title.ConcurrentUsers,Totaal aantal spelers
Feature.Build.Analytics.Title.D1Retention,Retentie (dag 1)
Feature.Build.Analytics.Title.DailyActiveUsers,Dagelijks actieve gebruikers
Feature.Build.Analytics.Title.PayerConversion,Conversie betalende gebruikers/spelers
Feature.Build.Analytics.Title.PlaythroughRate,Playthrough-percentage
Feature.Build.Analytics.Title.TotalPlaytime,Totale speeltijd
Feature.Build.Analytics.Visits,Bezoeken
Feature.Build.Content.NewGame,Nieuw spel
Feature.Build.Description.ActivateDeveloperProduct,Zet ontwikkelaarsproduct {PRODUCT_ID} in de uitverkoop.
Feature.Build.Description.AdActive,Je advertentie wordt weergegeven. Bekijk hoeveel spelers deze bereikt.
Feature.Build.Description.AdCampaignModerationReview,Alle advertentiecampagnes worden beoordeeld door de moderatie van Roblox. Dit proces kan tot 24 uur duren.
Feature.Build.Description.AdCampaignSheetRunDates,Loopt {startDate} – {endDate}
Feature.Build.Description.AdComplete,Je advertentie is gestopt. Controleer je resultaten.
Feature.Build.Description.AdInReview,Je advertentie wordt beoordeeld en staat gepland voor {startDate} tot {endDate}.
Feature.Build.Description.AdModerationReview,Alle advertenties worden beoordeeld door de moderatie van Roblox en dit kan tot 24 uur duren.
Feature.Build.Description.AdvertisingAgreement,"Door Aanmaken te selecteren, ga je akkoord met de Roblox-{advertisingTermsStart}advertentievoorwaarden{advertisingTermsEnd} en -{advertisingStandardsStart}reclamerichtlijnen{advertisingStandardsEnd}."
Feature.Build.Description.ArchiveRemoval,"Als je dit spel archiveert, wordt het verwijderd uit Build. Je hebt nog steeds toegang en je kunt het herstellen vanuit Creator Hub of Roblox Studio."
Feature.Build.Description.AutoBuyUsage,Gebruik je Robux om automatisch extra Build-tegoed te kopen terwijl je content maakt. Je kunt op elk moment een dagelijkse uitgavelimiet instellen.
Feature.Build.Description.BoostAudienceForPlays,Vergroot je doelgroep voor meer plays.
Feature.Build.Description.BuildIdeaGame,Zet je ideeën om in een spel
Feature.Build.Description.BuildReplyNotif,Ontvang een melding wanneer Build een antwoord voor je heeft.
Feature.Build.Description.BuyRobuxToCreate,"Koop meer Robux om content te blijven maken, of wacht tot je gratis Build-tegoed morgen wordt gereset."
Feature.Build.Description.BuyUsageOrWait,"Koop meer Build-tegoed met Robux, of wacht tot je dagelijkse limiet wordt gereset."
Feature.Build.Description.CampaignRunDates,Je campagne loopt van {startDate} tot en met {endDate}
Feature.Build.Description.ChooseAdCampaignLength,Kies hoelang je wilt dat je advertentie wordt weergegeven.
Feature.Build.Description.ChoosePlaytesters,Kies vrienden om een voorbeeld van je spel te bekijken.
Feature.Build.Description.CreateDeveloperProduct,"'{NAME}' maken voor {PRICE} Robux, niet in de uitverkoop."
Feature.Build.Description.DeactivateDeveloperProduct,Haal ontwikkelaarsproduct {PRODUCT_ID} uit de uitverkoop.
Feature.Build.Description.EarnedRobuxAppliedFirst,"Als je Robux hebt verdiend, worden deze eerst verrekend met de kosten van de advertentiecampagne."
Feature.Build.Description.EnableBuildNotifs,Schakel meldingen voor je apparaatinstellingen in om updates van Build te ontvangen.
Feature.Build.Description.FriendsLinkOnly,Alleen je vrienden hebben toegang tot deze link. Wijzig de instelling Doelgroep van je spel als je wilt dat meer mensen spelen.
Feature.Build.Description.GameConfiguration,Wijzig hoe je items verkoopt en je spel promoot.
Feature.Build.Description.GameCreationDone,Ik heb je spel gemaakt en gepubliceerd. Je kunt het openen om een playtest uit te voeren.
Feature.Build.Description.GameSavedPlaytest,Ik heb je spel gemaakt en een nieuwe versie opgeslagen. Je kunt het openen om een playtest uit te voeren.
Feature.Build.Description.HubSettings,Alle instellingen in de Creator Hub beheren
Feature.Build.Description.InviteFriendLimit,Nodig maximaal {MAX_INVITES} vrienden uit om te spelen terwijl jij content creëert.
Feature.Build.Description.LongAdCampaign,Meer tijd om nieuwe spelers te bereiken en ervoor te zorgen dat ze blijven terugkomen.
Feature.Build.Description.MakeAudienceAvail,Publiceer je ervaring om deze beschikbaar te maken voor deze doelgroep.
Feature.Build.Description.ManageAppearance,Beheren hoe je spel er voor anderen uitziet.
Feature.Build.Description.ManageDeveloperProduct,Ontwikkelaarsproduct beheren.
Feature.Build.Description.ManagedPricingAcknowledgement,Beheerde prijzen past de prijzen automatisch aan per regio.
Feature.Build.Description.ManagedPricingCurrentProducts,Beheerde prijzen gebruiken voor alle huidige producten
Feature.Build.Description.ManagedPricingUnavailable,Beheerde prijzen zijn niet beschikbaar voor deze ervaring.
Feature.Build.Description.NoEligibleManagedPricingProducts,Geen in aanmerking komende producten
Feature.Build.Description.NoMonetizationProducts,Beschrijf een item dat je wilt maken om Robux te gaan verdienen in je spel
Feature.Build.Description.PlayAfterPublish,Kies wie kan spelen nadat je deze ervaring hebt gepubliceerd.
Feature.Build.Description.PlaytestLatest,Je bent je nieuwste versie aan het testen. Publiceer deze wanneer je klaar bent om deze te delen.
Feature.Build.Description.PlaytestLocked,Je kunt beginnen met playtesten nadat je je eerste spel hebt gemaakt.
Feature.Build.Description.PlaytesterAccess,Nodig vrienden uit als vroege testers of wijzig de instelling Doelgroep van je spel om meer mensen te laten spelen.
Feature.Build.Description.PricingRules,Prijsregels instellen
Feature.Build.Description.PrivateShare,Wijzig de instelling Doelgroep van je spel om deze te delen.
Feature.Build.Description.PromoteGameFree,Breng je spel met één tik onder de aandacht van meer spelers.
Feature.Build.Description.PromoteGamePaid,Maak een advertentie om je spel onder de aandacht te brengen van miljoenen spelers.
Feature.Build.Description.PromoteGameWithAdCampaign,Vergroot je doelgroep met een advertentiecampagne van {durationDays} dagen en zorg ervoor dat je spel wordt ontdekt.
Feature.Build.Description.RaiseLimitOrWait,"Verhoog je dagelijkse Robux-limiet om te blijven creëren, of wacht tot deze morgen wordt gereset."
Feature.Build.Description.RatingAgreement,"Door te publiceren, ga je ermee akkoord dat deze inhoudsbeoordeling juist is."
Feature.Build.Description.RestoreLatest,Deze versie wordt je meest recent gepubliceerde versie.
Feature.Build.Description.RevertToVersion,Bevestigen om de meest recente wijziging terug te zetten en terug te gaan naar {VERSION}.
Feature.Build.Description.ShareLatest,Deel wat er is veranderd in je nieuwste versie.
Feature.Build.Description.ShopButton,Een winkeltoegangspunt toevoegen
Feature.Build.Description.ShortAdCampaign,Een snelle manier om te zien wat spelers van je spel vinden.
Feature.Build.Description.UpdateDeveloperProduct,Ontwikkelaarsproduct {PRODUCT_ID} bijwerken.
Feature.Build.Error.DeveloperProductDescriptionTooLong,Beschrijving moet 1.000 tekens of minder zijn.
Feature.Build.Error.DeveloperProductNameRequired,Voer een productnaam in.
Feature.Build.Error.DeveloperProductNameTooLong,Naam moet 50 tekens of minder zijn.
Feature.Build.Error.DeveloperProductPriceInvalid,Prijs moet een geheel getal zijn van 1 tot 1.000.000.000 Robux.
Feature.Build.Error.DeveloperProductPriceRequiredForSale,Selecteer Bewerken en voeg een prijs toe voordat je een product te koop aanbiedt.
Feature.Build.Error.DeveloperProductTextModerated,De moderatie van Roblox heeft de tekst van dit product gewijzigd. Probeer een andere formulering.
Feature.Build.Error.ManagedPricingPartialUpdate,Sommige producten konden niet worden bijgewerkt.
Feature.Build.Error.MonetizationOptionUpdate,De optie kon niet worden bijgewerkt. Probeer het nog een keer.
Feature.Build.Error.MonetizationOptionsLoad,Opties konden niet worden geladen. Probeer het nog een keer.
Feature.Build.Error.MonetizationPermissionDenied,Je hebt geen toestemming om de opties voor inkomsten genereren te wijzigen.
Feature.Build.Header.AccessSharing,Toegang en delen
Feature.Build.Header.AllVersions,Alle versies
Feature.Build.Header.ContentMaturity,Contentclassificatie
Feature.Build.Header.CustomAnswer,Aangepast antwoord
Feature.Build.Header.GameConfiguration,Spelconfiguratie
Feature.Build.Header.GameDetails,Speldetails
Feature.Build.Header.Overview,
Feature.Build.Header.PastCampaigns,Afgelopen campagnes
Feature.Build.Header.UpdateDetails,Details bijwerken
Feature.Build.Label.Access,Toegang
Feature.Build.Label.AdClicks,Advertentieklikken
Feature.Build.Label.AdViews,Advertentieweergaven
Feature.Build.Label.AdditionalUsage,Extra Build-tegoed
Feature.Build.Label.AdditionalUsed,{USED} van {LIMIT} gebruikt
Feature.Build.Label.AdsManager,Ads Manager
Feature.Build.Label.All,
Feature.Build.Label.AmountAvailable,{AMOUNT} beschikbaar
Feature.Build.Label.Autosaved,Automatisch opgeslagen
Feature.Build.Label.Available,beschikbaar
Feature.Build.Label.AvailableForPurchase,Beschikbaar voor aankoop
Feature.Build.Label.BackToBuild,Terug naar Bouwen
Feature.Build.Label.Building,Bezig met bouwen…
Feature.Build.Label.CaptureLibrary,Opnamebibliotheek
Feature.Build.Label.CaptureSelectionCount,{SELECTED_COUNT} van {MAX_SELECTIONS} geselecteerd
Feature.Build.Label.ContentRating,
Feature.Build.Label.CreatedDate, {DAY} {MONTH} {YEAR} 
Feature.Build.Label.CreatorHub,Creator Hub
Feature.Build.Label.DateRange, {startDate} — {endDate}
Feature.Build.Label.DefaultDeveloperProduct,Product {PRODUCT_ID}
Feature.Build.Label.DefaultDeveloperProductName,ontwikkelaarsproduct
Feature.Build.Label.Deleted,Verwijderd
Feature.Build.Label.DescribeIdea,Beschrijf een idee
Feature.Build.Label.Description,
Feature.Build.Label.DeveloperProductDescription,Beschrijving: {DESCRIPTION}
Feature.Build.Label.DeveloperProductName,Naam: '{NAME}'
Feature.Build.Label.DeveloperProductPrice,Prijs: {PRICE} Robux
Feature.Build.Label.DeveloperProductPriceUnavailable,?
Feature.Build.Label.Done,
Feature.Build.Label.EasyPerformanceReport,Eenvoudig prestatierapport
Feature.Build.Label.Error,
Feature.Build.Label.Free,Gratis
Feature.Build.Label.FreeBuildUsage,Gratis Build-tegoed
Feature.Build.Label.Friends,
Feature.Build.Label.FriendsOnly,
Feature.Build.Label.GamePlays,Speelsessies van het spel
Feature.Build.Label.GetMoreBuildUsage,Koop meer Build-tegoed
Feature.Build.Label.Hi,Hallo
Feature.Build.Label.IconThumbnails,Pictogram en miniaturen
Feature.Build.Label.Images2D,2D-afbeeldingen
Feature.Build.Label.InProgress,In uitvoering
Feature.Build.Label.InputNeeded,Input vereist
Feature.Build.Label.InviteCount,{COUNT}/{MAX_INVITES}
Feature.Build.Label.Limited,Beperkt
Feature.Build.Label.Live,Gepubliceerd
Feature.Build.Label.Loading,Bezig met laden…
Feature.Build.Label.ManagedPricing,Beheerde prijzen
Feature.Build.Label.ManagedPricingMixed,Gemengd over huidige producten
Feature.Build.Label.MaximizeForGamePlays,Speelsessies van het spel maximaliseren
Feature.Build.Label.Models3D,3D-modellen
Feature.Build.Label.Name,
Feature.Build.Label.NoLimit,Geen limiet
Feature.Build.Label.NotStarted,Niet gestart
Feature.Build.Label.Object,Object
Feature.Build.Label.Objects3D,3D-objecten
Feature.Build.Label.OffSale,Niet in de verkoop
Feature.Build.Label.OnSale,In de verkoop
Feature.Build.Label.Pending,In behandeling
Feature.Build.Label.PercentUsed,{PERCENT}% gebruikt
Feature.Build.Label.PlayTime,Speeltijd
Feature.Build.Label.PreviouslyPublished,Eerder gepubliceerd
Feature.Build.Label.Price,Prijs
Feature.Build.Label.PriceUnavailable,--
Feature.Build.Label.Pricing,Prijzen
Feature.Build.Label.PricingOptions,Prijsopties
Feature.Build.Label.Private,Privé
Feature.Build.Label.Public,Openbaar
Feature.Build.Label.PubliclyUnavailable,Niet openbaar beschikbaar
Feature.Build.Label.Published,
Feature.Build.Label.Ready,Gereed
Feature.Build.Label.RegionalPricing,Regionale prijzen
Feature.Build.Label.ResetsDaily,Wordt dagelijks gereset
Feature.Build.Label.ResetsMonthly,Wordt maandelijks gereset
Feature.Build.Label.ResetsWeekly,Wordt wekelijks gereset
Feature.Build.Label.RestoredVersion,{VERSION} hersteld
Feature.Build.Label.RobuxUsage,{USED}/{LIMIT}
Feature.Build.Label.SalesOptions,Verkoopopties
Feature.Build.Label.Search,
Feature.Build.Label.SearchGames,Spellen zoeken
Feature.Build.Label.SearchTasks,Taken zoeken
Feature.Build.Label.SelectOption,Selecteer een optie
Feature.Build.Label.ShopButton,Winkelknop
Feature.Build.Label.ShopUi,Winkel-UI
Feature.Build.Label.Sounds,Geluiden
Feature.Build.Label.TargetAllRobloxPlayers,Richt je op alle Roblox-spelers
Feature.Build.Label.Thinking,Aan het denken
Feature.Build.Label.Title,Titel
Feature.Build.Label.TitleDescription,Titel en beschrijving
Feature.Build.Label.Tool,tool
Feature.Build.Label.ToolAssetDone,Asset ingevoegd
Feature.Build.Label.ToolAssetFailed,Kan asset niet invoegen
Feature.Build.Label.ToolAssetRunning,Bezig met het invoeren van de asset…
Feature.Build.Label.ToolAssetSearchDone,Assetbibliotheek doorzocht
Feature.Build.Label.ToolAssetSearchFailed,Kan assetbibliotheek niet doorzoeken
Feature.Build.Label.ToolAssetSearchRunning,Bezig met doorzoeken van de assetbibliotheek…
Feature.Build.Label.ToolClientDMDone,Client DataModel doorzocht
Feature.Build.Label.ToolClientDMFailed,Kan client DataModel niet doorzoeken
Feature.Build.Label.ToolClientDMRunning,Client DataModel doorzoeken
Feature.Build.Label.ToolGameInfoDone,Spelinformatie bijgewerkt
Feature.Build.Label.ToolGameInfoFailed,Kan spelinformatie niet bijwerken
Feature.Build.Label.ToolGameInfoRunning,Bezig met het bijwerken van de spelinformatie…
Feature.Build.Label.ToolGameSaveDone,Spel opgeslagen
Feature.Build.Label.ToolGameSaveFailed,Kan spel niet opslaan
Feature.Build.Label.ToolGameSaveRunning,Bezig met het opslaan van het spel…
Feature.Build.Label.ToolImageDone,Afbeelding gegenereerd
Feature.Build.Label.ToolImageFailed,Kan afbeelding niet genereren
Feature.Build.Label.ToolImageRunning,Bezig met het genereren van de afbeelding…
Feature.Build.Label.ToolInspectDone,Clientinstantie geïnspecteerd
Feature.Build.Label.ToolInspectFailed,Kan clientinstantie niet inspecteren
Feature.Build.Label.ToolInspectRunning,Clientinstantie inspecteren
Feature.Build.Label.ToolLogsDone,Aangevraagde logbestanden
Feature.Build.Label.ToolLogsFailed,Kan logbestanden niet aanvragen
Feature.Build.Label.ToolLogsRunning,Bezig met het aanvragen van logbestanden…
Feature.Build.Label.ToolLuauDone,Luau uitgevoerd
Feature.Build.Label.ToolLuauFailed,Kan Luau niet uitvoeren
Feature.Build.Label.ToolLuauRunning,Bezig met het uitvoeren van Luau…
Feature.Build.Label.ToolModelDone,3D-model gegenereerd
Feature.Build.Label.ToolModelFailed,Kan 3D-model niet genereren
Feature.Build.Label.ToolModelRunning,Bezig met het genereren van het 3D-model…
Feature.Build.Label.ToolPlanPresentDone,Abonnement gepresenteerd
Feature.Build.Label.ToolPlanPresentFailed,Kan abonnement niet presenteren
Feature.Build.Label.ToolPlanPresentRunning,Bezig met het presenteren van het abonnement…
Feature.Build.Label.ToolPlanUpdateDone,Abonnement bijgewerkt
Feature.Build.Label.ToolPlanUpdateFailed,Kan abonnement niet bijwerken
Feature.Build.Label.ToolPlanUpdateRunning,Bezig met het bijwerken van het abonnement…
Feature.Build.Label.ToolPrimitiveDone,Gegenereerde primitieve vorm
Feature.Build.Label.ToolPrimitiveFailed,Kan primitieve vorm niet genereren
Feature.Build.Label.ToolPrimitiveRunning,Bezig met het genereren van de primitieve vorm…
Feature.Build.Label.ToolQuestionDone,Heeft een vraag gesteld
Feature.Build.Label.ToolQuestionFailed,Kan vraag niet stellen
Feature.Build.Label.ToolQuestionRunning,Bezig met een vraag stellen…
Feature.Build.Label.ToolReqUpdateDone,Vereisten bijgewerkt
Feature.Build.Label.ToolReqUpdateFailed,Kan vereisten niet bijwerken
Feature.Build.Label.ToolReqUpdateRunning,Bezig met het bijwerken van de vereisten…
Feature.Build.Label.ToolScriptDone,Script uitgevoerd
Feature.Build.Label.ToolScriptFailed,Kan script niet uitvoeren
Feature.Build.Label.ToolScriptRunning,Bezig met het uitvoeren van het script…
Feature.Build.Label.ToolSkillLoadDone,Vaardigheid geladen
Feature.Build.Label.ToolSkillLoadFailed,Kan vaardigheid niet laden
Feature.Build.Label.ToolSkillLoadRunning,Bezig met laden van de vaardigheid…
Feature.Build.Label.ToolSkillsDone,Beschikbare vaardigheden weergegeven
Feature.Build.Label.ToolSkillsFailed,Kan beschikbare vaardigheden niet weergeven
Feature.Build.Label.ToolSkillsRunning,Bezig met het weergeven van beschikbare vaardigheden…
Feature.Build.Label.ToolTasksPlanDone,Taken gepland
Feature.Build.Label.ToolTasksPlanFailed,Kan taken niet plannen
Feature.Build.Label.ToolTasksPlanRunning,Bezig met het plannen van je taken…
Feature.Build.Label.ToolThumbnailDone,Spelminiatuur ingesteld
Feature.Build.Label.ToolThumbnailFailed,Kan spelminiatuur niet instellen
Feature.Build.Label.ToolThumbnailRunning,Bezig met het instellen van de spelminiatuur…
Feature.Build.Label.UniverseNumber,Universum-{UNIVERSE_ID}
Feature.Build.Label.Unknown,Onbekend
Feature.Build.Label.UnlimitedUsed,{USED} gebruikt • Geen limiet
Feature.Build.Label.UpdateTitleDesc,Titel en beschrijving bijwerken
Feature.Build.Label.Usage,Tegoed
Feature.Build.Label.UsageUsed,{USED} gebruikt
Feature.Build.Label.UsernameHandle,@{USERNAME}
Feature.Build.Label.Version,Versie
Feature.Build.Label.VersionCompact,v{VERSION_NUMBER}
Feature.Build.Label.VersionDate,{VERSION} · {CREATED_DATE}
Feature.Build.Label.VersionPadded,v0{VERSION_NUMBER}
Feature.Build.Label.Video,Video
Feature.Build.Label.World,Wereld
Feature.Build.Message.AccountRequirements,Je account voldoet niet aan de vereisten om Build te gebruiken.
Feature.Build.Message.AccountTooNew,Je account is te nieuw om te publiceren. Probeer het nog een keer wanneer het 2 dagen oud is.
Feature.Build.Message.AdCampaignCreateFailed,Kan je campagne niet aanmaken. Probeer het opnieuw.
Feature.Build.Message.AdPerformanceLoadFailed,Kan advertentieprestaties niet laden
Feature.Build.Message.AdsPromotionBannerSubtitle,Vergroot gratis je doelgroep
Feature.Build.Message.AdsPromotionBannerTitle,Je hebt nog {promotionCount} gratis promoties over
Feature.Build.Message.AdsPromotionBannerTitleSingular,Je hebt nog 1 gratis promotie over
Feature.Build.Message.AdsStatsEmpty,Vergroot je doelgroep met een advertentiecampagne en zorg ervoor dat je spel wordt ontdekt
Feature.Build.Message.AdsStatsEmptyFree,Vergroot je doelgroep met een gratis advertentiecampagne en zorg ervoor dat je spel wordt ontdekt
Feature.Build.Message.AllFriendsAdded,Je hebt al je vrienden uitgenodigd als vroege testers.
Feature.Build.Message.AnswerBuildQuestion,Beantwoord hieronder de vraag van Build.
Feature.Build.Message.AssetDetailsUnavailable,Assetdetails zijn niet beschikbaar.
Feature.Build.Message.AudienceIneligible,Komt geschikt voor deze doelgroep
Feature.Build.Message.BuildAccountBlocked,Build is op dit moment niet beschikbaar voor je account.
Feature.Build.Message.BuildBusy,Build is bezet. Wacht even en probeer het nog een keer.
Feature.Build.Message.BuildConnectFailed,Build kon geen verbinding maken. Probeer het nog een keer.
Feature.Build.Message.BuildInternalError,Build is op een probleem gestuit. Probeer het nog een keer.
Feature.Build.Message.BuildResponseFailed,Build reageerde niet. Probeer het nog een keer.
Feature.Build.Message.BuildStillWorking,"We zijn ermee bezig. Je kunt de app afsluiten, Roblox spelen of een ander project starten terwijl je wacht."
Feature.Build.Message.BuildStopped,Je hebt Build gestopt.
Feature.Build.Message.BuildTemporarilyDown,Build is tijdelijk niet beschikbaar. Probeer het over een minuut nog een keer.
Feature.Build.Message.CompletedTasks,{COUNT} taken voltooid
Feature.Build.Message.ConversationGone,Dit gesprek is niet meer beschikbaar. Start een nieuw gesprek.
Feature.Build.Message.ConversationNotFound,We konden dit gesprek niet vinden. Start een nieuw gesprek.
Feature.Build.Message.CreateGameToUseBuild,Maak een nieuw spel om Build te gebruiken.
Feature.Build.Message.CreatedRevertedVer,Er is een teruggezette versie aangemaakt.
Feature.Build.Message.ErrorCodeText,({ERROR_CODE}) {ERROR_TEXT}
Feature.Build.Message.ExpandAudience,Breid je geschiktheid voor doelgroepen uit in de Creator Hub
Feature.Build.Message.ExperiencesLoadFailed,Kan ervaringen niet laden
Feature.Build.Message.FailedTitle,{TITLE} mislukt
Feature.Build.Message.FinishedTitle,{TITLE} voltooid
Feature.Build.Message.FriendsLoadFailed,Kan je vrienden niet laden. Probeer het nog een keer.
Feature.Build.Message.GameNotCreated,Je spel is niet gemaakt. Probeer het nog een keer.
Feature.Build.Message.GamePublishFailed,Je spel kon niet worden gepubliceerd. Probeer het nog een keer.
Feature.Build.Message.GameShared,Spel gedeeld
Feature.Build.Message.GameSharedWith,Spel gedeeld met {DISPLAY_NAME}
Feature.Build.Message.HiDisplayName,"Hallo, {DISPLAY_NAME}"
Feature.Build.Message.ImageUploadFailed,Je afbeeldingen konden niet worden geüpload. Probeer het nog een keer.
Feature.Build.Message.InvalidMessage,Er is iets misgegaan met je bericht. Bewerk het en probeer het nog een keer.
Feature.Build.Message.InvitesLoadFailed,Kan uitnodigingen niet laden
Feature.Build.Message.LimitBelowSpend,De limiet mag niet lager zijn dan de {ALREADY_SPENT} Robux die vandaag al zijn uitgegeven.
Feature.Build.Message.LinkCopied,Link gekopieerd naar klembord.
Feature.Build.Message.LoadingVersions,Bezig met laden van versiegeschiedenis...
Feature.Build.Message.NoAssetsFound,Geen assets gevonden.
Feature.Build.Message.NoCapturesAvailable,
Feature.Build.Message.NoDescriptionProvided,Geen beschrijving verstrekt.
Feature.Build.Message.NoFriendsToAdd,Je hebt nog geen vrienden die je kunt uitnodigen. Leg eerst contact met mensen op Roblox.
Feature.Build.Message.NoResults,
Feature.Build.Message.NoSearchResultsFound,Geen zoekresultaten gevonden
Feature.Build.Message.NoVersionHistory,Nog geen versiegeschiedenis.
Feature.Build.Message.OneTaskCompleted,1 taak voltooid
Feature.Build.Message.OutOfBuildUsage,Je hebt geen Build-tegoed meer. Bekijk je opties om Robux te gebruiken om content te blijven maken.
Feature.Build.Message.PlaytestInviteSendFailedBody,Je kon geen uitnodigingslink voor de chat verzenden naar de volgende gebruikers:
Feature.Build.Message.PlaytestInviteSendFailedHint,Gebruik de knop Delen om een link te ontvangen.
Feature.Build.Message.PlaytesterRequestFailed,We konden je aanvraag niet voltooien. Probeer het opnieuw.
Feature.Build.Message.PlaytestersAdded,{INVITED_COUNT} van {MAX_INVITES} vroege testers uitgenodigd
Feature.Build.Message.PrivatePlaytestInvite,{username} heeft je uitgenodigd om een vroege tester te zijn voor {experienceName}
Feature.Build.Message.PublicPublishFailed,"Je spel is gepubliceerd, maar kon niet openbaar worden gemaakt. Probeer het nog een keer."
Feature.Build.Message.PublishExpandAudience,Publiceer om je doelgroep te vergroten
Feature.Build.Message.PublishNotReverted,Je publicatie is niet teruggedraaid. Probeer het nog een keer.
Feature.Build.Message.PublishPromotionUpsell,Gefeliciteerd met het publiceren van je spel. Je hebt {promotionCount} gratis promoties beschikbaar om meer spelers op Roblox te krijgen.
Feature.Build.Message.PublishPromotionUpsellSingular,Gefeliciteerd met het publiceren van je spel. Je hebt 1 gratis promotie beschikbaar om meer spelers op Roblox te krijgen.
Feature.Build.Message.PublishReverted,Publicatie teruggedraaid.
Feature.Build.Message.QuestionnaireNeeded,Deze game is buiten Build om bewerkt. Vul de contentvragenlijst in om te publiceren.
Feature.Build.Message.ReadyToPlay,Je spel is klaar om te worden gespeeld op Roblox!
Feature.Build.Message.ResetHours,Wordt over {HOURS} uur gereset
Feature.Build.Message.ResetOneHour,Wordt over 1 uur gereset
Feature.Build.Message.RestoreVersionFailed,Kan deze versie niet herstellen. Probeer het nog een keer.
Feature.Build.Message.RevertVersionFail,Er is geen teruggedraaide versie gemaakt. Probeer het nog een keer.
Feature.Build.Message.RunningTitle,{title} wordt uitgevoerd
Feature.Build.Message.SafetyPolicy,Dit bericht is in overtreding met ons veiligheidsbeleid. Bewerk het en probeer het nog een keer.
Feature.Build.Message.SaveChangesFailed,Kan wijzigingen niet opslaan. Probeer het nog een keer.
Feature.Build.Message.ShareExperience,{EXPERIENCE_NAME} delen
Feature.Build.Message.ShareLinkFailed,Kan de link om te delen niet maken. Probeer het nog een keer.
Feature.Build.Message.SignedOut,Je bent afgemeld. Meld je aan en probeer het nog een keer.
Feature.Build.Message.TasksCompleted,{NUM_COMPLETED_TASKS} taken voltooid
Feature.Build.Message.ThinkingSeconds,{SECONDS} sec. nagedacht
Feature.Build.Message.TrustedFriendsRequiredForPlaytest,Word een vertrouwde vriend van deze maker om zijn/haar spel te spelen.
Feature.Build.Message.TryAgain,Nog een keer proberen.
Feature.Build.Message.TurnToPortrait,Draai je apparaat verticaal om verder te werken aan je spel.
Feature.Build.Message.UpdateSettingsToPlaytest,"Om dit spel te spelen, moet je je instelling voor spelvoorbeelden bijwerken."
Feature.Build.Message.VersionHistoryLoad,Kan versiegeschiedenis niet laden.
Feature.Build.Message.WhatToCreate,Wat wil je vandaag gaan maken?
Feature.Build.Message.WorkedMinutesSeconds,{MINUTES} min. en {REM_SECONDS} sec. gewerkt
Feature.Build.Message.WorkedSeconds,{SECONDS} sec. gewerkt
Feature.Build.Message.WorkingOnTasks,Je taken worden uitgevoerd
Feature.Build.Notification.Message.Continue,Ga door met je Build-chat om verder te gaan.
Feature.Build.Notification.Message.Review,Ga door met je Build-chat om het resultaat te bekijken.
Feature.Build.Notification.Title.Finished,Build voltooid
Feature.Build.Notification.Title.NeedInput,Build heeft je input nodig
Feature.Build.Placeholder.DescribeProduct,Beschrijf wat je wilt verkopen
Feature.Build.Placeholder.DescribeProductUpdate,Beschrijf een update
Feature.Build.Prompt.CreateDeveloperProduct,"Help me een ontwikkelaarsproduct te maken, het in de game te integreren, de wijzigingen te verifiëren en te publiceren en het te koop aan te bieden."
Feature.Build.Title.AdActive,Advertentiecampagne is actief
Feature.Build.Title.AdCampaignDuration,Advertentiecampagne van {durationDays} dagen
Feature.Build.Title.AdCampaignOptionDurationShort,{durationDays} dagen
Feature.Build.Title.AdComplete,Advertentie voltooid
Feature.Build.Title.AdCreated,Advertentie gemaakt
Feature.Build.Title.AddFriendsToPlaytest,
Feature.Build.Title.AddImages,Afbeeldingen toevoegen
Feature.Build.Title.AdsStatsEmpty,Een campagne starten
Feature.Build.Title.AdsStatsEmptyFree,Je eerste campagne starten
Feature.Build.Title.ArchiveThisGame,Dit spel archiveren?
Feature.Build.Title.AssetLibrary,Bibliotheek
Feature.Build.Title.Audience,Doelgroep
Feature.Build.Title.BuildQuestion,Build heeft een vraag
Feature.Build.Title.BuildQuestions,Build heeft een aantal vragen
Feature.Build.Title.BuildUnavailable,Build is niet beschikbaar
Feature.Build.Title.BuildUsage,Build-tegoed
Feature.Build.Title.ChangesNotLive,Je wijzigingen zijn nog niet live
Feature.Build.Title.ChatBuildUnavailable,Build niet beschikbaar.
Feature.Build.Title.Content,Content
Feature.Build.Title.CreateYourAd,Je advertentie maken
Feature.Build.Title.DailyRobuxReached,Dagelijkse Robux-limiet bereikt
Feature.Build.Title.DeveloperProduct,Ontwikkelaarsproduct
Feature.Build.Title.EditDeveloperProduct,Product bewerken
Feature.Build.Title.ExperienceAudience,Doelgroep van de ervaring
Feature.Build.Title.FreeUsageReached,Limiet voor gratis Build-tegoed bereikt
Feature.Build.Title.FriendsOnlyPlay,Alleen vrienden kunnen spelen
Feature.Build.Title.GameCreationDone,Spel gecreëerd
Feature.Build.Title.GamePrivate,Dit spel is privé
Feature.Build.Title.GenericError,
Feature.Build.Title.GetUsers,Gebruikers ophalen
Feature.Build.Title.ManagedPricingAcknowledgement,Beheerde prijzen inschakelen?
Feature.Build.Title.NoMonetizationProducts,Begin met verdienen in je spel
Feature.Build.Title.NoRobuxForUsage,Geen Robux meer over voor Build-tegoed
Feature.Build.Title.PickCampaign,Kies een lengte
Feature.Build.Title.PlaytestInviteSendFailed,Kan uitnodigingen niet verzenden
Feature.Build.Title.Playtesters,
Feature.Build.Title.PlaytestersAddRejected,Kon de volgende gebruikers niet toevoegen:
Feature.Build.Title.PlaytestersOnlyPlay,Alleen playtesters kunnen spelen
Feature.Build.Title.PromoteGame,Promoot je spel
Feature.Build.Title.PromoteGameFree,Promoot je spel gratis
Feature.Build.Title.PromoteGameFreePlural,Je hebt {promotionCount} gratis advertenties
Feature.Build.Title.PromoteGameFreeSingular,Je hebt een gratis advertentie
Feature.Build.Title.PromoteGamePaid,Er staan nog meer spelers voor je klaar
Feature.Build.Title.PushNotifications,Pushmeldingen
Feature.Build.Title.RevertLastChange,Laatste wijziging terugzetten?
Feature.Build.Title.Tasks,Taken
Feature.Build.Title.TurnActivity,Activiteit in chatgesprek
Feature.Build.Title.VersionHistory,Versiegeschiedenis
Feature.Build.Title.VersionInfo,Versie-informatie
Feature.Build.Title.VersionNumber,Versie {VERSION}
Feature.Build.Title.Versions,Versies
Feature.Build.Title.WhatsIncluded,Wat is er inbegrepen?
Feature.Call.Error.Description.Generic,
Feature.Captures.Action.Allow,Toestaan
Feature.Captures.Action.AllowPhotoAccessAccepted,
Feature.Captures.Action.AllowPhotoAccessDeclined,
Feature.Captures.Action.CancelSelectAllCaptures,
Feature.Captures.Action.Create,
Feature.Captures.Action.DeleteCaptureWarningCancel,
Feature.Captures.Action.DeleteCaptureWarningConfirm,
Feature.Captures.Action.DontAllow,Niet toestaan
Feature.Captures.Action.NoThanks,"Nee, bedankt"
Feature.Captures.Action.OpenInFiles,Openen in Bestanden
Feature.Captures.Action.Save,
Feature.Captures.Action.SelectAllCaptures,Alles selecteren
Feature.Captures.Action.Share,
Feature.Captures.Action.ShareYourCapture,Deel je opname
Feature.Captures.Action.ViewCapture,
Feature.Captures.Body.AllowAccessToCaptures,Deze ervaring wil graag je opnames bekijken en gebruiken.
Feature.Captures.Body.SaveCapturesPrompt,Wil je je opnames opslaan?
Feature.Captures.Body.ShareCapturePrompt,Wil je je opname delen?
Feature.Captures.Control.Off,
Feature.Captures.Control.On,
Feature.Captures.Control.StartRecordingVideo,
Feature.Captures.Control.StopRecordingVideo,Opname stoppen
Feature.Captures.Description.AllowPhotoAccessInfo,Roblox toegang nodig tot de filmrol van je apparaat om opnames op te slaan.
Feature.Captures.Description.DiscoverPostWatch,"Ontdek, post en bekijk epische Roblox-gameplay op Momenten."
Feature.Captures.Description.MomentProcessing,Je kunt het binnenkort bekijken in Momenten
Feature.Captures.Description.ShareCTA,Deel je opname met vrienden!
Feature.Captures.Label.CaptureCounts,{numberOfCaptures} opnames
Feature.Captures.Label.CaptureStorageTooltipLabel,Roblox gebruikt je app-opslag voor opnames. Je kunt opnames verwijderen om ruimte vrij te maken.
Feature.Captures.Label.DeleteCaptureInfo,Hierdoor wordt de opname permanent verwijderd.
Feature.Captures.Label.DeleteCaptureWarningOptOut,Dit niet meer tonen.
Feature.Captures.Label.DeleteCapturesWarning,Hierdoor worden je opnames permanent verwijderd
Feature.Captures.Label.EducationalText,"Leg je favoriete Roblox-momenten vast, bekijk ze en deel ze."
Feature.Captures.Label.HotkeyEducationalText,"Leg je favoriete Roblox-momenten vast, bekijk ze en deel ze. Sneltoets: {keyOne} + {keyTwo}."
Feature.Captures.Label.MultipleCapturesSelected,{numberOfCaptures} opnames geselecteerd
Feature.Captures.Label.NothingHereYet,"Hier staat (nog) niets. Maak je eerste opnames, kom dan terug om ze te bekijken en delen met je vrienden."
Feature.Captures.Label.OneCapture,1 opname
Feature.Captures.Label.OneCaptureSelected,1 opname geselecteerd
Feature.Captures.Label.SelectCapture,Opname selecteren
Feature.Captures.Label.VideoCaptureVoiceChatMutedTooltip,"Je kunt andere spelers niet horen, maar zij kunnen jou nog steeds horen. De spraakchat wordt hervat wanneer de opname stopt."
Feature.Captures.Label.VideoEducationalText,"Door op de knop 'Video opnemen' te klikken, wordt het menu gesloten en wordt je scherm opgenomen."
Feature.Captures.Prompt.Subtitle.VoiceChatRecordingTrustedFriendsAgeGroup,De spraakchat en opname zijn ingeschakeld voor vertrouwde vrienden en mensen in vergelijkbare leeftijdsgroepen. Je spraak kan worden gedeeld.
Feature.Captures.Title.AllowAccessToCaptures,Toegang tot opnames geven?
Feature.Captures.Title.AllowPhotoAccessInfo,Toegang tot foto's geven
Feature.Captures.Title.CaptureScreenshotTooltip,Schermafbeelding vastleggen
Feature.Captures.Title.CaptureStorageTooltipTitle,Opname-opslag
Feature.Captures.Title.CaptureVideoTooltip,Video vastleggen
Feature.Captures.Title.Captures,Opnames
Feature.Captures.Title.DeleteCaptureWarning,Opname verwijderen
Feature.Captures.Title.DeleteMultipleCapturesWarning,Opnames verwijderen
Feature.Captures.Title.Gallery,Galerij
Feature.Captures.Title.SaveCapturesPrompt,Opnames opslaan
Feature.Captures.Title.ShareCapturePrompt,Opname delen
Feature.Captures.Title.VideoCTA,
Feature.Captures.Title.VideoCaptureInProgressTooltip,Video-opname is al in uitvoering
Feature.Captures.Title.VideoCaptureVoiceChatMutedTooltip,Spraakchat gedempt als je iets vastlegt
Feature.Captures.Toast.CaptureSaved,Opname opgeslagen
Feature.Captures.Toast.CaptureSavedToDevice,Opgeslagen op apparaat
Feature.Captures.Toast.CapturesEnabled,Opnames ingeschakeld
Feature.Captures.Toast.CreateMoment2,Opgeslagen! Zet dit om in een Moment.
Feature.Captures.Toast.MomentProcessing,We verwerken je Moment
Feature.Captures.Toast.VideoCaptureFailed,Video-opname kon niet worden opgeslagen.
Feature.Captures.Toast.VideoCaptureInitializationCapturingAlreadyError,Er is al een video-opname in uitvoering
Feature.Captures.Toast.VideoCaptureInitializationNoDeviceSupportError,Apparaat ondersteunt geen video-opname
Feature.Captures.Toast.VideoCaptureInitializationNoSpaceOnDeviceError,Apparaat heeft niet genoeg ruimte om video op te nemen
Feature.Captures.Toast.VideoCaptureInitializationOtherError,Er is een fout opgetreden bij het starten van de video
Feature.Captures.Toast.VideoCaptureOtherError,Er is een fout opgetreden bij het opnemen van de video
Feature.Catalog.Action.Buy,
Feature.Catalog.Action.Cancel,
Feature.Catalog.Action.Checkout.GoToCustomize,Ga door naar Aanpassen
Feature.Catalog.Action.Checkout.ManageInCustomize,Beheren in Aanpassen
Feature.Catalog.Action.Checkout.UnavailableItems,
Feature.Catalog.Action.Checkout.Wear,Dragen
Feature.Catalog.Action.CheckoutPlural,Afrekenen bekijken ({count})
Feature.Catalog.Action.CheckoutSingular,1 item afrekenen
Feature.Catalog.Action.CloseDetails,Details sluiten
Feature.Catalog.Action.CopyLink,Link kopiëren
Feature.Catalog.Action.Customize,Aanpassen
Feature.Catalog.Action.Delete,
Feature.Catalog.Action.DeleteAvatar,Avatar verwijderen
Feature.Catalog.Action.DescribeAvatar,Beschrijf je avatar (optioneel)
Feature.Catalog.Action.Favorite,Favoriet
Feature.Catalog.Action.Favorites.BrowseMarketplace,Marktplaats browsen
Feature.Catalog.Action.GoBack,Ga terug
Feature.Catalog.Action.ItemOptions,Itemopties
Feature.Catalog.Action.LoadMore,Meer laden
Feature.Catalog.Action.Next,
Feature.Catalog.Action.OpenDetails,Details openen
Feature.Catalog.Action.Owned,{count} in bezit
Feature.Catalog.Action.Post,
Feature.Catalog.Action.PreviewAndPost,
Feature.Catalog.Action.Remove,
Feature.Catalog.Action.RemoveFavorite,
Feature.Catalog.Action.Rent,Huren
Feature.Catalog.Action.Replace,
Feature.Catalog.Action.Report,
Feature.Catalog.Action.Sell,Verkopen
Feature.Catalog.Action.ShareVia,Delen via ...
Feature.Catalog.Action.Submit,Verzenden
Feature.Catalog.Action.Try,Probeer
Feature.Catalog.Action.Upgrade,Upgrade
Feature.Catalog.Action.ViewDetailsPage,Detailpagina bekijken
Feature.Catalog.Action.ViewExperienceDetails,Ervaringsdetails bekijken
Feature.Catalog.Action.ViewTerms,Voorwaarden bekijken
Feature.Catalog.ActionSeeAll,Alles bekijken
Feature.Catalog.AvatarWidgetTitle,
Feature.Catalog.Checkout.Title.PurchasedFailedPlural,{count} items konden niet worden gekocht
Feature.Catalog.Checkout.WearAfterPurchase,
Feature.Catalog.Description.AttributionAlertBody,Je verlaat dit gebied en zult deelnemen aan {experienceName}.
Feature.Catalog.Feature.Catalog.Label.ClassicShirt,
Feature.Catalog.Feature.Catalog.Label.ClassicTShirt,
Feature.Catalog.Feature.Catalog.Label.TotalItems,Totaal: {itemCount} items
Feature.Catalog.Feature.Catalog.Label.TotalItemsParenthesis,Totaal ({itemCount} items)
Feature.Catalog.Header.Checkout,Afrekenen
Feature.Catalog.Header.InvalidOutfit,Ongeldige outfit
Feature.Catalog.Header.PostAvatar,
Feature.Catalog.Heading.AvailableItems,Beschikbare items
Feature.Catalog.Heading.BuyItem,
Feature.Catalog.Heading.FreeItemConfirmation,Item krijgen
Feature.Catalog.Heading.GoToExperience,Deelnemen aan de ervaring?
Feature.Catalog.Heading.HoldingPolicy,Behoudsbeleid
Feature.Catalog.Heading.InExperienceOnly,Beschikbaar in ervaring
Feature.Catalog.Heading.InsufficientFunds,Onvoldoende Robux
Feature.Catalog.Heading.ItemInfo,Iteminformatie
Feature.Catalog.Heading.ItemRemoved,Item verwijderd
Feature.Catalog.Heading.ItemsOnSale,Items in de uitverkoop
Feature.Catalog.Heading.NotForSale,
Feature.Catalog.Heading.Overview,
Feature.Catalog.Heading.PremiumOnly,Alleen Roblox Plus
Feature.Catalog.Heading.QuantityLimitReached,Limiet van maker bereikt
Feature.Catalog.Heading.QuickMenu,Snelmenu
Feature.Catalog.Heading.Resellers,Wederverkopers
Feature.Catalog.Heading.SellItem,Item verkopen
Feature.Catalog.Heading.Sellers,Verkopers
Feature.Catalog.Heading.SetPrice,Prijs instellen
Feature.Catalog.Heading.ShowBodyParts,Lichaamsdelen weergeven
Feature.Catalog.Heading.ShowHeadType,Hoofdtype weergeven
Feature.Catalog.Heading.ShowShoes,Schoenen weergeven
Feature.Catalog.Heading.TakeOffSale,Verkoop verwijderen
Feature.Catalog.HeroWidget.BundleTitle,Korblox Pactbreker is gearriveerd
Feature.Catalog.HeroWidget.CapsuleDescription,
Feature.Catalog.HeroWidget.CapsulePoolDescription,
Feature.Catalog.HeroWidget.CapsulePoolTitle,
Feature.Catalog.HeroWidget.CapsuleTitle,
Feature.Catalog.Label.Adjustable,Aanpasbaar
Feature.Catalog.Label.AdvancedMaterials,Geavanceerde materialen
Feature.Catalog.Label.AllItems,Alle items
Feature.Catalog.Label.AlreadyOwned,Item al in bezit
Feature.Catalog.Label.Animation,Animatie
Feature.Catalog.Label.Attributes,Attributen
Feature.Catalog.Label.Attribution,Gemaakt in
Feature.Catalog.Label.AvailableForSale,Beschikbaar voor verkoop
Feature.Catalog.Label.AvailableToPremiumMembers,Beschikbaar omdat je Premium hebt
Feature.Catalog.Label.Avatar,
Feature.Catalog.Label.AvatarEmoteSelection,
Feature.Catalog.Label.AvatarTitle,Avatartitel
Feature.Catalog.Label.Avatars,
Feature.Catalog.Label.AveragePrice,Gemiddelde prijs
Feature.Catalog.Label.AveragePriceColon,Gemiddelde prijs:
Feature.Catalog.Label.BackAccessories,Accessoires voor achterzijde
Feature.Catalog.Label.Backgrounds,
Feature.Catalog.Label.Bestselling,Bestseller
Feature.Catalog.Label.Body,Lichaam
Feature.Catalog.Label.Bundle,
Feature.Catalog.Label.Bundles,Bundels
Feature.Catalog.Label.BuyConfirmation,Wil je {itemName} kopen van {creatorName}?
Feature.Catalog.Label.BuyConfirmationIncludingWarning,Speel met mate en geef verantwoord geld uit. Wil je {itemName} kopen van {creatorName}?
Feature.Catalog.Label.BuyItems,Items kopen
Feature.Catalog.Label.BuyPrice,Aankoopprijs:
Feature.Catalog.Label.BuyRobux,
Feature.Catalog.Label.Category,Categorie
Feature.Catalog.Label.CategoryType,Type
Feature.Catalog.Label.Characters,Personages
Feature.Catalog.Label.Checkout.CheckoutButtonFtuxTooltip,Bekijk en verwijder hier items die je probeert
Feature.Catalog.Label.Checkout.ClearAllItemsOnAvatarBody,"Hierdoor worden alle items verwijderd die je op je avatar draagt, maar die je niet bezit."
Feature.Catalog.Label.Checkout.DontWarnAgainText,Waarschuw me niet meer
Feature.Catalog.Label.Checkout.GoToCustomizeBody,Je kunt alleen items die je bezit dragen of verwijderen in de weergave 'Aanpassen'.
Feature.Catalog.Label.Checkout.InExperienceOnly,Alleen in de ervaring
Feature.Catalog.Label.Checkout.ItemReplacedOnAvatarBody,Je kunt maar één item per categorie dragen. Een nieuw item vervangt altijd het item dat je momenteel draagt.
Feature.Catalog.Label.Checkout.LimitReached,
Feature.Catalog.Label.Checkout.OffSale,
Feature.Catalog.Label.Checkout.OutOfStock,Niet op voorraad
Feature.Catalog.Label.Checkout.PriceChanged,Prijs gewijzigd
Feature.Catalog.Label.Checkout.SoldOut,
Feature.Catalog.Label.Checkout.Unavailable,
Feature.Catalog.Label.Checkout.WearAvatarReplaceAllItemsBody,"Als je deze avatar draagt, worden alle items die je momenteel draagt, vervangen."
Feature.Catalog.Label.ClassicShirt,
Feature.Catalog.Label.ClassicTShirt,
Feature.Catalog.Label.Clothing,Kledij
Feature.Catalog.Label.CreatorName,Naam van maker
Feature.Catalog.Label.CurrentBalance,Huidig saldo:
Feature.Catalog.Label.CustomizeAvatar,
Feature.Catalog.Label.DeleteAvatarConfirmationPromptMessage,Je kunt deze actie niet ongedaan maken als je deze verwijdert.
Feature.Catalog.Label.Details,Details
Feature.Catalog.Label.DynamicHeads,
Feature.Catalog.Label.Emissive,Stralend
Feature.Catalog.Label.EmissiveInfo,"Een stralend item gloeit en geeft zelf licht af, waardoor het ook in donkere spelomgevingen helder en zichtbaar blijft."
Feature.Catalog.Label.Emotes,
Feature.Catalog.Label.EyeMakeup,
Feature.Catalog.Label.Eyebrow,Wenkbrauw
Feature.Catalog.Label.EyebrowMakeup,
Feature.Catalog.Label.Eyebrows,
Feature.Catalog.Label.Eyelash,Wimper
Feature.Catalog.Label.EyelashMakeup,
Feature.Catalog.Label.Eyelashes,
Feature.Catalog.Label.FaceAccessories,Accessoires voor gezicht
Feature.Catalog.Label.FaceMakeup,
Feature.Catalog.Label.Favorites,
Feature.Catalog.Label.Fee,{feePercentage}% kosten:
Feature.Catalog.Label.Filter.Creator,Maker
Feature.Catalog.Label.Filter.Curator,Curator
Feature.Catalog.Label.Filter.Filters,
Feature.Catalog.Label.Filter.Hide,Verbergen
Feature.Catalog.Label.Filter.PriceMax,Max.
Feature.Catalog.Label.Filter.PriceMin,Min.
Feature.Catalog.Label.Filter.SalesType,Verkooptype
Feature.Catalog.Label.Filter.Show,Weergeven
Feature.Catalog.Label.Filter.Sorts,Sorteringen
Feature.Catalog.Label.Filter.TotalValue,Totale waarde
Feature.Catalog.Label.Filter.UnavailableItems,Niet-beschikbare items
Feature.Catalog.Label.FreeItemConfirmation,Wil je {itemName} van {creatorName} gratis ontvangen?
Feature.Catalog.Label.FreeUpperCase,GRATIS
Feature.Catalog.Label.FromPrice,Van {itemPrice}
Feature.Catalog.Label.FrontAccessories,Accessoires voor voorzijde
Feature.Catalog.Label.FullBodies,Volledige lichamen
Feature.Catalog.Label.FullBody,
Feature.Catalog.Label.Gear,
Feature.Catalog.Label.Get,Krijgen
Feature.Catalog.Label.GetPremiumAndPrice,Neem Premium en koop voor 
Feature.Catalog.Label.HD,HD
Feature.Catalog.Label.Hair,
Feature.Catalog.Label.HeadShape,Vorm van het hoofd
Feature.Catalog.Label.HighDefinitionInfo,"HD-items zijn gemaakt met een hoog vakmanschap wat betreft details, materialen en pasvorm."
Feature.Catalog.Label.Holding,In de wacht
Feature.Catalog.Label.InExperienceOnly,De oorspronkelijke verkoop van dit item is alleen beschikbaar in ervaringen.
Feature.Catalog.Label.InMultipleExperiences,In {NUM_EXPERIENCES} ervaringen
Feature.Catalog.Label.InSingleExperience,
Feature.Catalog.Label.InSpecificExperience,In {EXPERIENCE_NAME}
Feature.Catalog.Label.IncludedParts,Inbegrepen onderdelen
Feature.Catalog.Label.InsufficientFunds,Je hebt niet genoeg Robux om dit item te kopen.
Feature.Catalog.Label.ItemCount,{itemCount} item
Feature.Catalog.Label.ItemExperienceLimitReached,Je hebt de aankooplimiet bereikt die de maker voor dit item heeft ingesteld. Je kunt er geen meer kopen. Wil je nog steeds naar [{EXPERIENCE_NAME}] gaan?
Feature.Catalog.Label.ItemExperienceLimitReachedTitle,Aankooplimiet bereikt
Feature.Catalog.Label.ItemExperienceSoldOut,Het originele exemplaar is uitverkocht in ervaringen. Wil je nog steeds naar [{EXPERIENCE_NAME}] gaan?
Feature.Catalog.Label.ItemExperienceSoldOutTitle,Item uitverkocht
Feature.Catalog.Label.ItemInAHold,Item in de wacht?
Feature.Catalog.Label.ItemOwnedCount,Items in bezit ({itemCount})
Feature.Catalog.Label.ItemsCount, {itemCount} items
Feature.Catalog.Label.LeftArm,
Feature.Catalog.Label.LicensedBy,Gelicentieerd door
Feature.Catalog.Label.LicensingLicensed,Gelicentieerd
Feature.Catalog.Label.LicensingLicensedInfo,Goedgekeurd door het merk
Feature.Catalog.Label.LicensingOfficial,Officieel
Feature.Catalog.Label.LicensingOfficialInfo,Gemaakt door het merk
Feature.Catalog.Label.Limited,
Feature.Catalog.Label.LimitedU,Limited U
Feature.Catalog.Label.LipMakeup,
Feature.Catalog.Label.Makeup,
Feature.Catalog.Label.Makeup.MakeupMax6LayersPromptBody,Nieuwe make-uplagen verschijnen altijd bovenaan en vervangen de onderste laag totdat je een slot vrijmaakt.
Feature.Catalog.Label.MakeupCartDescriptionText,"6 willekeurige ogen, lippen en gezicht, samen met 1 wimper en 1 wenkbrauw"
Feature.Catalog.Label.MakeupLooks,
Feature.Catalog.Label.MarketplaceToAvatarPage,Je verlaat de marktplaats om je avatar aan te passen.
Feature.Catalog.Label.MaxPerUser,Max. per gebruiker
Feature.Catalog.Label.MinimumAmount,Minimumbedrag moet hoger zijn dan 0.
Feature.Catalog.Label.MinimumAmountCustom,Minimumbedrag moet hoger zijn dan {minimumAmount}.
Feature.Catalog.Label.MostFavorited,Grootste favorieten
Feature.Catalog.Label.MostPopular,Meest populair
Feature.Catalog.Label.NA,
Feature.Catalog.Label.NeckAccessories,Accessoires voor nek
Feature.Catalog.Label.New,Nieuw
Feature.Catalog.Label.NewCollectibles,Nieuwe verzamelitems!
Feature.Catalog.Label.No,
Feature.Catalog.Label.NoLongerAvailable,Dit item is niet meer beschikbaar
Feature.Catalog.Label.NoSellersWarning,"Sorry, niemand verkoopt dit artikel"
Feature.Catalog.Label.None,Geen
Feature.Catalog.Label.NotAvailable,Dit item is op dit moment niet beschikbaar
Feature.Catalog.Label.OfferApplied,Aanbieding toegepast
Feature.Catalog.Label.OnSale,
Feature.Catalog.Label.OriginalPrice,Oorspronkelijke prijs
Feature.Catalog.Label.OutOfStock,
Feature.Catalog.Label.Owned,In bezit
Feature.Catalog.Label.PBR,Materialen
Feature.Catalog.Label.PBR.false,Basis
Feature.Catalog.Label.PBR.true,
Feature.Catalog.Label.PBRInfo,"Avatar-items met geavanceerde materialen maken gebruik van PBR (physically based rendering) om er natuurlijker uit te zien, met licht en schaduwen die veranderen en glanzen zoals in het echte leven."
Feature.Catalog.Label.PBRInfoTitle,PBR (physically based rendering)
Feature.Catalog.Label.ParticleEffects,Effecten met deeltjes
Feature.Catalog.Label.ParticleEffectsInfo,"Een item met deeltjeseffecten heeft geanimeerde visuals, waardoor het dynamisch en levendig aanvoelt."
Feature.Catalog.Label.Placement,Plaatsing
Feature.Catalog.Label.PrePremiumPrice,(Itemprijs:
Feature.Catalog.Label.Premium,
Feature.Catalog.Label.PremiumDiscount,Je bespaart {percent}% met Premium
Feature.Catalog.Label.PremiumOnly,Alleen beschikbaar voor Premium-gebruikers
Feature.Catalog.Label.Price,
Feature.Catalog.Label.PriceColon,Prijs:
Feature.Catalog.Label.PriceFromResale,{itemPrice} van doorverkoop
Feature.Catalog.Label.PriceHighToLow,Prijs van hoog naar laag
Feature.Catalog.Label.PriceLowToHigh,Prijs van laag naar hoog
Feature.Catalog.Label.PriceRange,Prijsklasse
Feature.Catalog.Label.PriceUnavailable,
Feature.Catalog.Label.PurchaseConfirmation,Wil je {itemName} kopen van {creatorName} voor {itemPrice}?
Feature.Catalog.Label.Purchased,Gekocht!
Feature.Catalog.Label.QuantityLimitReached,De maker heeft een limiet ingesteld voor het aantal exemplaren dat een individuele gebruiker van hen kan kopen.
Feature.Catalog.Label.QuantitySold,Verkochte hoeveelheid
Feature.Catalog.Label.QuickMenuMarketplaceTitle,Marktplaats-opties
Feature.Catalog.Label.RecentlyCreated,Onlangs aangemaakt
Feature.Catalog.Label.RecentlyPublished,Onlangs gepubliceerd
Feature.Catalog.Label.Recommendations,Dit vind je misschien ook leuk
Feature.Catalog.Label.Redeemed,Succesvol ingewisseld!
Feature.Catalog.Label.Relevance,Relevantie
Feature.Catalog.Label.RentOption,Huuroptie
Feature.Catalog.Label.RentOptionInfo,Probeer dit item 3 dagen uit voor een lagere prijs. Je timer start na aankoop.
Feature.Catalog.Label.ReportItem,Item melden
Feature.Catalog.Label.ResaleFeePolicy,Beleid inzake doorverkoopkosten
Feature.Catalog.Label.Resellable,Doorverkoopbaar
Feature.Catalog.Label.RobuxFee,Na {feePercentage}% kosten:
Feature.Catalog.Label.Sale,Te koop
Feature.Catalog.Label.SalePrice,Verkoopprijs:
Feature.Catalog.Label.SaveAsCharacter,Opslaan als een personage
Feature.Catalog.Label.SaveOptions,Opties opslaan
Feature.Catalog.Label.Search,
Feature.Catalog.Label.SearchSuggestions,Misschien ben je op zoek naar
Feature.Catalog.Label.SellCut,Je verdient:
Feature.Catalog.Label.SellPageUpsell,Verkopen is alleen beschikbaar voor gebruikers met een Roblox Plus-lidmaatschap.
Feature.Catalog.Label.SellSuccess,Item in de verkoop
Feature.Catalog.Label.SerialNumberColon,Serienummer:
Feature.Catalog.Label.ShareToMoments,Deel naar Momenten
Feature.Catalog.Label.ShoulderAccessories,Accessoires voor schouders
Feature.Catalog.Label.SoldOut,
Feature.Catalog.Label.SupportsHeadShapes,Ondersteunt aanpassing van de hoofdvorm
Feature.Catalog.Label.TakeOffResaleConfirmation,Weet je zeker dat dit item niet meer wilt aanbieden voor doorverkoop?
Feature.Catalog.Label.TimedOptions,Getimede opties
Feature.Catalog.Label.Timer.Day.Plural,Nog {number} dagen
Feature.Catalog.Label.Timer.Day.Singular,Nog 1 dag
Feature.Catalog.Label.Timer.Hour.Plural,Nog {number} uur
Feature.Catalog.Label.Timer.Hour.Singular,Nog 1 uur
Feature.Catalog.Label.Timer.Minute.Plural,Nog {number} minuten
Feature.Catalog.Label.Timer.Minute.Singular,Nog 1 minuut
Feature.Catalog.Label.Timer.Second.Plural,Nog {number} seconden
Feature.Catalog.Label.Timer.Second.Singular,Nog 1 seconde
Feature.Catalog.Label.Tops,Bovenkleding
Feature.Catalog.Label.Torso,
Feature.Catalog.Label.TotalItemsFraction,Totaal: ({itemCount}/{itemTotal} items)
Feature.Catalog.Label.TotalItemsParenthesis,
Feature.Catalog.Label.TotalUnformatted,Totaal
Feature.Catalog.Label.Tradable,Verhandelbaar
Feature.Catalog.Label.Trending,Populair
Feature.Catalog.Label.TryOns,Try-ons
Feature.Catalog.Label.TryOnsMultiple,Try-ons ({numItems})
Feature.Catalog.Label.Unlimited,Unlimited
Feature.Catalog.Label.Username,
Feature.Catalog.Label.UsingBundleParts, {count} bundelonderdelen gebruiken
Feature.Catalog.Label.WaistAccessories,Accessoires voor taille
Feature.Catalog.Label.WearAfterPurchase,Item dragen na aankoop
Feature.Catalog.Label.WearAvatarAfterPurchase,Avatar dragen na aankoop
Feature.Catalog.Label.WearOutfitAfterPurchase,Outfit dragen na aankoop
Feature.Catalog.Label.Yes,
Feature.Catalog.LabelAccessories,
Feature.Catalog.LabelAccessoryHats,Petten
Feature.Catalog.LabelAllCreators,Alle makers
Feature.Catalog.LabelAllHeads,
Feature.Catalog.LabelAllTime,Altijd
Feature.Catalog.LabelAnyPrice,Elke prijs
Feature.Catalog.LabelClassicHeads,
Feature.Catalog.LabelCollectibles,Verzamelitems
Feature.Catalog.LabelContentDeleted,Content verwijderd
Feature.Catalog.LabelFree,
Feature.Catalog.LabelNoResellers,Geen wederverkopers
Feature.Catalog.LabelOffSale,
Feature.Catalog.LabelPants,Broek
Feature.Catalog.LabelPastDay,Afgelopen dag
Feature.Catalog.LabelPastWeek,Afgelopen week
Feature.Catalog.LabelShirts,
Feature.Catalog.LabelTShirts,T-shirts
Feature.Catalog.Message.AvatarModerated,Deze avatar voldeed niet aan onze Communityrichtlijnen. Probeer een andere te plaatsen.
Feature.Catalog.Message.AvatarModerationModerated,Voldeed niet aan de Communityrichtlijnen
Feature.Catalog.Message.AvatarModerationPending,Wordt beoordeeld
Feature.Catalog.Message.AvatarNotAvailable,Deze avatar is niet meer beschikbaar
Feature.Catalog.Message.AvatarSharePanel,
Feature.Catalog.Message.AvatarUnderReview,"Avatar wordt beoordeeld, je kunt je avatar delen zodra deze is goedgekeurd"
Feature.Catalog.Message.BodyCategoryTooltip,Vind hier hoofden en haar
Feature.Catalog.Message.CannotBeResold,Dit item kan niet worden doorverkocht
Feature.Catalog.Message.CaptionLimit,
Feature.Catalog.Message.Checkout.PurchaseFailed,Bekijk of verwijder de items om door te gaan
Feature.Catalog.Message.Checkout.UnavailableItems,Een of meer items kunnen niet worden gekocht. Verwijder ze voordat je verdergaat.
Feature.Catalog.Message.CollectiblesInfo,"Verzamelitems kunnen na een bepaalde periode van de ene gebruiker aan de andere worden doorverkocht, zelfs als de oorspronkelijke voorraad nog niet is uitverkocht. Roblox Plus-abonnees kunnen verzamelobjecten voor doorverkoop aanbieden."
Feature.Catalog.Message.FTUXFavoritePillTooltip,Voeg dit toe aan je favorieten
Feature.Catalog.Message.Favorites.CategoryEmpty,Je hebt nog niets in deze categorie opgeslagen.
Feature.Catalog.Message.Favorites.Empty,Je hebt nog niets opgeslagen.
Feature.Catalog.Message.HighDefinitionCategoryTooltip,Ontdek de best gemaakte items op Roblox
Feature.Catalog.Message.HoldingPolicyL1,Aankopen uit doorverkoop worden maximaal {days} dagen in de wacht gezet. Het item kan alleen worden doorverkocht nadat deze wachtperiode is verstreken. Alleen Plus-gebruikers kunnen items doorverkopen.
Feature.Catalog.Message.HoldingPolicyL2,Na aankoop worden de oorspronkelijke verkopen maximaal {purchaseDays} dagen in de wacht gezet. Het item kan alleen worden doorverkocht nadat deze wachtperiode is verstreken en doorverkopen worden maximaal {resaleDays} dagen in de wacht gezet. Alleen Premium-gebruikers kunnen items doorverkopen.
Feature.Catalog.Message.MustWearClothing,
Feature.Catalog.Message.ParticleEffectsWarning,
Feature.Catalog.Message.PriceCouldBeDifferent,Het itemtype bepaalt de prijsregels van een item
Feature.Catalog.Message.ReportCatalogItemPhrase,Je kunt een melding sturen naar ons moderatieteam. We zullen het item beoordelen en passende actie ondernemen.
Feature.Catalog.Message.ResaleFeePolicy,"De inkomsten uit alle transacties op Marketplace, inclusief doorverkoop, worden verdeeld tussen Roblox en de gebruikers die bij de transactie betrokken zijn. Voor doorverkoop betekent dit dat wanneer een gebruiker je prijs accepteert, {yourSharePercent}% van de Robux die ze betalen naar jou gaat als wederverkoper. De overige {robloxFeePercent}% gaat naar Roblox en andere gebruikers, waaronder de maker van het item."
Feature.Catalog.Message.SuccessfullyPosted,
Feature.Catalog.Message.TitleLimit,
Feature.Catalog.RFYFeedTitle,Doorgaan met browsen
Feature.Catalog.RFYWidgetTitle,Aanbevolen voor jou
Feature.Catalog.Response.GenericError,Er is een fout opgetreden. Probeer het later opnieuw.
Feature.Catalog.Response.NoItemsFound,Geen items gevonden.
Feature.Catalog.Response.PlacedOnSaleSuccess,Succesvol in de verkoop gezet
Feature.Catalog.Response.ReportSubmitted,"Melding ingezonden, zal binnenkort door ons team worden beoordeeld."
Feature.Catalog.Response.TakenOffSaleSuccess,Succesvol uit de verkoop gehaald
Feature.Catalog.Search.LandingPage.Empty,"Zoeken op kleuren, types, thema's, etc"
Feature.Catalog.Search.Placeholder,"Items, outfits zoeken"
Feature.Catalog.Text.OfferAppliedToHighestItem,Aanbieding toegepast op het hoogste item
Feature.Catalog.Title.AvatarSharePanel,Je avatar is klaar om te worden gedeeld
Feature.Catalog.Title.Checkout,
Feature.Catalog.Title.Checkout.ClearAllItemsOnAvatarTitle,Alle items wissen?
Feature.Catalog.Title.Checkout.GoToCustomizeTitle,Ga door naar Aanpassen om te bewerken
Feature.Catalog.Title.Checkout.ItemRemovedSingular,
Feature.Catalog.Title.Checkout.ItemReplacedOnAvatarTitle,Item vervangen
Feature.Catalog.Title.Checkout.ItemsPurchased,{count} gekochte items
Feature.Catalog.Title.Checkout.OfferFailedToFetch,Ophalen van beschikbare aanbiedingen mislukt. Probeer het later opnieuw.
Feature.Catalog.Title.Checkout.OfferFailedToUpdate,Schakelen tussen aanbiedingen mislukt. Probeer het later opnieuw.
Feature.Catalog.Title.Checkout.PurchaseFailedPlural,
Feature.Catalog.Title.Checkout.PurchaseFailedSingular,1 item kon niet worden gekocht
Feature.Catalog.Title.Checkout.TryOnMultipleItemsFtuxBody,"Terwijl je tikt, worden items op je avatar gestapeld, zodat je een volledige look kunt samenstellen. Je kunt er maar één per categorie dragen."
Feature.Catalog.Title.Checkout.TryOnMultipleItemsFtuxTitle,Probeer meerdere items tegelijk
Feature.Catalog.Title.Checkout.UnavailableItems,
Feature.Catalog.Title.Checkout.WearAvatarReplaceAllItemsTitle,Avatar dragen?
Feature.Catalog.Title.CheckoutPlural, {count} items afrekenen
Feature.Catalog.Title.CheckoutSingular,
Feature.Catalog.Title.Makeup.MakeupMax6LayersPromptTitle,Onderste laag vervangen?
Feature.Catalog.Title.RentalFtuxText,Huur om een item 3 dagen uit te proberen
Feature.Catalog.Toast.AddedToFavorites,Toegevoegd aan favorieten
Feature.Catalog.Toast.AvatarPriceChangedBecauseOfOwned,Prijs gewijzigd omdat je {number} items bezit
Feature.Catalog.Toast.AvatarUnderReview,"Avatar wordt beoordeeld
Je kunt je avatar delen nadat deze is beoordeeld"
Feature.Catalog.Toast.FavoritedLook,Avatar toegevoegd aan favorieten!
Feature.Catalog.Toast.LinkCopied,Link gekopieerd naar klembord
Feature.Catalog.Toast.RemovedFromFavorites,Verwijderd uit favorieten
Feature.Catalog.Toast.UnfavoritedLook,Avatar verwijderd uit favorieten
Feature.Catalog.TrustedConnection.Label.Trusted,
Feature.Chat.Action.Add,
Feature.Chat.Action.Cancel,
Feature.Chat.Action.Confirm,
Feature.Chat.Action.Continue,
Feature.Chat.Action.Copy,Kopiëren
Feature.Chat.Action.Create,
Feature.Chat.Action.Delete,
Feature.Chat.Action.Edit,
Feature.Chat.Action.GroupOSADoNotJoin,Niet deelnemen
Feature.Chat.Action.GroupOSAJoin,
Feature.Chat.Action.LearnMore,
Feature.Chat.Action.Leave,
Feature.Chat.Action.MuteVoice,Stem dempen
Feature.Chat.Action.Remove,
Feature.Chat.Action.RemoveFromGroup,Verwijderen uit de groep?
Feature.Chat.Action.RemoveUser,Gebruiker verwijderen
Feature.Chat.Action.Reply,Reageren
Feature.Chat.Action.Report,
Feature.Chat.Action.ReportUser,Gebruiker melden
Feature.Chat.Action.Save,
Feature.Chat.Action.StartChatWithFriends,
Feature.Chat.Action.Stay,
Feature.Chat.Action.Translate,Vertalen
Feature.Chat.Action.UnmuteVoice,Dempen van de stem opheffen
Feature.Chat.Action.ViewAssetDetails,Details bekijken
Feature.Chat.Description.ConversationInviteGroupCreatedOn,Groep is gemaakt op {creation_date} 
Feature.Chat.Description.CreateUnfilteredChatCell,"Alle leden van deze groep worden uitgenodigd, maar sommigen komen niet in aanmerking om deel te nemen"
Feature.Chat.Description.CreateUnfilteredChatDialog,"Met uitgebreide chatfuncties kun je chatten zonder filters.

Alle leden van deze groep worden uitgenodigd, maar sommigen komen niet in aanmerking om lid te worden."
Feature.Chat.Description.CreateUnfilteredChatWithVoice,"Met uitgebreide chatfuncties kun je chatten zonder filters.

Alle leden van deze groep worden uitgenodigd, maar sommigen komen niet in aanmerking om deel te nemen."
Feature.Chat.Description.ExpressiveChatLearnMore,"Expressieve chatfuncties omvatten chat zonder filters en Groepsspraak.

De toegang tot Expressieve chat is beperkt totdat alle leden in aanmerking komen en je chat is geüpgraded."
Feature.Chat.Description.InlineContextCardDescription,Wees voorzichtig wanneer je met onbekenden chat. Deel geen persoonlijke gegevens en ga niet naar een andere chat-app. Je kunt iedereen blokkeren of melden vanuit iemands profiel.
Feature.Chat.Description.NameGroup,Geef je groep een naam
Feature.Chat.Description.NameGroupChat,Geef je chatgroep een naam
Feature.Chat.Description.OSAContextCardDescription,Jouw veiligheid is belangrijk. Voel je je niet op je gemak? Je kunt deze persoon op elk moment blokkeren of melden vanuit het profiel van deze persoon.
Feature.Chat.Description.OSAGroupDescriptionWithLinker,Jouw veiligheid is belangrijk. Je kunt een persoon op elk moment blokkeren of melden vanuit het profiel van deze persoon. <a href='{osaViewDetailsUrl}'>Bekijk de details.</a>
Feature.Chat.Description.SnoozeDescription,Je kunt Snooze uitschakelen in het ervaringsmenu
Feature.Chat.Drawer.Join,
Feature.Chat.Heading.ChatWithConnections,Chatten met vrienden
Feature.Chat.Heading.ChatWithFriends,
Feature.Chat.Heading.CreateUnfilteredChatDialog,Nieuwe groep maken met uitgebreide chatfuncties?
Feature.Chat.Heading.ExpressiveChat,Expressieve chat
Feature.Chat.Heading.FailedToLeaveGroup,De groep verlaten is mislukt
Feature.Chat.Heading.FailedToRemoveUser,Verwijderen van gebruiker is mislukt
Feature.Chat.Heading.FirstConversationWith,Eerste gesprek met {displayName}
Feature.Chat.Heading.FirstConversationWithThisUser,Eerste gesprek met deze persoon
Feature.Chat.Heading.FirstInteractionWith,Eerste interactie met {displayName}
Feature.Chat.Heading.FirstInteractionWithThisPerson,Eerste interactie met deze persoon
Feature.Chat.Heading.LeaveGroup,Groep verlaten
Feature.Chat.Heading.PartyWithConnections,Groep met vrienden
Feature.Chat.Heading.PartyWithFriends,
Feature.Chat.Heading.SafeChattingWithThisUser,Chat veilig met deze persoon
Feature.Chat.Heading.SafeChattingWithUsername,Chat veilig met {displayName}
Feature.Chat.Heading.UserInvitedYouToJoin,{combinedName} heeft je uitgenodigd om deel te nemen
Feature.Chat.Heading.UserInvitedYouToJoinAGroup,{combinedName} heeft je uitgenodigd om lid te worden van een groep
Feature.Chat.Heading.YouWereInvitedToGroup,Je bent uitgenodigd om lid te worden van de groep
Feature.Chat.Label.AddConnections,Vrienden toevoegen
Feature.Chat.Label.AddFriends,
Feature.Chat.Label.Available,Beschikbaar
Feature.Chat.Label.Blocked,
Feature.Chat.Label.ChatDetails,Chatgegevens
Feature.Chat.Label.ChatDisabled,
Feature.Chat.Label.ChatGroupName,Naam van chatgroep
Feature.Chat.Label.ChatInputPlaceholder,Zeg iets
Feature.Chat.Label.ContentLoadingFailed,We konden deze content niet laden
Feature.Chat.Label.CreateUnfilteredChat,Nieuwe groep maken met uitgebreide chatfuncties
Feature.Chat.Label.Details,
Feature.Chat.Label.ExpandedChatFeatures,Expressieve chatfuncties
Feature.Chat.Label.General,Algemeen
Feature.Chat.Label.Group.ThemRepliedToOther,{DISPLAY_NAME_1} heeft gereageerd op {DISPLAY_NAME_2}
Feature.Chat.Label.Group.ThemRepliedToThem,{DISPLAY_NAME} heeft op zichzelf gereageerd
Feature.Chat.Label.Group.ThemRepliedToYou,{DISPLAY_NAME} heeft op je gereageerd
Feature.Chat.Label.Group.YouRepliedToThem,Je hebt gereageerd op {DISPLAY_NAME}
Feature.Chat.Label.GroupName,Groepsnaam
Feature.Chat.Label.HoverToReplyTooltip,Beweeg de muis om te antwoorden
Feature.Chat.Label.InGameFriendsChatNotifications,Chatmeldingen van vrienden in het spel
Feature.Chat.Label.Loading,
Feature.Chat.Label.Members,Leden
Feature.Chat.Label.MessageNotAvailable,Dit bericht is niet beschikbaar
Feature.Chat.Label.MuteInGameChatToastNotifications,Chatmeldingen in het spel dempen
Feature.Chat.Label.MuteInGamePartyToastNotifications,Groepsmeldingen in het spel dempen
Feature.Chat.Label.New,
Feature.Chat.Label.NoChatFound,Geen chats gevonden
Feature.Chat.Label.NoDescriptionYet,Nog geen beschrijving.
Feature.Chat.Label.NotImplementedMessageType,Dit bericht kon niet worden weergegeven.
Feature.Chat.Label.NotSet,Niet ingesteld
Feature.Chat.Label.OneToOne.ThemRepliedToThem,Reageerde op zichzelf
Feature.Chat.Label.OneToOne.ThemRepliedToYou,Heeft op je gereageerd
Feature.Chat.Label.OneToOne.YouRepliedToThem,Je hebt gereageerd
Feature.Chat.Label.Pending,
Feature.Chat.Label.PrivacySettings,Privacy-instellingen
Feature.Chat.Label.ReplyChatInputPlaceholder,Reageren op {DISPLAY_NAME}
Feature.Chat.Label.ReplyToYourselfChatInputPlaceholder,Reageer op jezelf
Feature.Chat.Label.ReplyingToOthers,{DISPLAY_NAME} zei...
Feature.Chat.Label.ReplyingToYourself,Je zei...
Feature.Chat.Label.SearchConnections,Vrienden zoeken
Feature.Chat.Label.SearchFriends,
Feature.Chat.Label.SearchWord,
Feature.Chat.Label.SnoozeChatNotifications,Chatmeldingen in de ervaring dempen:
Feature.Chat.Label.SnoozePartyNotifications,Groepsmeldingen in de ervaring dempen voor:
Feature.Chat.Label.SwipeToReplyTooltip,Veeg om te antwoorden
Feature.Chat.Label.TimestampDaysAbbreviatedPlural,{num_days} d
Feature.Chat.Label.TimestampHoursAbbreviatedPlural,{num_hours} u
Feature.Chat.Label.TimestampMinutesAbbreviatedPlural,{num_minutes} m
Feature.Chat.Label.TimestampNow,Nu
Feature.Chat.Label.TimestampOneDayAbbreviated,1 d
Feature.Chat.Label.TimestampOneHourAbbreviated,1 u
Feature.Chat.Label.TimestampOneMinuteAbbreviated,1 m
Feature.Chat.Label.TimestampOneWeekAbbreviated,1 w
Feature.Chat.Label.TimestampWeeksAbbreviatedPlural,{num_weeks} w
Feature.Chat.Label.Unavailable,
Feature.Chat.Label.UnfilteredChat,Ongefilterde chat
Feature.Chat.Label.UnknownUser,onbekende gebruiker
Feature.Chat.Label.User,Gebruiker
Feature.Chat.Label.ViewProfile,Profiel bekijken
Feature.Chat.Label.YouRepliedToYou,Je hebt op jezelf gereageerd
Feature.Chat.Message.AddConnectionsLimit,Je kunt maximaal {connectionsNum} vrienden in een chatgroep hebben.
Feature.Chat.Message.AddConnectionsPartyLimit,Je kunt maximaal {connectionsNum} vrienden in een groep hebben.
Feature.Chat.Message.AddConnectionsPartyLimitSingular,Je kunt vanwege je privacy-instellingen slechts met 1 vriend een groep vormen.
Feature.Chat.Message.AddFriendsLimit,
Feature.Chat.Message.AddFriendsPartyLimit,
Feature.Chat.Message.AddFriendsPartyLimitSingular,
Feature.Chat.Message.CannotBeDisplayedThirdPerson,{displayName} heeft een bericht gestuurd dat niet kan worden weergegeven
Feature.Chat.Message.ChatIsDisabledByPrivacySetting,Chat is uitgeschakeld. Je kunt deze inschakelen in je privacy-instellingen.
Feature.Chat.Message.ChatUnavailableRegion,Op dit moment is de chat niet beschikbaar in jouw regio.
Feature.Chat.Message.ChatUnavailableWithUser,Op dit moment is de chat niet beschikbaar met deze gebruiker.
Feature.Chat.Message.Default,Niet iedereen in deze chat kan je bericht zien.
Feature.Chat.Message.EnableChat,Schakel de chat in via je Privacy-instellingen om met vrienden te chatten.
Feature.Chat.Message.EnableChat.FriendsRename,
Feature.Chat.Message.EnableParty,Schakel Groep in via je Privacy-instellingen om met vrienden een groep te vormen.
Feature.Chat.Message.EnableParty.FriendsRename,
Feature.Chat.Message.FailedToLeaveGroup,Je kon niet uit het gesprek {CONVERSATION_TITLE} worden verwijderd.
Feature.Chat.Message.FailedToLeaveGroup.V2,
Feature.Chat.Message.FailedToRemoveUser,De gebruiker {USERNAME} kon niet uit het gesprek {CONVERSATION_TITLE} worden verwijderd.
Feature.Chat.Message.FailedToRemoveUser.V2,De gebruiker {USERNAME} kon niet uit het gesprek {CONVERSATION_TITLE}  worden verwijderd.
Feature.Chat.Message.FailedToRenameConversation,Het gesprek {EXISTING_NAME} kon niet de nieuwe naam {NEW_NAME} krijgen.
Feature.Chat.Message.FailedToRenameConversation.V2,
Feature.Chat.Message.GroupConnectionLimitSingular,Je kunt slechts 1 vriend toevoegen om mee te chatten.
Feature.Chat.Message.GroupFriendLimitSingular,
Feature.Chat.Message.LeaveGroup,Je kunt niet blijven chatten met deze groep.
Feature.Chat.Message.LeaveGroup.V2,Weet je zeker dat je de groep wilt verlaten?
Feature.Chat.Message.MakeConnectionsToChat,Maak vrienden op Roblox om samen te chatten
Feature.Chat.Message.MakeConnectionsToParty,Maak vrienden op Roblox om samen een groep te vormen
Feature.Chat.Message.MakeFriendsToParty,
Feature.Chat.Message.MessageContentModerated,Je bericht is gemodereerd en is niet verzonden.
Feature.Chat.Message.MessageUnavailable,Bericht niet beschikbaar
Feature.Chat.Message.OneUserTyping,{DISPLAY_NAME} is aan het typen...
Feature.Chat.Message.PartyUnavailableRegion,Op dit moment is de Chat niet beschikbaar in jouw regio.
Feature.Chat.Message.PartyUnavailableWithUser,Op dit moment is Groep niet beschikbaar met deze gebruiker.
Feature.Chat.Message.RemoveUser,Weet je zeker dat je {USERNAME} uit deze chatgroep wilt verwijderen?
Feature.Chat.Message.RemoveUser.V2,Weet je zeker dat je {USERNAME} uit deze groep wilt verwijderen?
Feature.Chat.Message.RemovedFromConversation,Je bent uit de groep verwijderd.
Feature.Chat.Message.SeveralUsersTyping,Meerdere gebruikers zijn aan het typen...
Feature.Chat.Message.TwoUsersTyping,{DISPLAY_NAME_1} en {DISPLAY_NAME_2} zijn aan het typen...
Feature.Chat.PresetChat.Disclaimer,Met Quick Words kunnen spelers van alle leeftijden de game coördineren.
Feature.Chat.Response.ChatNameFullyModerated,De naam van de chatgroep is gemodereerd.
Feature.Chat.Response.ChatNameFullyModerated.V2,De naam van de groep is gemodereerd.
Feature.Chat.Response.NetworkError,Netwerkfout
Feature.Chat.RobloxConnectUnavailableWithUser,Op dit moment is Roblox Connect niet beschikbaar voor deze gebruiker.
Feature.Chat.Text.NoConnections,Je hebt nog geen vrienden toegevoegd. Zoek en voeg je vrienden toe op Roblox om te beginnen.
Feature.Chat.Text.NoFriends,
Feature.Chat.Title.FriendsChat,Vriendenchat
Feature.Chat.Title.MuteChatNotifications,Chatmeldingen van vrienden dempen tijdens het spelen
Feature.Chat.Title.NewChat,Nieuwe chat
Feature.Chat.Toast.Error.InvalidUserSelected,Een of meerdere mensen in deze lijst kunnen niet worden toegevoegd
Feature.ContactUpsell.Action.Continue,
Feature.ContactUpsell.Heading.LetFriendsFindYou,Laat je vrienden je vinden
Feature.Contacts.Action.Invite,Uitnodigen
Feature.Contacts.Action.Search,Contacten zoeken
Feature.Contacts.Description.AddFromContactsDescription,"Voeg contactpersonen toe om contact te leggen op Roblox. Als beide gebruikers een leeftijdscontrole van 13+ hebben, worden jullie vertrouwde connecties."
Feature.Contacts.Description.AddFromContactsTrustedFriends,"Voeg contactpersonen toe om contact te leggen op Roblox. Als beide gebruikers een leeftijdscontrole van 13+ hebben, worden jullie vertrouwde vrienden."
Feature.Contacts.Description.ContactsList,Met wie wil je Roblox verkennen? Stuur diegene een uitnodigingslink om vrienden te worden op Roblox!
Feature.Contacts.Description.ContactsListDescription,Voeg Connecties toe of stuur contactpersonen een connectieverzoek om meer plezier te ontgrendelen.
Feature.Contacts.Description.ContactsMixedList,Met wie wil je Roblox verkennen? Voeg vrienden toe op Roblox of stuur contacten een link met een vriendschapsverzoek.
Feature.Contacts.Description.ContactsProfileView,Je contactpersoon {contactName} zit op Roblox. Je kunt het volledige profiel van diegene zien zodra jullie vrienden zijn geworden.
Feature.Contacts.FindFriendsBanner.Button,
Feature.Contacts.FindFriendsBanner.Description,Bekijk welke van je vrienden op Roblox zitten door je telefoonnummer toe te voegen.
Feature.Contacts.FindFriendsBanner.DescriptionPV,"Contactpersonen die op Roblox zitten, verschijnen hier wanneer ze beschikbaar zijn."
Feature.Contacts.FindFriendsBanner.DescriptionV2,Help ons je in contact te brengen met je vrienden door een telefoonnummer toe te voegen.
Feature.Contacts.Heading.HelpFriendsFindYou,Help je vrienden om je te vinden
Feature.Contacts.Heading.LetFriendsFindYou,Zorg dat vrienden je kunnen vinden
Feature.Contacts.Heading.SettingSaved,Instelling opgeslagen.
Feature.Contacts.Label.DiscoverabilityOptIn,Beveel me aan bij Roblox-gebruikers op basis van mijn telefoonnummer.
Feature.Contacts.Label.Invite,Uitnodigen voor Roblox
Feature.Contacts.Label.OnRoblox,Op Roblox
Feature.Contacts.Message.AddFriends,
Feature.Contacts.Message.ContactDiscoverable,"Om je te helpen vrienden te maken, kunnen Roblox-gebruikers met je telefoonnummer in hun contacten je toevoegen en je naam zien zoals deze is opgeslagen op hun telefoon."
Feature.Contacts.Message.ContactsSyncWarning,Je contactpersonen worden regelmatig gesynchroniseerd en matches met andere Roblox-gebruikers worden opgeslagen om je te helpen vrienden te vinden. Je kunt dit op elk moment beheren in de apparaatinstellingen.
Feature.Contacts.Message.InviteToRoblox,"Voeg me als vriend toe op Roblox, zodat we samen ervaringen kunnen creëren, delen en verkennen."
Feature.Contacts.Message.NoResults,Geen resultaten.
Feature.DeveloperProducts.Label.Product,
Feature.DisplayName.ErrorMessage.AgedUpNameContainPII,Naam kan persoonlijke gegevens bevatten
Feature.DisplayName.ErrorMessage.AgedUpNameHasChanged,Je naam is in de afgelopen zeven dagen al gewijzigd
Feature.DisplayName.ErrorMessage.AgedUpNameInappropriate,Naam niet geschikt voor Roblox
Feature.DisplayName.ErrorMessage.AgedUpNameNotAvailable,Naam is niet beschikbaar
Feature.DisplayName.ErrorMessage.AgedUpNameTooLong,Naam mag maximaal 20 tekens bevatten
Feature.DisplayName.ErrorMessage.AgedUpNameTooShort,Naam moet ten minste 3 tekens bevatten
Feature.DisplayName.ErrorMessage.AgedUpNameUnsupportedChars,Naam bevat niet-ondersteunde tekens
Feature.DisplayName.ErrorMessage.NameContainPII,Schermnaam kan persoonlijke gegevens bevatten
Feature.DisplayName.ErrorMessage.NameHasChanged,Je schermnaam is in de afgelopen zeven dagen al gewijzigd
Feature.DisplayName.ErrorMessage.NameInappropriate,Schermnaam is niet geschikt voor Roblox
Feature.DisplayName.ErrorMessage.NameMoreThanOneCharacterKind,Namen mogen niet meer dan één soort teken bevatten
Feature.DisplayName.ErrorMessage.NameNotAvailable,Schermnaam is niet beschikbaar
Feature.DisplayName.ErrorMessage.NameTooLong,Schermnaam mag maximaal 20 tekens bevatten
Feature.DisplayName.ErrorMessage.NameTooShort,Schermnaam moet ten minste 3 tekens bevatten
Feature.DisplayName.ErrorMessage.NameUnsupportedChars,Schermnaam bevat niet-ondersteunde tekens
Feature.DisplayName.ErrorMessage.SomethingWentWrong,
Feature.Durables.BottomBar.RentalDuration,Voor {num} dag
Feature.Durables.BottomBar.RentalDurationPlural,Voor {num} dagen
Feature.Durables.FTUX.Tooltip,Kies hoeveel dagen je het item wilt bezitten. De timer start na aankoop.
Feature.Durables.InfoModal.Description,Je kunt kiezen hoe lang je een item wilt houden. Het klokpictogram geeft tijdgebonden opties weer die meer flexibiliteit bieden tegen lagere prijzen
Feature.Durables.InfoModal.Title,Maak kennis met getimede opties
Feature.Durables.ItemDetails.WearTimeOptions.Button.Infinite,Permanent
Feature.Durables.ItemDetails.WearTimeOptions.Button.XDay,{num} dag
Feature.Durables.ItemDetails.WearTimeOptions.Button.XDays,{num} dagen
Feature.Durables.ItemDetails.WearTimeOptions.Title,
Feature.Durables.Label.ItemExpires,Item verloopt
Feature.Durables.PartiallyExpiredItems.BodyText,Sommige items in deze opgeslagen avatar zijn verlopen en zijn verwijderd.
Feature.Durables.PartiallyExpiredItems.TitleText,Items verlopen
Feature.Durables.UnifiedBuyModal.Subtitle.TimedOptionText,{days} dagen (start na aankoop)
Feature.DynamicUI.Translation.Reporting.IllegalContentEUBody,
Feature.EmptyStatePage.Message.NoInternet,Geen internetverbinding
Feature.EnhancedVideo.Label.Ad,Ad
Feature.ExperienceDetails.Action.ExitFullScreen,Volledig scherm afsluiten
Feature.ExperienceDetails.Action.FullScreen,
Feature.ExperienceDetails.Action.Mute,
Feature.ExperienceDetails.Action.Unmute,Dempen ongedaan maken
Feature.ExperienceDetails.AskYourParentModal.Action.AskNow,
Feature.ExperienceDetails.AskYourParentModal.Action.Cancel,
Feature.ExperienceDetails.AskYourParentModal.Label.Body,
Feature.ExperienceDetails.AskYourParentModal.Label.Title,
Feature.ExperienceDetails.AskYourParentToAllowGameModal.Label.Body,Je hebt ouderlijke toestemming nodig om deel te nemen aan dit spel.
Feature.ExperienceDetails.Label.NotPlayable,Niet afspeelbaar
Feature.ExperienceDetails.PlayButtonMessage.AgreeToNotice,Ik ga akkoord met de opmerkingen door deze ervaring te spelen
Feature.ExperienceDetails.PlayButtonText.ActionNeeded,
Feature.ExperienceDetails.PlayButtonText.Buy,
Feature.ExperienceDetails.PlayButtonText.Play,
Feature.ExperienceDetails.PlayButtonText.PlayDemo,Demo spelen
Feature.ExperienceDetails.PlayButtonText.Playtest,
Feature.ExperienceDetails.PlayButtonText.Unavailable,
Feature.ExperienceDetails.PlayButtonText.Unlock,Ontgrendelen
Feature.ExperienceDetails.RestrictedUnplayableModal.Action.Ok,
Feature.ExperienceDetails.RestrictedUnplayableModal.Label.Body,Alleen volwassenen van 18 jaar of ouder hebben toegang tot Beperkte ervaringen.
Feature.ExperienceDetails.RestrictedUnplayableModal.Label.Title,Beperkte content
Feature.ExperienceDetails.UnplayableError.AccountRestricted,Deze ervaring is niet toegankelijk vanwege je instellingen voor contentclassificatie
Feature.ExperienceDetails.UnplayableError.ComplianceBlocked,Deze ervaring is momenteel niet beschikbaar
Feature.ExperienceDetails.UnplayableError.ContextualPlayabilityAgeGated,Deze ervaring is niet toegankelijk vanwege leeftijdsbeperkingen
Feature.ExperienceDetails.UnplayableError.ContextualPlayabilityAgeGatedByDescriptor,
Feature.ExperienceDetails.UnplayableError.ContextualPlayabilityAgeRecommendationParentalControls,"Om deel te nemen aan deze ervaring, moet je je instelling voor contentclassificatie bijwerken."
Feature.ExperienceDetails.UnplayableError.ContextualPlayabilityExperienceBlockedParentalControls,Je ouder heeft deze ervaring geblokkeerd. Vraag je ouder om toestemming via Instellingen om deel te nemen aan deze ervaring.
Feature.ExperienceDetails.UnplayableError.ContextualPlayabilityRegionalAvailability,Deze ervaring is momenteel niet beschikbaar in jouw regio
Feature.ExperienceDetails.UnplayableError.ContextualPlayabilityRegionalCompliance,
Feature.ExperienceDetails.UnplayableError.ContextualPlayabilityUnrated,Deze ervaring is niet toegankelijk omdat deze niet is beoordeeld
Feature.ExperienceDetails.UnplayableError.DeviceRestrictedCustom,Deze ervaring is niet beschikbaar op {device}
Feature.ExperienceDetails.UnplayableError.DeviceRestrictedDefault,Deze ervaring is niet beschikbaar op je apparaat
Feature.ExperienceDetails.UnplayableError.FiatPurchaseDeviceRestricted,Deze ervaring kan niet worden gekocht op dit apparaat
Feature.ExperienceDetails.UnplayableError.GameUnapproved,
Feature.ExperienceDetails.UnplayableError.IncorrectConfiguration,
Feature.ExperienceDetails.UnplayableError.InsufficientPermissionFriendsOnly,Je hebt momenteel geen toegang tot deze ervaring
Feature.ExperienceDetails.UnplayableError.InsufficientPermissionGroupOnly,
Feature.ExperienceDetails.UnplayableError.PlaceHasNoPublishedVersion,
Feature.ExperienceDetails.UnplayableError.TemporarilyUnavailable,
Feature.ExperienceDetails.UnplayableError.UnderReview,Deze ervaring wordt momenteel beoordeeld.
Feature.ExperienceDetails.UnplayableError.UniverseRootPlaceIsPrivate,Deze ervaring is ingesteld als privé.
Feature.ExperienceDetails.UnplayableError.UnplayableOther,
Feature.ExperienceDetails.UpdateMaturitySettingModal.Action.Cancel,
Feature.ExperienceDetails.UpdateMaturitySettingModal.Action.GoToSettings,
Feature.ExperienceDetails.UpdateMaturitySettingModal.Console.Action.Ok,
Feature.ExperienceDetails.UpdateMaturitySettingModal.Console.Label.Body,"Om deel te nemen aan deze ervaring, moet je je instelling voor contentclassificatie bijwerken op het web of een bijbehorend apparaat."
Feature.ExperienceDetails.UpdateMaturitySettingModal.Console.Label.Title,Content niet toegankelijk
Feature.ExperienceDetails.UpdateMaturitySettingModal.Label.Body,"Om toegang te krijgen tot deze ervaring, moet je eerst je instelling voor contentclassificatie bijwerken."
Feature.ExperienceDetails.UpdateMaturitySettingModal.Label.Title,
Feature.FAE.Action.Continue,
Feature.FAE.Action.Unlock,
Feature.FAE.Action.UnlockChat,
Feature.FAE.CheckIfYouCanJoinGame,Laten we controleren of je aan dit spel kunt deelnemen.
Feature.FAE.Label.ChatWithFriends,
Feature.FAE.Label.DayLeft,
Feature.FAE.Label.DaysLeft,{daysLeft} dagen over
Feature.FAE.Label.GetASecureAgeCheckToUnlockChatAndAddTrustedFriends,Vraag een beveiligde leeftijdscontrole aan om de chat te ontgrendelen en vertrouwde vrienden toe te voegen.
Feature.FAE.Label.LetsCheckYourAge,
Feature.FAE.Label.LetsCheckYourAgeSoYouCanUseChat,"Laten we je leeftijd controleren, zodat je de chat kunt gebruiken"
Feature.FAE.Label.ModalBodyInApp,"Door een selfie te maken, kunnen we je leeftijd bepalen en we zullen deze alleen voor deze leeftijdscontrole gebruiken. Dit is een belangrijke stap in onze inspanningen om Roblox voor iedereen een veiligere plek te maken."
Feature.FAE.Label.ModalBodyInAppV3,Maak een selfie. We zullen deze gebruiken om je leeftijd te schatten – niets anders. Dit helpt om de chat voor iedereen een veiligere plek te maken.
Feature.FAE.Label.ModalBodyTFUnlock,Voltooi eerst een leeftijdscontrole om vertrouwde vrienden toe te voegen.
Feature.FAE.Label.ThisAllowsYouToChatSafelyItOnlyTakesAMoment,Hierdoor kun je veilig chatten. Het duurt maar even.
Feature.FAE.Label.ThisHelpsYouToChatSafelyItOnlyTakesAMoment,
Feature.FAE.Label.ToKeepChattingLetsCheckYourAge,Laten we je leeftijd controleren om door te gaan met chatten
Feature.FAE.Label.YouNeedAnAgeCheckToUseChatThisMakesChatSafer,Je hebt een leeftijdscontrole nodig om de chat te gebruiken. Dit maakt de chat voor iedereen veiliger.
Feature.FAE.Label.YoullSoonNeedAnAgeCheckToChat,Binnenkort heb je een leeftijdscontrole nodig om te chatten
Feature.FAE.Label.YourSafetyMattersLetsCheckYourAge,Jouw veiligheid is belangrijk; laten we je leeftijd controleren
Feature.FaceChat.Heading.FacialAnimation,
Feature.FaceChat.Heading.LowPerformanceDetected,Lage prestaties gedetecteerd
Feature.FaceChat.Heading.NotAvailable,Facial Animation niet beschikbaar
Feature.FaceChat.Heading.PromptNoDynamicHeadEquipped,
Feature.FaceChat.Heading.UnableToAccessCamera,Geen toegang tot camera
Feature.FaceChat.Heading.VideoPerformancePromptDisable,Apparaatprestaties laag
Feature.FaceChat.Heading.VideoUnsupported,Camera van apparaat niet ondersteund
Feature.FaceChat.Message.PlaceUnavailable,Deze plek is tijdelijk niet beschikbaar. Probeer het later.
Feature.FaceChat.Subtitle.FeatureDisabled,Facial Animation is tijdelijk niet beschikbaar. Probeer het later opnieuw.
Feature.FaceChat.Subtitle.NotAvailable,Sluit het spel en neem opnieuw deel.
Feature.FaceChat.Subtitle.PromptNoDynamicHeadEquipped,Je avatar heeft een hoofd waarvoor Facial Animation niet wordt ondersteund. Geschikte hoofden zijn beschikbaar in je inventaris en in de Avatar Shop.
Feature.FaceChat.Subtitle.UnableToAccessCamera,"Ga naar de instellingen van je besturingssysteem en geef Roblox toestemming om je camera te gebruiken, zodat je avatar met je camera geanimeerd kan worden"
Feature.FaceChat.Subtitle.UnsupportedDevice,Je hardware voldoet niet aan de vereisten om je avatar te animeren met je camera.
Feature.FaceChat.Subtitle.VideoPerformancePromptDisable,Je camera uitschakelen kan je ervaring verbeteren.
Feature.FaceChat.Subtitle.VideoUnsupported,Roblox kan je avatar niet animeren met je camera.
Feature.Favorites.Label.Favorite,Markeren als favoriet
Feature.FlyoutSidePanel.Action.ContinuePlaying,Doorgaan met spelen
Feature.FlyoutSidePanel.Label.TooltipBody,"Je profiel, content en instellingen zijn verplaatst."
Feature.FlyoutSidePanel.Label.TooltipTitle,<b>{itemName}</b> is verplaatst
Feature.Friends.Action.AcceptFriend,Vriend accepteren
Feature.Friends.Action.AccountDeleted,Account verwijderd
Feature.Friends.Action.Add,
Feature.Friends.Action.Block,
Feature.Friends.Action.Close,
Feature.Friends.Action.ConnectionAdded,Connectie toegevoegd
Feature.Friends.Action.ConnectionRequestSent,Connectieverzoek verzonden
Feature.Friends.Action.EditProfile,Profiel bewerken
Feature.Friends.Action.FindFriends,
Feature.Friends.Action.FriendAdded,
Feature.Friends.Action.FriendRemoved,Vriend verwijderd
Feature.Friends.Action.FriendRequestSent,Vriendschapsverzoek verzonden
Feature.Friends.Action.GetStarted,Aan de slag
Feature.Friends.Action.GoToAddFriends,Ga naar Vrienden toevoegen
Feature.Friends.Action.InviteFriends,Nodig contactpersonen uit om vrienden te zijn op Roblox.
Feature.Friends.Action.PendingRequest,Verzoek in behandeling
Feature.Friends.Action.ShareQR,QR delen
Feature.Friends.Action.ShowMore,
Feature.Friends.Action.Unblock,Deblokkeren
Feature.Friends.Action.Unfriend,
Feature.Friends.Action.ViewMore,Meer bekijken
Feature.Friends.Action.ViewPlatformProfile,Gamerkaart bekijken
Feature.Friends.Button.AddViaLink,Toevoegen via link
Feature.Friends.Button.GotIt,
Feature.Friends.Description.ContactsModal,Je contactpersonen zitten op Roblox! Word vrienden om hun volledige avatars en profielen te zien. Ga naar de pagina Vrienden toevoegen om meer personen te zien die je misschien kent.
Feature.Friends.Description.DoMoreWithTrustedConnections,Doe meer op Roblox met vertrouwde connecties. Voeg alleen mensen toe die je kent en vertrouwt.
Feature.Friends.Description.DoMoreWithTrustedFriends,Doe meer op Roblox met vertrouwde vrienden. Voeg alleen mensen toe die je kent en vertrouwt.
Feature.Friends.Description.FromContacts,Van contactpersonen
Feature.Friends.Description.FromContactsV2,{contactName} van contactpersonen
Feature.Friends.Description.FromQrCode,Van QR-code
Feature.Friends.Description.NoMutualFriends,Geen gemeenschappelijke vrienden
Feature.Friends.Description.NotAFriend,Geen vriend
Feature.Friends.Description.TrustedConnectionExpiredLink,Vraag je connectie om de link opnieuw te verzenden. Klik binnen 30 dagen op de link.
Feature.Friends.Description.TrustedConnectionsUnavailable,De functie voor vertrouwde connecties is nog niet beschikbaar in jouw regio.
Feature.Friends.Description.TrustedFriendsExpiredLink,Vraag je vriend om de link opnieuw te verzenden. Klik binnen 30 dagen op de link.
Feature.Friends.Description.TrustedFriendsInvalidLink,Zorg ervoor dat je bent ingelogd met het juiste account en probeer het opnieuw.
Feature.Friends.Description.TrustedFriendsRequestModalBody,Voeg alleen mensen toe die je kent en vertrouwt. Beheer deze vriend op elk moment vanuit hun profiel.
Feature.Friends.Description.TrustedFriendsUnavailable,De functie voor vertrouwde vrienden is nog niet beschikbaar in jouw regio.
Feature.Friends.Description.YouCanDoMoreWithTrustedFriends,Je kunt meer doen op Roblox met vertrouwde vrienden. Beheer deze vriend op elk moment vanuit hun profiel.
Feature.Friends.Error.AlreadyFriendError,Deze gebruiker is al een vriend.
Feature.Friends.Error.DefaultFriendingError,Kan vriendschapsverzoek niet verzenden. Probeer het later opnieuw.
Feature.Friends.Error.InvalidNicknameError,Deze gebruiker heeft een ongeldige bijnaam.
Feature.Friends.Error.InvalidTargetUserError,Deze gebruiker is ongeldig of bestaat niet.
Feature.Friends.Error.MaxFriendsError,Je hebt de maximale vriendenlimiet bereikt.
Feature.Friends.Error.ParentalControlUnblockError,Je ouder heeft deze gebruiker geblokkeerd. Vraag je ouder om deze gebruiker te deblokkeren via Instellingen.
Feature.Friends.Error.TargetAlreadyBlockedError,Deze gebruiker is al geblokkeerd.
Feature.Friends.Error.UnauthorizedError,Je bent niet gemachtigd om deze bewerking uit te voeren.
Feature.Friends.Error.UnblockTargetBlockedOnPlatform,Deze gebruiker is op een ander platform geblokkeerd.
Feature.Friends.Error.UnblockTargetNotBlockedError,Deze gebruiker is niet geblokkeerd. Je bent helemaal klaar!
Feature.Friends.Error.UserBannedError,Je bent verbannen van het uitvoeren van deze bewerking.
Feature.Friends.Error.UserBlockedError,Je bent geblokkeerd voor het uitvoeren van deze bewerking.
Feature.Friends.Error.UserNotPassedCaptcha,Je hebt de captcha-test niet doorstaan.
Feature.Friends.Feature.Friends.Heading.AddFriends,
Feature.Friends.Heading.FilterBy,Filteren op
Feature.Friends.Label.AddConnectionVPC,"Om deze vertrouwde connectie toe te voegen, heb je ouderlijke toestemming nodig."
Feature.Friends.Label.AddConnectionsHint,Connecties maken Roblox leuk!
Feature.Friends.Label.AddConnectionsHintBody,Voeg mensen toe die je al kent of ontdek nieuwe connecties
Feature.Friends.Label.AddFriendVPC,"Om deze vertrouwde vriend toe te voegen, heb je ouderlijke toestemming nodig."
Feature.Friends.Label.All,
Feature.Friends.Label.AllowContactsAccess,Geef toegang tot je contactpersonen om contact te leggen met vrienden op Roblox!
Feature.Friends.Label.Ask,Vragen
Feature.Friends.Label.AskYourParent,
Feature.Friends.Label.Cancel,
Feature.Friends.Label.ConnectWithFriends,Kom in contact met vrienden
Feature.Friends.Label.ConnectedNumDays,Al {num} dagen bevriend
Feature.Friends.Label.ConnectedNumMonths,Al {num} maanden bevriend
Feature.Friends.Label.ConnectedNumYears,Al {num} jaar bevriend
Feature.Friends.Label.ConnectedOneDay,Al 1 dag bevriend
Feature.Friends.Label.ConnectedOneMonth,Al 1 maand bevriend
Feature.Friends.Label.ConnectedOneYear,Al 1 jaar bevriend
Feature.Friends.Label.ConnectionRecentlyPlayed,<b>1 connectie</b> heeft recent gespeeld
Feature.Friends.Label.ConnectionRemoved,Connectie verwijderd
Feature.Friends.Label.ConnectionRequest,Vriendschapsverzoek
Feature.Friends.Label.ConnectionsCount,Connecties ({connectionCount})
Feature.Friends.Label.ConnectionsPlayed,{numberOfConnections} speelden
Feature.Friends.Label.ConnectionsRecentlyPlayed, <b>{numberOfConnections} connecties</b> hebben recent gespeeld
Feature.Friends.Label.ContactsCaption,"Om jou en je vrienden te helpen elkaar te vinden op Roblox, synchroniseert Roblox regelmatig je contactpersonen en slaat het de gebruikers met wie je matcht op. Je kunt dit op elk moment wijzigen via je accountinstellingen."
Feature.Friends.Label.FewestInteractions,Minst interacties
Feature.Friends.Label.FindFriendsHintBody,Maak contact met vrienden die je al kent of ontdek nieuwe vrienden.
Feature.Friends.Label.Followed,Gevolgd
Feature.Friends.Label.Follower,Volger
Feature.Friends.Label.Followers,Volgers
Feature.Friends.Label.Following,Volgend
Feature.Friends.Label.FollowsYou,Volgt jou
Feature.Friends.Label.Frequent,Samen gespeeld
Feature.Friends.Label.Friend,
Feature.Friends.Label.FriendInvite,Heeft je uitgenodigd om vrienden te zijn op Roblox
Feature.Friends.Label.FriendRecentlyPlayed,<b>1 vriend</b> speelde onlangs
Feature.Friends.Label.FriendRequest,
Feature.Friends.Label.Friends,
Feature.Friends.Label.FriendsAreNowConnections,Vrienden zijn nu connecties!
Feature.Friends.Label.FriendsHintBold,Laten we gaan!
Feature.Friends.Label.FriendsHintPlain,Voeg eerst een vriend toe.
Feature.Friends.Label.FriendsPlayed, {numberOfConnections} speelden
Feature.Friends.Label.FriendsRecentlyPlayed,<b>{numberOfConnections} vrienden</b> speelden onlangs
Feature.Friends.Label.InGame,
Feature.Friends.Label.IntroducingConnections,Maak kennis met Connecties
Feature.Friends.Label.JoinedInYear,Lid geworden in {year}
Feature.Friends.Label.ManageFriendsList,Je vriendenlijst beheren
Feature.Friends.Label.ManageFriendsListCaption,Bekijk de vrienden met wie je het minst hebt gecommuniceerd om je vriendenlijst up-to-date te houden.
Feature.Friends.Label.MultipleMutuals, {numConnections} gemeenschappelijke connecties
Feature.Friends.Label.MutualConnection,1 gemeenschappelijke connectie
Feature.Friends.Label.MutualConnectionTitle,
Feature.Friends.Label.MutualConnections,{numConnections} gemeenschappelijke connecties
Feature.Friends.Label.MutualConnectionsTitle,
Feature.Friends.Label.MutualFriendTitle,1 gemeenschappelijke vriend
Feature.Friends.Label.MutualFriends,Gemeenschappelijke vrienden
Feature.Friends.Label.MutualFriendsTitle,{numConnections} gemeenschappelijke vrienden
Feature.Friends.Label.NewConnection,Nieuwe connectie
Feature.Friends.Label.NewFriend,Nieuwe vriend
Feature.Friends.Label.NewFriendRequestsMax,{maxRequestsCount}+
Feature.Friends.Label.NoFriendsYet,{name} heeft nog geen vrienden.
Feature.Friends.Label.NowTrusted,{username} is nu een vertrouwde vriend
Feature.Friends.Label.OneMutual,
Feature.Friends.Label.PYMK,Personen die je misschien kent
Feature.Friends.Label.Pending,
Feature.Friends.Label.PlayedByUser,Gespeeld door <b>{name}</b>
Feature.Friends.Label.PlayedByUserAndOneOther,Gespeeld door <b>{name}</b> en <b>1 andere connectie</b>
Feature.Friends.Label.PlayedByUserAndOneOther.FriendsRename,Gespeeld door <b>{name}</b> en <b>1 andere vriend</b>
Feature.Friends.Label.PlayedByUserAndOthers,Gespeeld door <b>{name}</b> en <b>{numOfOthers} andere connecties</b>
Feature.Friends.Label.PlayedByUserAndOthers.FriendsRename,Gespeeld door <b>{name}</b> en <b>{numOfOthers} andere vrienden</b>
Feature.Friends.Label.RenameInfoText,"Roblox-vrienden zijn nu connecties. Voeg personen die je kent toe als connecties om eenvoudig te zien wie er online is, een groep te starten en samen te spelen. <br /><br />Gebruikers van 13 jaar en ouder en waarvan de leeftijd is geverifieerd, kunnen nu expressieve chatfuncties ontgrendelen met in aanmerking komende connecties, en binnenkort komen er nog meer functies!"
Feature.Friends.Label.Request,Verzoek
Feature.Friends.Label.SearchFriends,
Feature.Friends.Label.SentFromWithContext,Verzonden van {gameName}
Feature.Friends.Label.SingularMutualFriend,gemeenschappelijke vriend
Feature.Friends.Label.Suggested,Aanbevolen
Feature.Friends.Label.Unfollowed,Ontvolgd
Feature.Friends.Label.YourLinkedParent,Je gekoppelde ouder
Feature.Friends.LinkText.LearnMore,
Feature.Friends.Message.DiscoverableSettings,Wil je worden aanbevolen aan Roblox-gebruikers die jouw telefoonnummer hebben?
Feature.Friends.Message.EmptyState,"Wanneer je contactpersonen beschikbaar komen, kun je ze vinden in Vrienden toevoegen."
Feature.Friends.Message.FloodLimitExceededError,Je voert deze actie te vaak uit. Wacht even en probeer het opnieuw.
Feature.Friends.Message.FriendAdded,
Feature.Friends.Message.NameFromContacts,Bij het gebruik van Roblox kunnen gebruikers met je telefoonnummer je naam zien zoals deze is opgeslagen op hun apparaat.
Feature.Friends.Message.RevokedContacts,Ga naar Roblox in de app-instellingen van je apparaat en schakel contactpersonen in om deze functie te gebruiken.
Feature.Friends.Message.UploadContactsFailure,Er is een probleem opgetreden bij het laden van de inhoud. Probeer het later opnieuw via de pagina Vrienden toevoegen.
Feature.Friends.Message.ViewAndConnectHint,Bekijk connectieverzoeken en voeg mensen toe die je al kent
Feature.Friends.Message.ViewAndConnectTooltip,Bekijk vriendschapsverzoeken en maak contact met vrienden die je al kent.
Feature.Friends.Mutual,Gemeenschappelijke connectie
Feature.Friends.Mutuals,Gemeenschappelijke connecties
Feature.Friends.OneMutualConnection,is een gemeenschappelijke connectie
Feature.Friends.OneMutualFriend,is een gemeenschappelijke vriend
Feature.Friends.OneOtherMutualConnection,andere gemeenschappelijke connectie
Feature.Friends.OneOtherMutualFriend,andere gemeenschappelijke vriend
Feature.Friends.PluralMutualConnections,zijn gemeenschappelijke connecties
Feature.Friends.PluralMutualFriends,zijn gemeenschappelijke vrienden
Feature.Friends.PluralOtherMutualConnections,andere gemeenschappelijke connecties
Feature.Friends.PluralOtherMutualFriends,andere gemeenschappelijke vrienden
Feature.Friends.TCEducation.Modal.TextIntro,"Roblox is leuker met mensen die je kent. Gebruikers met een geverifieerde leeftijd die je toevoegt via QR-code of contactpersonen worden vertrouwde connecties, waardoor je extra voordelen ontgrendelt, zoals:"
Feature.Friends.TCEducation.Modal.TextIntro.EighteenPlus,Als gebruiker van 18 jaar of ouder met een geverifieerde leeftijd kun je meer doen met connecties van 18 jaar of ouder met een geverifieerde leeftijd en je vertrouwde connecties.
Feature.Friends.TCEducation.Modal.TextOutro,Binnenkort komen er nieuwe manieren om anderen als Vertrouwde connecties toe te voegen. Bepaal wie contact met je kan opnemen door je connecties te beheren.
Feature.Friends.TCEducation.Modal.TextOutro.EighteenPlus,"Wanneer je een andere gebruiker met een geverifieerde leeftijd toevoegt via QR-code of Contactpersonen, wordt deze een Vertrouwde connectie. Binnenkort komen er meer opties."
Feature.Friends.TCEducation.Title,Voeg bekenden toe
Feature.Friends.TCFeature.AndMore,en er volgt nog meer
Feature.Friends.TCFeature.ChatWithoutFilters,Chat zonder filters
Feature.Friends.TCFeature.PartyVoice,Groepsspraakgesprek
Feature.Friends.TFEducation.Modal.TextIntro,"Roblox is leuker met mensen die je kent. Gebruikers met een geverifieerde leeftijd die je toevoegt via QR-code of contactpersonen worden vertrouwde vrienden, waardoor je extra voordelen ontgrendelt, zoals:"
Feature.Friends.TFEducation.Modal.TextIntro.EighteenPlus,Als gebruiker van 18 jaar of ouder met een geverifieerde leeftijd kun je meer doen met vrienden van 18 jaar of ouder met een geverifieerde leeftijd en je vertrouwde vrienden.
Feature.Friends.TFEducation.Modal.TextOutro,Binnenkort komen er nieuwe manieren om anderen als vertrouwde vrienden toe te voegen. Bepaal wie contact met je kan opnemen door je vrienden te beheren.
Feature.Friends.TFEducation.Modal.TextOutro.EighteenPlus,"Wanneer je een andere gebruiker met een geverifieerde leeftijd toevoegt via QR-code of Contactpersonen, wordt deze een vertrouwde vriend. Binnenkort komen er meer opties."
Feature.Friends.Text.IsPlaying,speelt nu
Feature.Friends.Text.NoConnections,Je hebt nog geen connecties toegevoegd. Zoek en voeg connecties toe om te beginnen.
Feature.Friends.Text.NoFriends,
Feature.Friends.Title.TrustedFriendsExpiredLink,Link verlopen
Feature.Friends.Title.TrustedFriendsInvalidLink,Link is niet geldig
Feature.Friends.TrustedConnection.AcceptTrustedRequest,Vertrouwde connectie accepteren
Feature.Friends.TrustedConnection.Action.RemoveTrustedConnection,Vertrouwde connectie verwijderen
Feature.Friends.TrustedConnection.Label.AddTrustedConnection,Vertrouwde connectie toevoegen
Feature.Friends.TrustedConnection.Label.Trusted,
Feature.Friends.TrustedConnection.Toast.TrustedConnectionRemoved,Vertrouwde connectie verwijderd
Feature.Friends.TrustedFriend.AcceptTrustedRequest,Vertrouwde vriend accepteren
Feature.Friends.TrustedFriend.Action.RemoveTrustedFriend,Vertrouwde vriend verwijderen
Feature.Friends.TrustedFriend.AddBack.Header,Vriendschapsverzoek voor vertrouwde vrienden gestuurd
Feature.Friends.TrustedFriend.Info.Modal.Header,Nieuwe vertrouwde vriend
Feature.Friends.TrustedFriend.Label.AddTrustedFriend,Vertrouwde vriend toevoegen
Feature.Friends.TrustedFriend.Toast.IsATrustedFriendNow,{name} is nu een vertrouwde vriend
Feature.Friends.TrustedFriend.Toast.TrustedFriendRemoved,Vertrouwde vriend verwijderd
Feature.Friends.TrustedFriend.Toast.TrustedFriendRequestSent,
Feature.FriendsActivityFeed.Label.ViewRecentActivity,Recente activiteit bekijken
Feature.FriendsMenu.Label.SearchForConnections,Connecties zoeken
Feature.FriendsMenu.Label.SelectedConnectionsCount,{numerator}/{denominator} connecties geselecteerd
Feature.FriendsMenu.Label.SelectedConnectionsCountNoLimit,{selectedCount} connecties geselecteerd
Feature.FriendsMenu.Label.SelectedFriendsCount,{numerator}/{denominator} vrienden geselecteerd
Feature.FriendsMenu.Label.SelectedFriendsCountNoLimit,{selectedCount} vrienden geselecteerd
Feature.GameDetails.Action.GameDetails,Details van spel
Feature.GameDetails.Action.GiveFeedback,
Feature.GameDetails.Action.NotInterested,Niet geïnteresseerd
Feature.GameDetails.Action.PauseVideo,Video pauzeren
Feature.GameDetails.Action.PlayVideo,Video afspelen
Feature.GameDetails.Action.Report,
Feature.GameDetails.Action.ReportAd,
Feature.GameDetails.Action.Undo,Ongedaan maken
Feature.GameDetails.Action.Unlock,
Feature.GameDetails.Action.WhyThisAd,
Feature.GameDetails.Heading.PurchaseGame,Deze ervaring ontgrendelen
Feature.GameDetails.Label.By,
Feature.GameDetails.Label.DontLikeGame,Ik vind dit spel niet leuk
Feature.GameDetails.Label.DontLikeImage,Ik vind deze afbeelding niet leuk
Feature.GameDetails.Label.FriendsSeparator,", "
Feature.GameDetails.Label.InappropriateContent,Ongepaste content
Feature.GameDetails.Label.LearnMore,
Feature.GameDetails.Label.LowercaseNumberPlaying,{numActivePlayers} actief
Feature.GameDetails.Label.NineAndOver,Leeftijd 9+
Feature.GameDetails.Label.No,
Feature.GameDetails.Label.ProvideFeedbackTitle,
Feature.GameDetails.Label.SomethingElse,Iets anders
Feature.GameDetails.Label.Store,Winkel
Feature.GameDetails.Label.TellUsMorePlaceholder,Vertel ons meer
Feature.GameDetails.Label.TooRepetitive,Te repetitief
Feature.GameDetails.Label.Updated,Bijgewerkt
Feature.GameDetails.Label.VoiceChat,
Feature.GameDetails.Label.WhyThisAd,
Feature.GameDetails.Label.Yes,
Feature.GameDetails.Message.AdPreferences,Advertentievoorkeuren
Feature.GameDetails.Message.AnonymousFeedbackTermsOfUse,Reacties worden anoniem gedeeld en vallen onder feedback zoals gedefinieerd in de Gebruiksvoorwaarden van {underlineStart}Roblox{underlineEnd}.
Feature.GameDetails.Message.HelpImproveExperience,Help ons je ervaring te verbeteren
Feature.GameDetails.Message.HidingExperienceQuestion,Waarom verberg je deze ervaring?
Feature.GameDetails.Message.PurchaseGameV2,Toegang tot ontgrendelen {gameName} voor {X} Robux?
Feature.GameDetails.Message.SponsoredDisclosure.Error,De sponsorinformatie kon niet worden weergegeven vanwege een tijdelijke fout.
Feature.GameDetails.Message.SponsoredDisclosure.O18NonPersonalizedNoLink,"Je ziet deze gesponsorde content op basis van niet-gepersonaliseerde factoren zoals apparaatinformatie, locatie en leeftijd om je passende content te tonen. De maker van de ervaring is {CreatorName}. De sponsoring is betaald door {PayerName}. Ga voor meer informatie naar de pagina 'Privacy en contentclassificatie' onder Instellingen in je account, hier:"
Feature.GameDetails.Message.SponsoredDisclosure.O18PersonalizedNoLink,"Je ziet deze gesponsorde content op basis van verschillende factoren, zoals je locatie, apparaatinformatie, leeftijd en platformgedrag, om je relevante content te tonen. De maker van de ervaring is {CreatorName}. De sponsoring is betaald door {PayerName}. Ga voor meer informatie naar de pagina 'Privacy en contentclassificatie' onder Instellingen in je account, hier:"
Feature.GameDetails.Message.SponsoredDisclosure.U18,"Je ziet deze gesponsorde content op basis van niet-gepersonaliseerde factoren zoals apparaatinformatie, locatie en leeftijd om je passende content te tonen. De maker van de ervaring is {CreatorName}. De sponsoring is betaald door {PayerName}."
Feature.GameDetails.Message.SponsoredDisclosureNoUniverse.O18NonPersonalNoLink,"Je ziet deze gesponsorde content op basis van niet-gepersonaliseerde factoren zoals apparaatinformatie, locatie en leeftijd om je passende content te tonen. De sponsoring is betaald door {PayerName}. Ga voor meer informatie naar de pagina 'Privacy en contentvolwassenheid' onder Instellingen in je account, hier:"
Feature.GameDetails.Message.SponsoredDisclosureNoUniverse.O18PersonalizedNoLink,"Je ziet deze gesponsorde content op basis van verschillende factoren, zoals je locatie, apparaatinformatie, leeftijd en platformgedrag, om je relevante content te tonen. De sponsoring is betaald door {PayerName}. Ga voor meer informatie naar de pagina 'Privacy en contentclassificatie' onder Instellingen in je account, hier:"
Feature.GameDetails.Message.SponsoredDisclosureNoUniverse.U18,"Je ziet deze gesponsorde content op basis van niet-gepersonaliseerde factoren zoals apparaatinformatie, locatie en leeftijd om je passende content te tonen. De sponsoring is betaald door {PayerName}."
Feature.GameDetails.Message.SuggestLessOften,We zullen dit minder vaak voorstellen
Feature.GameDetails.RatingPercentOnly,Beoordeling van {percentRating}%
Feature.GameDetails.Toast.LinkCopied,
Feature.GameFollows.LabelNotifications,Melding sturen
Feature.GameFollows.TooltipFollowLimitReached,Limiet bereikt. Stop met het volgen van andere ervaringen om deze te volgen.
Feature.GameFollows.TooltipNotificationsLimitReached,Limiet bereikt. Schakel eerst meldingen voor andere ervaringen uit.
Feature.GameFollows.TooltipTurnedOffNotifications,Meldingen uitgeschakeld voor {experienceName}
Feature.GameFollows.TooltipTurnedOnNotifications,Meldingen ingeschakeld voor {experienceName}
Feature.GameJoin.Description.DifferentServer,Je begint op een andere server
Feature.GameJoin.Label.PlayTogether,Jullie kunnen samen spelen
Feature.GameJoin.Label.PlayTogetherSoon,Jullie kunnen binnenkort samen spelen
Feature.GamePage.Action.BackToTop,Terug naar boven
Feature.GamePage.Label.Ad,
Feature.GamePage.Label.Sponsored,
Feature.GamePage.QuickLaunch.LaunchError.ContextualPlayabilityUnverifiedSeventeenPlusUser,Deze ervaring is niet beschikbaar vanwege de status van je leeftijdsverificatie.
Feature.GamePage.QuickLaunch.LaunchError.GuestProhibited,Gasten kunnen niet deelnemen aan deze ervaring.
Feature.GamePage.QuickLaunch.LaunchError.PurchaseRequired,"Om deze ervaring te bezoeken, is een aankoop vereist."
Feature.GamePage.QuickLaunch.LaunchError.RequestFailed,Netwerkverzoek mislukt.
Feature.GamePage.QuickLaunch.LaunchError.TemporarilyUnavailable,Deze ervaring kan op dit moment niet worden bezocht.
Feature.GamepadDisconnect.Label.Message,De verbinding met de controller voor gebruiker '%s' is verbroken. Druk op '%s' op de controller waarmee je wilt doorgaan.
Feature.GamepadDisconnect.Label.MessageGeneric,De verbinding met de controller van gebruiker '%s' is verbroken. Maak opnieuw verbinding met je controller.
Feature.GamepadDisconnect.Label.Title,Ontbrekende controller
Feature.Groups.Action.Cancel,
Feature.Groups.Action.CancelRequest,Verzoek annuleren
Feature.Groups.Action.Close,
Feature.Groups.Action.Continue,
Feature.Groups.Action.CreateGroup,Community maken
Feature.Groups.Action.Follow,
Feature.Groups.Action.JoinGroup,Lid worden van community
Feature.Groups.Action.LeaveGroup,Community verlaten
Feature.Groups.Action.MakePrimary,Instellen als primair
Feature.Groups.Action.More,
Feature.Groups.Action.NotNow,
Feature.Groups.Action.RemovePrimary,Primair verwijderen
Feature.Groups.Action.SeeAll,
Feature.Groups.Action.Unfollow,Ontvolgen
Feature.Groups.Action.ViewGroup,Community bekijken
Feature.Groups.Description.JoinGroupPending,Je lidmaatschapsverzoek is in behandeling bij de community.
Feature.Groups.Description.NotEligibleToJoin,Je account kan geen lid worden van deze community.
Feature.Groups.Description.PremiumMaxGroups,Je bent al lid van het maximale aantal communities.
Feature.Groups.Description.RequiresAccountTenureTooltipOneDay,Je moet al 1 dag een account hebben voordat je lid kunt worden van deze community.
Feature.Groups.Description.RequiresAccountTenureTooltipOneMonth,Je moet al 3 dagen een account hebben voordat je lid kunt worden van deze community.
Feature.Groups.Description.RequiresAccountTenureTooltipOneWeek,
Feature.Groups.Description.RequiresAccountTenureTooltipThreeDays,
Feature.Groups.Description.RequiresAccountTenureTooltipThreeMonths,
Feature.Groups.Heading.Community,Community
Feature.Groups.Heading.Followers,
Feature.Groups.Heading.Groups,
Feature.Groups.Heading.Members,
Feature.Groups.Heading.MyGroups,Mijn community's
Feature.Groups.Heading.Primary,Primair
Feature.Groups.Heading.SocialLinksNew,Sociale links
Feature.Groups.Heading.SocialMedia,Sociale media
Feature.Groups.Heading.VerificationRequired,Accountverificatie vereist
Feature.Groups.Label.ByOwnerWithFormat,Door {ownerName}
Feature.Groups.Label.Follower,volger
Feature.Groups.Label.FollowerCapital,
Feature.Groups.Label.FollowerCapitalPlural,
Feature.Groups.Label.FollowerPlural,volgers
Feature.Groups.Label.GroupClosed,Community gesloten
Feature.Groups.Label.GroupLocked,Deze community is vergrendeld
Feature.Groups.Label.Member,Lid
Feature.Groups.Label.MemberCapitalPlural,
Feature.Groups.Label.MemberLowerCase,lid
Feature.Groups.Label.MemberLowerCasePlural,leden
Feature.Groups.Label.Owned,
Feature.Groups.Label.PreviousNames,Vorige namen
Feature.Groups.Label.SearchMyGroups,Mijn community's doorzoeken
Feature.Groups.Message.BannedFromGroup,Je bent verbannen uit deze community.
Feature.Groups.Message.GroupClosed,Je kunt geen lid worden van een gesloten community.
Feature.Groups.Message.LoadGroupListError,Kan communitylijst niet laden.
Feature.Groups.Message.NoGroupsFound,Geen community's gevonden.
Feature.Groups.Message.NotInAnyGroups,Je bent van geen enkele community lid.
Feature.Groups.Message.PinLocked,Je kunt deze actie niet uitvoeren met een vergrendelde PIN. Ontgrendel je PIN op de pagina Accountinstellingen.
Feature.Groups.Modal.ContentTextHigh,"Verifieer je account om lid te worden van deze community.

1. Ga naar Accountinformatie > Mijn leeftijd verifiëren
2. Voltooi het verificatieproces"
Feature.Groups.Modal.ContentTextLow,"Verifieer je account om lid te worden van deze community.

1. Ga naar Accountinformatie
2. Kies een verificatieoptie:
    - Telefoon toevoegen EN E-mail toevoegen
    - Mijn leeftijd verifiëren
3. Voltooi het verificatieproces"
Feature.Groups.Modal.ContentTextMedium,
Feature.Groups.Notification.FailedToFollow,Kan profiel niet volgen. Probeer het later opnieuw.
Feature.Groups.Notification.FailedToJoin,Lid worden van community mislukt. Probeer het later opnieuw.
Feature.Groups.Notification.FailedToLoad,Kan community niet laden. Probeer het later opnieuw.
Feature.Groups.Notification.Following,Volgt {groupName}.
Feature.Groups.Notification.GroupDoesNotExist,De community bestaat niet.
Feature.Groups.Notification.GroupModerated,Deze community is momenteel gemodereerd.
Feature.Groups.Notification.JoinRequestPending,Aanvraag ingediend om lid te worden van {groupName}.
Feature.Groups.Notification.Joined,Lid geworden van {groupName}.
Feature.Groups.Title.AlreadyFollowing,Je volgt al {groupName}
Feature.Groups.Title.AlreadyMember,Je bent al lid van {groupName}
Feature.Groups.Title.Follow,Volg {groupName}
Feature.Groups.Title.Join,Lid worden van {groupName}
Feature.Groups.Title.RequestedToJoin,Je hebt al een verzoek ingediend om lid te worden van {groupName}
Feature.Groups.Title.UnableToJoin,Lid worden van {groupName} is niet mogelijk
Feature.Home.ActionSeeAll,
Feature.Home.ClientCacheFallbackBanner.Action.Refresh,
Feature.Home.ClientCacheFallbackBanner.Label.Error,
Feature.Home.ClientCacheFallbackBanner.Label.ErrorRefreshingToastTitle,Probeer het opnieuw
Feature.Home.ClientCacheFallbackBanner.Label.RefreshPageToLoadContents,Vernieuw de pagina om inhoud te laden
Feature.Home.HeadingFriends,Vrienden ({friendCount})
Feature.Home.Label.HappeningNow,Nu gaande
Feature.Home.PeopleList.ChatWith,Chat met {username}
Feature.Home.Robux,
Feature.InExperienceIntervention.Action.LetUsKnow,Laat het ons weten
Feature.InExperienceIntervention.Action.Understand,
Feature.InExperienceIntervention.Description.BeRespectful,Houd je in de toekomst aan de regels en wees respectvol.
Feature.InExperienceIntervention.Description.CannotSend,Je kunt gedurende {number} minuten geen berichten in de tekstchat versturen.
Feature.InExperienceIntervention.Description.CannotSend1Day,Je kunt gedurende 1 dag geen berichten in de tekstchat versturen.
Feature.InExperienceIntervention.Description.CannotSend1Hour,Je kunt gedurende 1 uur geen berichten in de tekstchat versturen.
Feature.InExperienceIntervention.Description.CannotSend1Min,Je kunt gedurende 1 minuut geen berichten in de tekstchat versturen.
Feature.InExperienceIntervention.Description.CannotSendDays,Je kunt gedurende {number} dagen geen berichten in de tekstchat versturen.
Feature.InExperienceIntervention.Description.CannotSendHours,Je kunt gedurende {number} uur geen berichten in de tekstchat versturen.
Feature.InExperienceIntervention.Description.CantUsePartyChat,"Je kunt nu geen berichten versturen. Als je de regels opnieuw overtreedt, kun je de toegang tot je account verliezen."
Feature.InExperienceIntervention.Description.ChatDisabled,"Vanwege herhaalde overtredingen van de Communityrichtlijnen van Roblox, hebben we je mogelijkheid om berichten te versturen in de chat tijdelijk uitgeschakeld."
Feature.InExperienceIntervention.Description.ChatIncludes,Je tekstchat bevat:
Feature.InExperienceIntervention.Description.ChatSuspension.Day.Expired,"Je schorsing van {number} dagen voor de chat is afgelopen. Als je de regels opnieuw overtreedt, kun je worden verbannen."
Feature.InExperienceIntervention.Description.ChatSuspension.Days,"Je kunt de chat gedurende de komende {number} dagen niet gebruiken omdat een of meer van je berichten in strijd waren met de regels. Als je de regels opnieuw overtreedt, kun je worden verbannen."
Feature.InExperienceIntervention.Description.ChatSuspension.Hour.Expired,"Je schorsing van {number} uur voor de chat is afgelopen. Als je de regels opnieuw overtreedt, kun je worden verbannen."
Feature.InExperienceIntervention.Description.ChatSuspension.Hours,"Je kunt de chat gedurende de komende {number} uur niet gebruiken omdat een of meer van je berichten in strijd waren met de regels. Als je de regels opnieuw overtreedt, kun je worden verbannen."
Feature.InExperienceIntervention.Description.ChatSuspension.Minute.Expired,"Je schorsing van {number} minuten voor de chat is afgelopen. Als je de regels opnieuw overtreedt, kun je worden verbannen."
Feature.InExperienceIntervention.Description.ChatSuspension.Minutes,"Je kunt de chat gedurende de komende {number} minuten niet gebruiken omdat een of meer van je berichten in strijd waren met de regels. Als je de regels opnieuw overtreedt, kun je worden verbannen."
Feature.InExperienceIntervention.Description.Disclaimer,Hebben we een fout gemaakt? {startLink}Laat het ons weten{endLink}
Feature.InExperienceIntervention.Description.FeedbackHelps,Je feedback helpt om onze systemen te verbeteren.
Feature.InExperienceIntervention.Description.LoseAccess,"Als dit opnieuw gebeurt, kun je de toegang tot je account verliezen."
Feature.InExperienceIntervention.Description.MayLoseAccess,"Als je opnieuw de regels overtreedt, kun je de toegang tot je account verliezen."
Feature.InExperienceIntervention.Description.Mistake,Hebben we een fout gemaakt?
Feature.InExperienceIntervention.Description.PartyChatMayBeSuspended,Het delen van persoonlijke informatie is niet toegestaan op Roblox. Je chat kan worden opgeschort als je de regels opnieuw overtreedt.
Feature.InExperienceIntervention.Description.TextChatMayBeSuspended,Je gebruik van de tekstchat kan worden opgeschort als je de regels opnieuw overtreedt.
Feature.InExperienceIntervention.Heading.CannotChat,Je kunt gedurende {number} minuten geen chats versturen
Feature.InExperienceIntervention.Heading.ChatBreaksRules,Je tekstchat overtreedt de regels
Feature.InExperienceIntervention.Heading.ChatSuspended,Chatgebruik is voor {number} minuten opgeschorst
Feature.InExperienceIntervention.Heading.ChatSuspension.1Day,Chat is voor 1 dag opgeschorst
Feature.InExperienceIntervention.Heading.ChatSuspension.1Hour,Chat is voor 1 uur opgeschorst
Feature.InExperienceIntervention.Heading.ChatSuspension.1Minute,Chatgebruik is voor 1 minuut opgeschorst
Feature.InExperienceIntervention.Heading.ChatSuspension.Expired,Je kunt de chat weer gebruiken
Feature.InExperienceIntervention.Heading.ChatSuspension.MultiHour,Chat is voor {number} uur opgeschorst
Feature.InExperienceIntervention.Heading.ChatSuspension.MultiMinute,
Feature.InExperienceIntervention.Heading.ChatSuspension.Plural,Chat is voor {number} dagen opgeschorst
Feature.InExperienceIntervention.Heading.DontSharePersonalInformation,Deel geen persoonlijke informatie
Feature.InExperienceIntervention.Heading.PartyChatSuspended,Chat is opgeschorst gedurende {remainingTime}
Feature.InExperienceIntervention.Heading.TakeALook,We zullen ernaar kijken
Feature.InExperienceIntervention.Heading.TextChatSuspension,Schorsing van tekstchat
Feature.InExperienceIntervention.Label.Complete,Afgelopen
Feature.InExperienceIntervention.Label.EndsOn,Eindigt op:
Feature.InExperienceIntervention.Label.Player,{username}: {evidence}
Feature.InExperienceIntervention.Label.TimeLeft.Day.Plural,
Feature.InExperienceIntervention.Label.TimeLeft.Day.Singular,
Feature.InExperienceIntervention.Label.TimeLeft.Hours,Nog {time}
Feature.InExperienceShop.Description.RobuxPurchaseLegalDisclosure,"Door Robux te kopen, ga je akkoord met onze {termsLinkStart}Gebruiksvoorwaarden{termsLinkEnd}, inclusief de arbitrageclausule en het herroepingsbeleid."
Feature.InExperienceShop.Label.BonusItem,Bonusitem
Feature.InExperienceShop.Label.DescriptionWithTime,{description} {timeRemaining}
Feature.InExperienceShop.Label.EndTime,Eindigt over {timeRemaining}
Feature.InExperienceShop.Label.NoDescription,Geen beschrijving
Feature.InExperienceShop.Label.OfferEndTime,{offer} eindigt over {timeRemaining}
Feature.InExperienceShop.Label.PreviewBanner,Dit is een voorbeeld van je winkel in Roblox Studio. Spelers zien dit voorbeeld niet.
Feature.InExperienceShop.Label.Timer.Day.Plural,{number} dagen
Feature.InExperienceShop.Label.Timer.Day.Singular,1 dag
Feature.InExperienceShop.Label.Timer.Hour.Plural,
Feature.InExperienceShop.Label.Timer.Hour.Singular,1 uur
Feature.InExperienceShop.Label.Timer.Minute.Plural,{number} minuten
Feature.InExperienceShop.Label.Timer.Minute.Singular,1 minuut
Feature.InExperienceShop.Label.Timer.Second.Plural,{number} seconden
Feature.InExperienceShop.Label.Timer.Second.Singular,1 seconde
Feature.InExperienceShop.Message.RobuxPurchaseSuccess,Je hebt met {ROBUX_AMOUNT} Robux gekocht
Feature.Item.Label.DeleteFromInventoryConfirmUndercaseDelete,"Weet je zeker dat je dit item permanent uit je inventaris wilt verwijderen? Als je van gedachten verandert, moet je het opnieuw verdienen in een ervaring."
Feature.Item.Label.DeleteItemUndercase,Item verwijderen
Feature.Landing.Label.PoweredBy,Mogelijk gemaakt door
Feature.LegallySensitiveContent.Action.FriendDiscovery.NotNow,
Feature.LegallySensitiveContent.Action.FriendDiscovery.TurnOn,Inschakelen
Feature.LegallySensitiveContent.Description.PhoneNumberDiscoverabilityUpsellConsent.FRnm,Help mensen die jouw telefoonnummer al hebben om je als vriend toe te voegen op Roblox
Feature.LegallySensitiveContent.Heading.TurnOnFriendDiscovery,Vrienden vinden inschakelen
Feature.Moments.Action.AddMusic,Muziek toevoegen
Feature.Moments.Action.AddSticker,Sticker toevoegen
Feature.Moments.Action.AddText,Tekst toevoegen
Feature.Moments.Action.AddVoice,Stem toevoegen
Feature.Moments.Action.Back,
Feature.Moments.Action.Cancel,
Feature.Moments.Action.Continue,
Feature.Moments.Action.CreateVoiceover,Voice-over maken
Feature.Moments.Action.Delete,
Feature.Moments.Action.DiscardChange,Wijziging verwijderen
Feature.Moments.Action.Done,
Feature.Moments.Action.Expand,Uitvouwen
Feature.Moments.Action.GenerateText,Tekst genereren
Feature.Moments.Action.GenerateTextFeedbackNotHelpful,Niet nuttig
Feature.Moments.Action.GenerateTextFeedbackPolicy,Ongepast of in strijd met de regels
Feature.Moments.Action.Hide,Details verbergen
Feature.Moments.Action.HowToCapture,Zo maak je een opname
Feature.Moments.Action.Join,
Feature.Moments.Action.KeepEditing,Doorgaan met bewerken
Feature.Moments.Action.Leave,
Feature.Moments.Action.Minimize,Minimaliseren
Feature.Moments.Action.Ok,
Feature.Moments.Action.Play,
Feature.Moments.Action.Post,
Feature.Moments.Action.Report,
Feature.Moments.Action.Retry,
Feature.Moments.Action.Return,Terug naar galerij
Feature.Moments.Action.ReturnToEditing,Terug naar bewerken
Feature.Moments.Action.SaveVoiceover,
Feature.Moments.Action.ShowDetails,Details weergeven
Feature.Moments.Action.ShowMore,
Feature.Moments.Action.TrimVideo,Video inkorten
Feature.Moments.Action.TryAgain,Nog een keer proberen
Feature.Moments.Description.CommunityStandards,Lees de Communityrichtlijnen voor meer informatie over wat je wel en niet mag zeggen.
Feature.Moments.Description.EmptyCapturesLibrary,Hier komen je opnames te staan.
Feature.Moments.Description.GenerateTextFeedbackDisclosure,Door AI gegenereerd. Controleer voordat je plaatst — jij bent verantwoordelijk voor wat er wordt gepubliceerd.
Feature.Moments.Description.HowToCaptureStep1,"Doe mee aan een ervaring terwijl opnames zijn ingeschakeld, en selecteer het hamburgermenu"
Feature.Moments.Description.HowToCaptureStep2,Schakel de besturing voor opnames in
Feature.Moments.Description.HowToCaptureStep3,Leg foto's en video's van het spel vast
Feature.Moments.Description.LeaveMomentsCreation,"Al je wijzigingen gaan verloren, maar je kunt deze opname nog steeds vinden in je galerij met <b>Opnames</b>."
Feature.Moments.Description.NoMusicResults,Geen muziek gevonden
Feature.Moments.Description.NonInfiniteScrollEndBody,Je hebt een stoppunt bereikt in Momenten. Tik hieronder om verder te kijken.
Feature.Moments.Description.NothingHereYet,Hier is nog niets te zien...
Feature.Moments.Description.PublishMoment,Beschrijf je moment
Feature.Moments.Description.StayFriendly,Laten we het vriendelijk houden
Feature.Moments.Description.TooManyUploads,Je hebt vandaag al te veel video's geüpload. Probeer het morgen nog een keer.
Feature.Moments.Disclaimer.EveryoneMoments,Iedereen in Momenten kan zien wat er is gepubliceerd
Feature.Moments.Label.All,
Feature.Moments.Label.AttemptingJoinExperience,Je probeert deel te nemen aan {placeName}. Dit kan een paar seconden duren.
Feature.Moments.Label.CaptureLibrary,Jouw opnamebibliotheek
Feature.Moments.Label.DeleteMomentBody,Je kunt een moment dat is verwijderd niet meer terughalen.
Feature.Moments.Label.DeleteMomentTitle,Moment verwijderen?
Feature.Moments.Label.DeleteVoiceoverBody,Hierdoor worden je tekst en je voice-over gewist. Je kunt op elk moment opnieuw beginnen.
Feature.Moments.Label.DeleteVoiceoverTitle,Voice-over verwijderen?
Feature.Moments.Label.Error,
Feature.Moments.Label.ExceedsCharacterLimit,Tekenlimiet overschreden
Feature.Moments.Label.FeedEndBody,Kom later terug of maak je eigen moment.
Feature.Moments.Label.FeedEndTitle,Je bent weer helemaal bij
Feature.Moments.Label.FeedFailedToLoad,Feed kon niet worden geladen
Feature.Moments.Label.FeedMyMoments,Mijn momenten
Feature.Moments.Label.FeedTrending,
Feature.Moments.Label.HowToUseCaptureTitle,Zo gebruik je een opname
Feature.Moments.Label.LinkCopied,Link gekopieerd
Feature.Moments.Label.LinkCopyFailed,Link kon niet worden gekopieerd.
Feature.Moments.Label.ModeratedRodeoBody,"We hebben dit moment verwijderd omdat het in strijd is met onze Communityrichtlijnen. Als je de regels kent en naleeft, blijven je momenten zichtbaar."
Feature.Moments.Label.MomentDeletedBody,
Feature.Moments.Label.MomentDeletedTitle,
Feature.Moments.Label.MomentFailedToPostBody,Er is iets misgegaan.
Feature.Moments.Label.MomentFailedToPostTitle,Moment kon niet worden gepost
Feature.Moments.Label.MomentPublishedBody,Het publiceren van je moment is geslaagd.
Feature.Moments.Label.MomentPublishedTitle,Moment gepubliceerd
Feature.Moments.Label.MomentUnavailable,Moment niet beschikbaar
Feature.Moments.Label.MomentUnavailableDefault,Dit moment is niet beschikbaar.
Feature.Moments.Label.MomentsExperienceName,
Feature.Moments.Label.Music,
Feature.Moments.Label.NonInfiniteScrollEndTitle,Je bent voorlopig weer helemaal bij
Feature.Moments.Label.Photos,Foto's
Feature.Moments.Label.PostDeleted,Moment verwijderd
Feature.Moments.Label.PostRemovedBody,"Het moment dat je hebt gepost, is in strijd met onze Communityrichtlijnen."
Feature.Moments.Label.PublishingRodeoBody,Dit zou niet lang moeten duren.
Feature.Moments.Label.Reactions,Reacties
Feature.Moments.Label.ReportReason.BreaksRules,Deze post overtreedt de regels
Feature.Moments.Label.ReportReason.IntellectualProperty,Deze post maakt inbreuk op mijn intellectuele-eigendomsrechten
Feature.Moments.Label.ReportSubmittedBody,Bedankt voor je feedback.
Feature.Moments.Label.ReportSubmittedTitle,Melding ingezonden
Feature.Moments.Label.RobloxPartnerContent,Roblox-partnercontent
Feature.Moments.Label.RodeoPublishingTitle,Je moment wordt gepubliceerd
Feature.Moments.Label.Search,
Feature.Moments.Label.ShareLinkTitle,Momenten op Roblox
Feature.Moments.Label.StayFriendlyModeration,
Feature.Moments.Label.TextGenerateInProgressBody,Wacht op de door AI gegenereerde tekst voordat je de overlay handmatig bewerkt.
Feature.Moments.Label.TextGenerateInProgressTitle,Bezig met genereren…
Feature.Moments.Label.TextGenerateOverrideBody,Genereerde tekst vervangt je huidige tekstoverlay en beschrijving.
Feature.Moments.Label.TextGenerateOverrideTitle,Tekst wordt vervangen
Feature.Moments.Label.TextGeneratedBody,Door AI gegenereerde tekstoverlay en beschrijving toegevoegd
Feature.Moments.Label.TextGeneratedTitle,Tekst gegenereerd
Feature.Moments.Label.TextGenerationFailedBody,Kan geen tekst genereren. Probeer het nog een keer.
Feature.Moments.Label.TextGenerationFailedTitle,Genereren mislukt
Feature.Moments.Label.TextGenerationFilteredBody,"Kan de tekst voor deze opgenomen video niet genereren, de content is gefilterd."
Feature.Moments.Label.TextGenerationFilteredTitle,Gegenereerde tekst gefilterd
Feature.Moments.Label.Tone,Toon
Feature.Moments.Label.Tone.Cinematic,Cinematisch
Feature.Moments.Label.Tone.Funny,Grappig
Feature.Moments.Label.Tone.Hype,Energiek
Feature.Moments.Label.Tone.Neutral,Neutraal
Feature.Moments.Label.Videos,Video's
Feature.Moments.Label.VoiceCoachmarkBody,Een script invoeren voor videovertelling
Feature.Moments.Label.VoiceCoachmarkTitle,Een voice-over maken
Feature.Moments.Label.VoiceGenerating,Bezig met het maken van je voice-over…
Feature.Moments.Label.VoiceGenerationFailedBody,Genereren van voice-over mislukt.
Feature.Moments.Label.VoiceHelperDefault,Spraak ingekort tot videolengte
Feature.Moments.Label.VoiceLimitReachedBody,Wacht even en probeer het nog een keer
Feature.Moments.Label.VoiceModerationError,Je script moet voldoen aan de veiligheidsregels
Feature.Moments.Label.VoicePlaceholder,Voer het script van je voice-over in. De tekenlimiet is {maxCount} tekens
Feature.Moments.Label.VoiceTimeoutBody,De tijdslimiet voor het genereren van de voice-over is bereikt.
Feature.Moments.Title.GenerateTextFeedbackReason,Wat is er misgegaan?
Feature.Moments.Title.GenerateTextOptions,
Feature.Moments.Title.LeaveMomentCreation,Moment maken afsluiten?
Feature.Moments.Title.MomentRemoved,
Feature.Moments.Title.ReportPost,Post melden
Feature.Moments.Tooltip.Creation,Iedereen in de ervaring kan je momenten zien.
Feature.NativeAds.Label.Ad,Advertentie
Feature.NotApproved.Action.ReportMistake,Een fout melden
Feature.NotApproved.Label.AbuseType.Advertising,Adverteren
Feature.NotApproved.Label.AbuseType.Chargeback,Terugboeking
Feature.NotApproved.Label.AbuseType.CheatandExploits,Bedriegen en exploitatie
Feature.NotApproved.Label.AbuseType.ChildEndangerment,In gevaar brengen van kinderen
Feature.NotApproved.Label.AbuseType.ChildEndangerment.V2,Uitbuiting van kinderen
Feature.NotApproved.Label.AbuseType.ChildEndangerment.V3,Schadelijke content/gedrag
Feature.NotApproved.Label.AbuseType.Commerce,Handel
Feature.NotApproved.Label.AbuseType.ContestsandSweepstakes,Wedstrijden en sweepstakes
Feature.NotApproved.Label.AbuseType.DMCA,DMCA
Feature.NotApproved.Label.AbuseType.Dating,
Feature.NotApproved.Label.AbuseType.DirectingUsersOffPlatform.V2,Gebruikers van het platform wegleiden
Feature.NotApproved.Label.AbuseType.DiscriminatoryContent,Discriminerende content
Feature.NotApproved.Label.AbuseType.DisruptiveAudio,Storende audio
Feature.NotApproved.Label.AbuseType.EncouragingDangerousBehavior,Aanmoediging van gevaarlijk gedrag
Feature.NotApproved.Label.AbuseType.ExtortionandBlackmail,Afpersing en chantage
Feature.NotApproved.Label.AbuseType.Harassment,Intimidatie
Feature.NotApproved.Label.AbuseType.IllegalandRegulatedContent,Illegale en gereguleerde content
Feature.NotApproved.Label.AbuseType.Impersonation,Imitatie
Feature.NotApproved.Label.AbuseType.IpViolation,Schending van intellectuele eigendomsrechten
Feature.NotApproved.Label.AbuseType.IrlDangerousActivities,Gevaarlijke activiteiten in het echte leven
Feature.NotApproved.Label.AbuseType.MisusingRobloxSystems,Misbruik van Roblox-systemen
Feature.NotApproved.Label.AbuseType.OffPlatformSpeechandBehavior,Uitingen of gedrag buiten het platform
Feature.NotApproved.Label.AbuseType.Other,
Feature.NotApproved.Label.AbuseType.PoliticalContent,Politieke content
Feature.NotApproved.Label.AbuseType.PoliticalContent.V2,Politieke figuren en entiteiten
Feature.NotApproved.Label.AbuseType.PrivacyAskingforPII,Privacy: persoonlijk identificeerbare informatie (PII) vragen
Feature.NotApproved.Label.AbuseType.PrivacyGivingPII,Privacy: persoonlijk identificeerbare informatie (PII) geven
Feature.NotApproved.Label.AbuseType.Profanity,Grof taalgebruik
Feature.NotApproved.Label.AbuseType.RealLifeThreats,Echte bedreigingen
Feature.NotApproved.Label.AbuseType.RealLifeTragedy,Echte tragedie
Feature.NotApproved.Label.AbuseType.RealLifeTragedy.V2,Gevoelige gebeurtenissen in de echte wereld
Feature.NotApproved.Label.AbuseType.RobloxEconomy,Roblox-economie
Feature.NotApproved.Label.AbuseType.Scamming,Oplichting
Feature.NotApproved.Label.AbuseType.SexualContent,Seksuele content
Feature.NotApproved.Label.AbuseType.Spam,Spam
Feature.NotApproved.Label.AbuseType.SuicideSelfHarm,Zelfmoord/zelfbeschadiging
Feature.NotApproved.Label.AbuseType.Swearing,
Feature.NotApproved.Label.AbuseType.TerrorismExtremism,Terrorisme/extremisme
Feature.NotApproved.Label.AbuseType.ThreatsOrAbuseOfRobloxEmployeesOrAffiliates,Bedreigingen of misbruik van Roblox-medewerkers of -partners
Feature.NotApproved.Label.AbuseType.Trademark,Inbreuk op handelsmerk
Feature.NotApproved.Label.AbuseType.ViolentContentAndGore,Gewelddadige content en bloed/geweld
Feature.NotApproved.Label.AbuseType.VirtualCasino,Virtueel casino
Feature.NotApproved.Label.ModeratorNote,Opmerking van de moderator
Feature.NotApproved.Label.Reason,Reden
Feature.NotApproved.Label.Sublabel.FraudAbuseOfTheAffiliateSystem,Misbruik van het partnersysteem
Feature.NotApproved.Label.Sublabel.FraudAttemptedUnauthorizedPaymentMethodUse,Poging tot gebruik van ongeautoriseerde betaalmethode
Feature.NotApproved.Label.Sublabel.FraudPaymentAbuse,Misbruik van betaling
Feature.NotApproved.Label.Sublabel.FraudRepeatedRefundRequests,Herhaalde verzoeken om terugbetaling
Feature.NotApproved.Label.Sublabel.FraudSuspiciousAccountPatterns,Verdachte accountpatronen
Feature.NotApproved.Label.Sublabel.FraudSuspiciousRefundRequests,Verdachte verzoeken om terugbetaling
Feature.NotApproved.Label.Sublabel.FraudUnauthorizedPurchase,Ongeautoriseerde aankoop
Feature.NotApproved.Label.Sublabel.FraudUseOfUnauthorizedOffPlatformTransactions,Gebruik van ongeautoriseerde transacties buiten het platform voor Roblox-content
Feature.NotApproved.Label.Sublabel.FraudVirtualEconomyAbuse,Misbruik van de virtuele economie
Feature.Notifications.Action.PushUpsellAllow,
Feature.Notifications.Action.PushUpsellNotNow,
Feature.Notifications.Action.SnoozeFifteenMinutes,15 minuten
Feature.Notifications.Action.SnoozeFourHours,4 uur
Feature.Notifications.Action.SnoozeOneDay,
Feature.Notifications.Action.SnoozeOneHour,
Feature.Notifications.Action.UntilITurnItBackOn,Totdat ik het weer aanzet
Feature.Notifications.Heading.PushUpsellChat,Verbonden blijven
Feature.Notifications.Heading.PushUpsellGeneric,Mis het niet
Feature.Notifications.Heading.RemoveSnoozeFeedback,Meldingen over {title} zijn niet meer gedempt
Feature.Notifications.Heading.SnoozeFeedback,Meldingen over {title} gedempt voor {duration}
Feature.Notifications.Heading.TurnOnNotifications,Meldingen inschakelen
Feature.Notifications.Label.GetUpdatesFromExperience,Meldingen ontvangen van {experienceName} terwijl u niet aanwezig bent?
Feature.Notifications.Label.PushUpsellChat,"Sta pushmeldingen toe om updates te ontvangen over chats, groepsuitnodigingen, contentvoorstellen en meer."
Feature.Notifications.Label.PushUpsellGeneric,"Ontvang meldingen over activiteiten zoals chatberichten, uitnodigingen, vriendschapsverzoeken en meer."
Feature.Notifications.Label.ReceiveActivityUpdates,Updates ontvangen over activiteiten terwijl u niet aanwezig bent
Feature.Notifications.Label.SecondsAbbreviated,s
Feature.Notifications.Response.NotificationsEnabled,Meldingen ingeschakeld voor deze ervaring
Feature.Notifications.Response.NotificationsEnabledForExperience,
Feature.PaidAccessPurchases.Webview.Title.Checkout,
Feature.PaidAccessRefunds.Webview.Title.RequestRefund,Terugbetaling aanvragen
Feature.Parents.Action.SendEmail,E-mail verzenden
Feature.Parents.Description.EnterParentEmail.ChildInstructions,Vraag je ouders om je te helpen met deze stap. We sturen een e-mail naar je ouder om de leeftijd van je ouder te verifiëren en deze aan je account te koppelen.
Feature.Parents.Description.EnterParentEmail.NoPC,"Ouders, na het koppelen kunnen jullie bepaalde acties voor jullie kind goedkeuren."
Feature.Parents.Description.EnterParentEmail.PC,"Ouders, na het koppelen krijgen jullie toegang tot ouderlijk toezicht en inzichten in de schermtijd, uitgaven en meer van je kind."
Feature.Parents.Description.EnterParentEmailV4,Vraag je ouders om je te helpen met deze stap.{lineBreak}We sturen je ouder een e-mail om diens leeftijd te verifiëren en het account aan jouw account te koppelen.{lineBreak}Ouders: na het koppelen krijg je toegang tot ouderlijk toezicht en inzichten in onder meer de schermtijd en vrienden van je kind.
Feature.Parents.Description.EnterParentEmailWithoutParentalControl,Vraag je ouders om je te helpen met deze stap.{lineBreak}We sturen een e-mail naar je ouder om de leeftijd van je ouder te verifiëren en deze aan je account te koppelen.{lineBreak}Ouders: na het koppelen kun je bepaalde acties voor je kind goedkeuren.
Feature.Parents.Description.ParentalEmailFooter,Dit e-mailadres wordt aan je Roblox-account met ouderlijke privileges gekoppeld. Raadpleeg ons {linkStart}Privacybeleid{linkEnd} voor meer informatie over ons gebruik van gegevens.
Feature.Parents.Label.Email,e-mail
Feature.Parents.Label.ParentEmail,E-mailadres van ouder
Feature.Parents.Message.ConflictingPendingConsent,"Je hebt al toestemming aangevraagd. Als je een nieuw verzoek wilt indienen, moet je eerst je verzoek annuleren via Instellingen."
Feature.Parents.Message.EmailIneligible,Dit e-mailadres komt niet in aanmerking. Gebruik een ander e-mailadres om ouderlijke toestemming op Roblox aan te vragen.
Feature.Parents.Message.InvalidEmail,Ongeldig e-mailadres
Feature.Parents.Message.RequestCreatedEmailNotSent,Na het koppelen van een Roblox-account zal je ouder dit verzoek zien in ouderlijk toezicht.
Feature.Parents.Message.SomethingWentWrong,
Feature.Parents.Message.TooManyAttemptAskParent,"Te veel pogingen. Als je al toestemming hebt aangevraagd, vraag dan je ouder om zijn/haar e-mail te controleren."
Feature.Parents.Message.TooManyAttempts,
Feature.Parents.Title.EnterParentEmailV2,Voer het e-mailadres van je ouder in
Feature.Parents.Title.SomethingWentWrong,
Feature.PlayerSearchResults.Action.AddFriend,
Feature.PlayerSearchResults.Label.FromSearch,Van zoekopdrachten
Feature.PlayerSearchResults.Label.Previously,Eerder
Feature.PlayerSearchResults.Label.ThisIsYou,Dit ben jij
Feature.PlayerSearchResults.Label.YouAreFollowing,Je volgt
Feature.Profile.Action.AboutThisProfile,Over dit profiel
Feature.Profile.Action.Accept,
Feature.Profile.Action.AcceptFriends,
Feature.Profile.Action.Add,
Feature.Profile.Action.Chat,
Feature.Profile.Action.CopyProfileLink,Profiellink kopiëren
Feature.Profile.Action.EditAppearance,Uiterlijk bewerken
Feature.Profile.Action.EditAvatar,Avatar bewerken
Feature.Profile.Action.EditBackground,Achtergrond bewerken
Feature.Profile.Action.EditEmotes,Emotes bewerken
Feature.Profile.Action.EditLook,Look bewerken
Feature.Profile.Action.JoinGame,
Feature.Profile.Action.Pending,
Feature.Profile.Action.Save,
Feature.Profile.Action.ShareProfile,Profiel delen
Feature.Profile.Action.ShareProfileLink,Profiellink delen
Feature.Profile.Action.SwitchAvatar,
Feature.Profile.Action.ToQRCode,QR-code delen
Feature.Profile.Action.Trade,
Feature.Profile.Action.UserBlocked,Gebruiker geblokkeerd
Feature.Profile.Action.ViewFullProfile,Volledig profiel bekijken
Feature.Profile.Action.ViewProfile,
Feature.Profile.Description.AboutModalCaption,"Laat anderen meer over je weten. Blijf veilig, deel geen persoonlijke gegevens."
Feature.Profile.Description.InspectAndBuy,Klik om hun look te bekijken en te kopen.
Feature.Profile.Description.QrCodeDescription,"Laat anderen je QR-code scannen om je als connectie toe te voegen op Roblox. Gebruikers van 13 jaar en ouder van wie de leeftijd is geverifieerd en die verbinding maken via een live QR-scan, worden vertrouwde vrienden."
Feature.Profile.Description.QrCodeDescription.FriendsRename,"Laat anderen je QR-code scannen om je als connectie toe te voegen op Roblox. Gebruikers van 13 jaar en ouder van wie de leeftijd is geverifieerd en die verbinding maken via een live QR-scan, worden Vertrouwde vrienden."
Feature.Profile.Description.QrCodeScanning,Laat anderen je Roblox QR-code scannen met de QR-scanner of de camera van hun apparaat om je snel als vriend toe te voegen!
Feature.Profile.Description.RecognizeConnectionsByCustomName,Herken vrienden gemakkelijker door een aangepaste naam in te stellen. Namen die zijn geïmporteerd uit contactpersonen en aangepaste namen zijn alleen voor jou zichtbaar.
Feature.Profile.Description.RecognizeFriendsByCustomName,
Feature.Profile.Description.SaySomething,
Feature.Profile.Description.ScanQR,Laat bekenden je QR-code scannen om je toe te voegen!
Feature.Profile.Description.SetCustomName,"Stel een aangepaste naam in voor <font weight=""medium"">{displayName}</font>."
Feature.Profile.Description.SetCustomNameNoDisplayName,Stel een aangepaste naam in.
Feature.Profile.Description.SocialNetworksCaptionEveryone,Momenteel zichtbaar voor iedereen.
Feature.Profile.Description.SocialNetworksCaptionFollowers,"Momenteel zichtbaar voor vrienden, gebruikers die je volgt en je volgers."
Feature.Profile.Description.SocialNetworksCaptionFollowing,Momenteel zichtbaar voor vrienden en gebruikers die je volgt.
Feature.Profile.Description.SocialNetworksCaptionFriends,Momenteel zichtbaar voor vrienden.
Feature.Profile.Description.SocialNetworksCaptionNoOne,Momenteel voor niemand zichtbaar.
Feature.Profile.Description.UsernameInsufficientFunds,Je hebt nog {icon}{rbx} nodig om je gebruikersnaam te wijzigen. Wil je meer Robux kopen?
Feature.Profile.Description.UsernamePrice,1000
Feature.Profile.Header.BuyWholeLook,Hele look kopen
Feature.Profile.Header.InspectAndBuy,{username}'s avatar
Feature.Profile.Header.InspectAndBuy.BuySection,Totaal ({numberOfSelectedItems}/{totalNumberOfItems} items)
Feature.Profile.Header.InspectAndBuy.Tooltip,
Feature.Profile.Header.Inventory,
Feature.Profile.Header.Store,
Feature.Profile.Heading.AgedUpDisplayName,
Feature.Profile.Heading.AgedUpDisplayNameUpdated,Naam bijgewerkt.
Feature.Profile.Heading.DisplayName,Schermnaam
Feature.Profile.Heading.DisplayNameUpdated,Schermnaam bijgewerkt
Feature.Profile.Heading.EditAgedUpDisplayName,Naam bewerken
Feature.Profile.Heading.EditDisplayName,Schermnaam bewerken
Feature.Profile.Heading.InsufficientFunds,Onvoldoende saldo
Feature.Profile.Heading.ProfileFrame,Profielkader
Feature.Profile.Heading.ProfilePictureSaved,Profielfoto opgeslagen
Feature.Profile.Heading.ProfileQRCode,
Feature.Profile.Heading.Statistics,
Feature.Profile.Heading.Username,
Feature.Profile.Heading.UsernameUpdated,Gebruikersnaam bijgewerkt
Feature.Profile.Label.AboutDetailsHeading,Over {name}
Feature.Profile.Label.AboutPlaceholder,Zeg iets ...
Feature.Profile.Label.AddFriend,
Feature.Profile.Label.AgedUpDisplayNameCaption,"Dit is de primaire openbare naam die andere gebruikers voor jou op Roblox zullen zien. Kies een naam waaraan je vrienden je kunnen herkennen, zoals je echte naam."
Feature.Profile.Label.AgedUpDisplayNameConnectionsCaption,"Dit is de primaire openbare naam die andere gebruikers voor jou op Roblox zullen zien. Kies een naam waaraan personen je kunnen herkennen, zoals je echte naam."
Feature.Profile.Label.AgedUpDisplayNameFailed,"De naam kan niet worden opgeslagen. Probeer een andere naam.
"
Feature.Profile.Label.AgedUpDisplayNameFriendsCaption,
Feature.Profile.Label.AgedUpDisplayNameModalCaption,"Je naam kan slechts één keer per zeven dagen worden gewijzigd.
"
Feature.Profile.Label.AgedUpDisplayNameTooShort,Naam moet ten minste 3 tekens bevatten.
Feature.Profile.Label.Cancel,
Feature.Profile.Label.CustomName,Aangepaste naam
Feature.Profile.Label.CustomizeName,Naam aanpassen
Feature.Profile.Label.CustomizeNamePlaceholder,
Feature.Profile.Label.DisplayNameCaption,Dit is de primaire openbare naam die andere gebruikers voor jou op Roblox zullen zien.
Feature.Profile.Label.DisplayNameFailed,De schermnaam kan niet worden opgeslagen. Probeer het nog een keer.
Feature.Profile.Label.DisplayNameModalCaption,Je schermnaam kan slechts één keer per zeven dagen worden gewijzigd.
Feature.Profile.Label.DisplayNameTooShort,Schermnaam moet ten minste 3 tekens bevatten.
Feature.Profile.Label.EditBackground,
Feature.Profile.Label.NoBioYet,Nog geen biografie
Feature.Profile.Label.NoPreviousName,Geen vorige namen
Feature.Profile.Label.NoSocialLink,Nog geen sociale links
Feature.Profile.Label.PlayedTogetherInGameDescription,Samen gespeeld in {experience_name}
Feature.Profile.Label.PlayingExperience,<b>{experienceName}</b> aan het spelen
Feature.Profile.Label.QRCodeFriendRequest,Verzonden via je QR-code
Feature.Profile.Label.RecentAgedUpDisplayName,"Je naam is te recent gewijzigd. Je naam kan slechts één keer per zeven dagen worden gewijzigd.
"
Feature.Profile.Label.RecentDisplayName,Je schermnaam is te recent gewijzigd. Je schermnaam kan slechts één keer per zeven dagen worden gewijzigd.
Feature.Profile.Label.UnableToJoin,Deelnemen is niet mogelijk
Feature.Profile.Label.UserIsPlayingExperience,<b>{userName}</b> speelt nu <b>{experienceName}</b>
Feature.Profile.Label.UsernameDescription,Dit is je unieke naam op Roblox. Het wijzigen van je gebruikersnaam kost {icon}{price}.
Feature.Profile.Label.ViewDetails,
Feature.Profile.Message.BlockError,Kan gebruiker niet blokkeren. Mogelijk heb je te veel mensen geblokkeerd.
Feature.Profile.Message.FriendAdded,
Feature.Profile.Message.InvalidAliasError,De naam kan niet worden opgeslagen. Probeer een andere naam.
Feature.Profile.Message.NoExperienceAccess,{name} zit in een ervaring waartoe je geen toegang hebt.
Feature.Profile.Message.QRLoadFailed,Laden mislukt.
Feature.Profile.Message.QRNofificationRequest,heeft je een vriendschapsverzoek gestuurd via je QR-code
Feature.Profile.Message.QRNotificationRequest,
Feature.Profile.Message.QRNotificationRequest.FriendsRename,
Feature.Profile.Title.QrScanner,QR-scanner
Feature.Profile.Tooltip.CurrencyTransfer.Body,Je kunt nu Robux sturen.
Feature.Profile.Tooltip.CustomNameProfile,Herken vrienden gemakkelijker door een aangepaste naam in te stellen.
Feature.Profile.Tooltip.DisplayName,Werk je naam bij om je vrienden te helpen je te herkennen.
Feature.Profile.Tooltip.QrScanner,Scan de QR-code van je vriend om degene snel toe te voegen op Roblox.
Feature.ProfileBadges.VerifiedBadgeInfo,"Deze badge bevestigt dat de houder een opmerkelijke en authentieke maker, merk of openbaar figuur is."
Feature.ProfileBadges.VerifiedBadgeInfoLink,
Feature.ProfileBadges.VerifiedBadgeInfoTitle,Geverifieerde badge
Feature.ProfileBadges.action.close,
Feature.QualtricsSurveyPrompt.Action.Close,
Feature.QualtricsSurveyPrompt.Action.Continue,
Feature.QualtricsSurveyPrompt.Action.Done,
Feature.QualtricsSurveyPrompt.Action.Next,
Feature.QualtricsSurveyPrompt.Action.Retry,
Feature.QualtricsSurveyPrompt.Action.Send,
Feature.QualtricsSurveyPrompt.Description.Error,
Feature.QualtricsSurveyPrompt.Description.TakeAQuickSurvey,Vul een korte enquête in om Roblox te verbeteren.
Feature.QualtricsSurveyPrompt.Heading.GiveUsFeedback,Geef ons feedback
Feature.QualtricsSurveyPrompt.Response.SurveySubmitted,
Feature.ReportAbuse.Action.AttachScreenshot,Schermafbeelding bijvoegen
Feature.ReportAbuse.Action.BackToExperience,Terug naar ervaring
Feature.ReportAbuse.Action.BuildAReport,Tekstmodus
Feature.ReportAbuse.Action.Close,
Feature.ReportAbuse.Action.Continue,
Feature.ReportAbuse.Action.ContinueReport,Doorgaan met melden
Feature.ReportAbuse.Action.EnterChatLineReporting,
Feature.ReportAbuse.Action.EnterSceneReporting,Markeermodus openen
Feature.ReportAbuse.Action.ErrorModalGoBack,
Feature.ReportAbuse.Action.HighlightScene,Scène markeren
Feature.ReportAbuse.Action.Next,
Feature.ReportAbuse.Action.Retake,Opnieuw vastleggen
Feature.ReportAbuse.Action.RetakeScene,Scène opnieuw vastleggen
Feature.ReportAbuse.Action.ReturnToExperience,Terug naar de ervaring
Feature.ReportAbuse.Action.SelectInScene,Markeermodus
Feature.ReportAbuse.Action.Submit,
Feature.ReportAbuse.Action.TextMute,Chats blokkeren van {name}
Feature.ReportAbuse.DSAIllegal.ReportLink,Meld illegale content onder de EU-wet inzake digitale diensten.
Feature.ReportAbuse.DSAIllegal.ReportPageTitle,Illegale content melden
Feature.ReportAbuse.Description.IpInfringementReportModal,<b>Bewaar deze code.</b> Je hebt deze nodig om je <b>verwijderingsverzoek</b> te voltooien met behulp van de </b>tools voor<b> intellectuele eigendomsrechten in de <b>Creator Hub</b> of per e-mail <i>(zie details in de Gebruiksvoorwaarden)</i>. <b>Deze code is slechts 48 uur geldig.</b>
Feature.ReportAbuse.Heading.ReportAbuse,
Feature.ReportAbuse.Heading.ReportUsingSelectInScene,Melden met de markeermodus
Feature.ReportAbuse.Heading.SelectInSceneErrorTitle,Fout: maximaal 5 cirkels
Feature.ReportAbuse.Label.Avatar,Avatar
Feature.ReportAbuse.Label.CantSelectSubtitle,Selecteer 'Volgende' om de hele ervaring te melden.
Feature.ReportAbuse.Label.CantSelectTitle,Kun je iets niet markeren?
Feature.ReportAbuse.Label.CategoryBullyingV2,"Pesten, intimidatie, discriminatie"
Feature.ReportAbuse.Label.CategoryContent,"Ongepaste content: Plaats, afbeelding, model"
Feature.ReportAbuse.Label.CategoryDating,
Feature.ReportAbuse.Label.CategoryInappropriate,Ongepast taalgebruik: scheldwoorden en content voor volwassenen
Feature.ReportAbuse.Label.CategoryOther,Overige regelovertreding
Feature.ReportAbuse.Label.CategoryPrivateInfo,Privé-informatie vragen of geven
Feature.ReportAbuse.Label.CategoryScamming,"Exploiteren, valsspelen, oplichting"
Feature.ReportAbuse.Label.CategoryTheft,"Accountdiefstal: phishing, hacks en trading"
Feature.ReportAbuse.Label.CategoryThreats,Bedreigingen in het echte leven en zelfmoordbedreigingen
Feature.ReportAbuse.Label.ChooseOne,Kies er één
Feature.ReportAbuse.Label.Content,
Feature.ReportAbuse.Label.Experience,
Feature.ReportAbuse.Label.FinishChatReport,Je chatmelding voltooien
Feature.ReportAbuse.Label.GenericReportIllegalContentMessage,
Feature.ReportAbuse.Label.HighlightProblem,Markeer het probleem met cirkels
Feature.ReportAbuse.Label.HighlightProblemPrecise,Markeer het probleem
Feature.ReportAbuse.Label.Optional,Optioneel
Feature.ReportAbuse.Label.Person,Persoon
Feature.ReportAbuse.Label.PleaseSelectOne,Selecteer er een.
Feature.ReportAbuse.Label.Report,
Feature.ReportAbuse.Label.ReportSubmitted,
Feature.ReportAbuse.Label.ReportType,Ervaring of persoon?
Feature.ReportAbuse.Label.SelectChatLine,Selecteer één chat om te melden
Feature.ReportAbuse.Label.SelectInSceneComplete,We zullen je melding gebruiken om van Roblox voor iedereen een leuke en veilige plek te maken.
Feature.ReportAbuse.Label.SelectInSceneDescription1,Gebruik maximaal 5 cirkels om het probleem te markeren
Feature.ReportAbuse.Label.SelectInSceneDescription2,Vertel ons waarom het een probleem is
Feature.ReportAbuse.Label.SelectInSceneDescription3,Je melding indienen
Feature.ReportAbuse.Label.SelectInSceneDescriptionPrecise1,"Tik, sleep of klik om het probleem te markeren"
Feature.ReportAbuse.Label.SelectInSceneErrorDescription,Je kunt maximaal 5 cirkels plaatsen om het probleem te markeren. Gebruik de knop Ongedaan maken om cirkels te verwijderen.
Feature.ReportAbuse.Label.SelectPerson,Persoon in scène selecteren
Feature.ReportAbuse.Label.SelectProblem,Probleem in scène selecteren
Feature.ReportAbuse.Label.SentInAnotherChat,Verzonden in een andere chat
Feature.ReportAbuse.Label.SentPrivately,Privé verzonden
Feature.ReportAbuse.Label.TakeItDownCopy,Meld non-consensual intimate imagery zoals gedefinieerd in 47 U.S. Code art. 223a.
Feature.ReportAbuse.Label.TellUsWhatHappened,Laat ons weten wat er is gebeurd. (optioneel)
Feature.ReportAbuse.Label.TellUsWhatHappenedNoOptional,Laat ons weten wat er is gebeurd:
Feature.ReportAbuse.Label.TextChat,
Feature.ReportAbuse.Label.UserTextMuted,We hebben chats geblokkeerd van {name}
Feature.ReportAbuse.Label.UserTextMutedError,We konden chats niet blokkeren van {name}
Feature.ReportAbuse.Label.WhatWasWrong,Wat was er mis?
Feature.ReportAbuse.Label.WhereDidItHappen,Waar is het gebeurd?
Feature.ReportAbuse.Label.YourReportCode,Je unieke meldingscode:
Feature.ReportAbuse.Message.ChatLineReportingInfoText,"Je melding bevat alle berichten in dit kanaal, inclusief het bericht dat je selecteert."
Feature.ReportAbuse.Message.ErrorSubmit,Er is een probleem opgetreden bij het indienen van je rapport.
Feature.ReportAbuse.Message.OSACopy1,We zullen je melding beoordelen en passende actie ondernemen. We zullen je gegevens niet delen met de gebruiker die je meldt.
Feature.ReportAbuse.Message.OSACopy2,"De gebruiker of content die je hebt gemeld, worden niet automatisch geblokkeerd. Als je je interacties met een gebruiker wilt beperken, kun je deze blokkeren."
Feature.ReportAbuse.Message.OSACopy3,Je kunt ook illegale content melden op grond van de Britse Online Safety Act.
Feature.ReportAbuse.Message.OSACopy4,Meld illegale content en/of schadelijke content voor kinderen.
Feature.ReportAbuse.Message.OSACopyReadOnly,Ga naar: https://www.roblox.com/illegal-content-reporting om illegale content en/of schadelijke content voor kinderen te melden
Feature.ReportAbuse.Message.ProblemNotInScene,"Als het probleem zich niet in deze scène voordoet, kun je de schermafbeelding opnieuw maken."
Feature.ReportAbuse.Message.ReportInformationCopy,"We zullen je melding beoordelen en passende actie ondernemen. We zullen je gegevens niet delen met een gebruiker die je meldt. Als je een gebruiker of content meldt, worden deze niet automatisch geblokkeerd."
Feature.ReportAbuse.Message.RetakeScene,Help ons te begrijpen wat er om je heen gebeurt. We leggen de scène vast op het moment dat je 'Melden' selecteert.
Feature.ReportAbuse.Message.Success,Je melding is verzonden.
Feature.ReportAbuse.Message.ThankYouReport,Bedankt. We zullen je melding gebruiken om Roblox voor iedereen een leuke en veilige plek te maken.
Feature.ReportAbuse.Message.UserTextMuted,Je ontvangt in deze ervaring geen tekstchats van hen.
Feature.ReportAbuse.Message.UserTextMutedErrorDoesNotExist,We konden {name} niet vinden. Mogelijk heeft deze persoon de ervaring al verlaten.
Feature.ReportAbuse.Message.UserTextMutedErrorSelf,Je kunt geen chats van jezelf blokkeren.
Feature.ReportAbuse.Message.UserTextMutedSystem,Gebruiker '{name}' is gedempt. '/unmute {name}' om dit ongedaan te maken.
Feature.ReportAbuse.Problem.Bullying,
Feature.ReportAbuse.Problem.Cheating,Valsspelen
Feature.ReportAbuse.Problem.Dating,Daten/seks
Feature.ReportAbuse.Problem.Hate,Haat
Feature.ReportAbuse.Problem.IpInfringement,IP-inbreuk
Feature.ReportAbuse.Problem.Links,Links buiten het platform
Feature.ReportAbuse.Problem.Personal,Persoonlijke gegevens
Feature.ReportAbuse.Problem.Scamming,
Feature.ReportAbuse.Problem.Spamming,
Feature.ReportAbuse.Problem.Swearing,
Feature.ReportAbuse.Problem.Violence,Geweld
Feature.ReportAbuse.ProblemDescription.Bullying,"Pesten, intimidatie of bedreigingen"
Feature.ReportAbuse.ProblemDescription.Cheating,De regels overtreden of misbruik maken met behulp van hacks of code
Feature.ReportAbuse.ProblemDescription.Dating,"Daten, romantiek of seks"
Feature.ReportAbuse.ProblemDescription.Hate,"Haat, beledigingen of discriminatie"
Feature.ReportAbuse.ProblemDescription.IpInfringement,Ongeoorloofd gebruik van mijn content
Feature.ReportAbuse.ProblemDescription.Links,Linken naar een website of app buiten Roblox
Feature.ReportAbuse.ProblemDescription.Personal,Persoonlijke gegevens vragen of geven
Feature.ReportAbuse.ProblemDescription.Scamming,"Oplichting, fraude of nep-handel"
Feature.ReportAbuse.ProblemDescription.Spamming,Spam of herhalende berichten verzenden
Feature.ReportAbuse.ProblemDescription.Swearing,"Vloeken, schelden of grof taalgebruik"
Feature.ReportAbuse.ProblemDescription.Violence,Extreem geweld of bloedvergieten
Feature.ReportAbuse.ProblemSurface.Avatar,Avatar-kleding of -accessoire
Feature.ReportAbuse.ProblemSurface.DrawingOrCreation,Tekening of creatie
Feature.ReportAbuse.ProblemSurface.Experience,Game of ervaring
Feature.ReportAbuse.ProblemSurface.ItemOrAsset,Item of asset
Feature.ReportAbuse.ProblemSurface.Movement,Spelersbeweging of -emote
Feature.ReportAbuse.ProblemSurface.MusicOrSoundEffect,Muziek of geluidseffect
Feature.ReportAbuse.ProblemSurface.TextChat,Tekst
Feature.ReportAbuse.ProblemSurface.Username,
Feature.ReportAbuse.Title.SelectInSceneContinueYourReport,Doorgaan met je melding
Feature.ReportAbuse.Title.SelectInSceneFinishYourReport,Je melding voltooien
Feature.ReportAbuse.Title.SelectInSceneIpReport,Bedankt voor het starten van je IP-inbreukmelding
Feature.ReportAbuse.Title.SelectInSceneThankYou,
Feature.RobloxSubscription.Action.JoinIn,Doe mee over {time}
Feature.RobloxSubscription.Action.Subscribe,Abonneren
Feature.RobloxSubscription.Action.TryItForFree,Probeer het gratis
Feature.RobloxSubscription.Body.AlreadySubscribed,Je Plus-abonnement biedt al voordelen in-game-voordelen.
Feature.RobloxSubscription.Body.GenericError,We konden dit nu niet voltooien. Probeer het opnieuw.
Feature.RobloxSubscription.Body.UnsupportedPlatform,Dit abonnement kan niet worden aangeschaft op dit apparaat.
Feature.RobloxSubscription.Description.AgeCheckTrial,Verifieer je leeftijd met een leeftijdscontrole en ontvang 1 gratis week Roblox Plus als bedankje. Er is geen betaalmethode nodig om van deze gratis proefperiode te genieten.
Feature.RobloxSubscription.Description.Benefit.Customize,Aanpassen met profielframes en app-thema's
Feature.RobloxSubscription.Description.Benefit.DiscountV2,"10% korting op de eerste 60 dagen, daarna 20% korting op items en avatars"
Feature.RobloxSubscription.Description.ExclusiveBenefits,Meer plezier voor minder Robux. Abonneer je op Roblox Plus.
Feature.RobloxSubscription.Description.JoinEarly,Doe eerder mee met Plus
Feature.RobloxSubscription.Disclosure.BlackbirdTermsAgreement,"Door op {201C}{ctaText} te klikken{201D}, ga je akkoord met de <a href=""{termsUrl}"">Abonnementsvoorwaarden van Roblox</a>. Er worden elke maand automatisch kosten in rekening gebracht totdat je opzegt."
Feature.RobloxSubscription.Label.BlackbirdPSDiscount,Gratis privéservers
Feature.RobloxSubscription.Label.BlackbirdPriceTag,{price}/{periodType}
Feature.RobloxSubscription.Label.BlackbirdTr,Stuur Robux gratis
Feature.RobloxSubscription.Label.BlackbirdUpsellBanner,Krijg {discountPercentage}% korting met Roblox Plus
Feature.RobloxSubscription.Label.BlackbirdVTDiscountFirst,"{discountPercent}% korting op in-game-items, avatars en meer"
Feature.RobloxSubscription.Label.BlackbirdVTDiscountSecond,{discountPercent}% korting op deze items na {periodIndex} {periodType}
Feature.RobloxSubscription.Label.FreeTrialDisclosureShort,"Door op 'Doorgaan' te klikken, ga je akkoord met de {linkStart}Abonnementsvoorwaarden van Roblox{linkEnd}."
Feature.RobloxSubscription.Label.FreeTrialDisclosureV2,"Door op 'Probeer het gratis' te klikken, ga je akkoord met de {linkStart}Abonnementsvoorwaarden van Roblox.{linkEnd} Je gratis proefperiode eindigt over 1 maand en er worden elke maand automatisch kosten in rekening gebracht. Je kunt op elk moment opzeggen."
Feature.RobloxSubscription.Label.FreeTrialDisclosureV3,"Door op 'Probeer het gratis' te klikken, ga je akkoord met de {linkStart}Abonnementsvoorwaarden van Roblox.{linkEnd} Je gratis proefperiode eindigt over {trialDuration} {trialPeriodLabel} en er worden elke {billingPeriodLabel} automatisch kosten in rekening gebracht. Je kunt op elk moment opzeggen."
Feature.RobloxSubscription.Label.FreeTrialText,Gratis proefperiode krijgen
Feature.RobloxSubscription.Label.RobloxPlusPriceRowV2,"{boldStart}1 maand gratis,{boldEnd} daarna {price}/{periodType}"
Feature.RobloxSubscription.Label.RobloxPlusPriceRowV3,"{boldStart}{trialDuration} {trialPeriodLabel} gratis,{boldEnd} daarna {price}/{periodType}"
Feature.RobloxSubscription.Label.month,maand
Feature.RobloxSubscription.Label.months,maanden
Feature.RobloxSubscription.Title.AgeCheckTrial,Ontvang 1 gratis week Plus
Feature.RobloxSubscription.Title.AlreadySubscribed,Goed nieuws
Feature.RobloxSubscription.Title.GenericError,
Feature.RobloxSubscription.Title.GetBlackbird,Roblox Plus nemen
Feature.RobloxSubscription.Title.UnsupportedPlatform,Roblox Plus is hier niet beschikbaar
Feature.RobloxSubscription.ToolTip.EarlyAccess.Body,Je kunt vóór iedereen anders deelnemen aan het evenement.
Feature.RobloxSubscription.ToolTip.EarlyAccess.Title,Vroege toegang met Plus
Feature.RobloxSubscription.label.week,week
Feature.RobloxSubscription.label.weeks,weken
Feature.SafetyDashboard.Heading.AccountStatus.V2,"Accountstatus, schendingen en bezwaren"
Feature.Schools.Label.Classmates,Klasgenoten
Feature.Screentime.Content.ScreentimeLimitDialog,Je hebt je dagelijkse schermtijdlimiet bereikt. Kom morgen terug om Roblox weer te gebruiken.
Feature.SecurityFeedback.Header.NewLogin,Waarschuwing voor nieuwe activiteit
Feature.Settings.Label.Error,
Feature.SettingsHub.Action.AllowInSettings,Toestaan in instellingen
Feature.SettingsHub.Action.Block,
Feature.SettingsHub.Action.Cancel,
Feature.SettingsHub.Action.CancelSearch,
Feature.SettingsHub.Action.CaptureScene,Scène vastleggen
Feature.SettingsHub.Action.ConnectVoiceChat,Spraakchat verbinden
Feature.SettingsHub.Action.InviteFriend,
Feature.SettingsHub.Action.InviteFriendsBack,
Feature.SettingsHub.Action.MuteAll,Alles dempen
Feature.SettingsHub.Action.NotNow,
Feature.SettingsHub.Action.Ok,
Feature.SettingsHub.Action.OpenSettings,
Feature.SettingsHub.Action.Report.Done,
Feature.SettingsHub.Action.TurnOn,
Feature.SettingsHub.Action.Unblock,
Feature.SettingsHub.Action.UnmuteAll,Alles dempen ongedaan maken
Feature.SettingsHub.Chat.ChatLanguageSelectionLabel,Taal van de chatvertaling
Feature.SettingsHub.Chat.TranslationSetting,Automatische chatvertaling
Feature.SettingsHub.Chat.TranslationToggleSetting,Optie om niet-vertaald bericht te bekijken
Feature.SettingsHub.Default.DynamicThumbstick,Standaard (dynamische joystick)
Feature.SettingsHub.Description.CameraPermissionRequestQRCode,"We hebben toegang tot je camera nodig, zodat je een QR-code kunt scannen."
Feature.SettingsHub.Description.ChatWithVoiceDisabledUntil,Je toegang tot spraakchat is uitgeschakeld tot {dateTime} vanwege gedrag dat mogelijk in strijd is met onze Communityrichtlijnen.
Feature.SettingsHub.Description.ContactsPermissionAndroid,"1. Selecteer Machtiging
2. Selecteer Contacten
3. Geef Roblox toegang tot je contacten"
Feature.SettingsHub.Description.ContactsPermissionAndroidDeeplinkNotSupported,"1. Ga naar Instellingen > Toestemming
2. Selecteer Contactpersonen
3. Geef Roblox toegang tot je contactpersonen"
Feature.SettingsHub.Description.ContactsPermissionIOS,Geef Roblox toegang tot je contactpersonen om contact te maken met vrienden.
Feature.SettingsHub.Description.ContactsPermissionRequest,"We hebben toegang tot je contactpersonen nodig, zodat je contact kunt opnemen met vrienden."
Feature.SettingsHub.Description.PeoplesNames,Toon of verberg je badges voor andere personen in spellen.
Feature.SettingsHub.Description.QRCodeCameraPermissionAndroid,"1. Selecteer Machtiging
2. Selecteer Camera
3. Geef Roblox toegang tot je camera"
Feature.SettingsHub.Description.QRCodeCameraPermissionAndroidDeeplinkNotSupported,"1. Ga naar Instellingen > Machtiging
2. Selecteer Camera
3. Geef Roblox toegang tot je camera"
Feature.SettingsHub.Description.QRCodeCameraPermissionIOS,Geef Roblox toegang tot je camera om de QR-code te scannen.
Feature.SettingsHub.Description.SelectAvatarToCheckoutItems,Selecteer een avatar om hun items te bekijken.
Feature.SettingsHub.Description.SelectUsernameToViewProfile,Bekijk profielen door een naam te selecteren.
Feature.SettingsHub.GameSettings.DisplayBadges,Mijn badges weergeven
Feature.SettingsHub.GameSettings.FramerateCapDefaultEntry,Standaard ({Frames} FPS)
Feature.SettingsHub.GameSettings.FramerateEntry,{Frames} FPS
Feature.SettingsHub.GameSettings.GuiVisibility.Freecam,Freecam
Feature.SettingsHub.GameSettings.GuiVisibility.ShowGuiType,GUI weergeven: '{GuiType}'
Feature.SettingsHub.GameSettings.InputDevice,Inputapparaat
Feature.SettingsHub.GameSettings.MaximumFramerate,Maximale framesnelheid
Feature.SettingsHub.GameSettings.MaximumFramerate.Description,"Pas je framesnelheid aan voor een vloeiendere gameplay. Hogere framesnelheden verbruiken meer stroom en frames die de verversingssnelheid van je scherm overschrijden, worden niet weergegeven."
Feature.SettingsHub.GameSettings.MicroProfiler,MicroProfiler
Feature.SettingsHub.GameSettings.MyBadges,Mijn badges
Feature.SettingsHub.GameSettings.OutputDevice,Outputapparaat
Feature.SettingsHub.GameSettings.PeopleNames,Namen van personen weergeven
Feature.SettingsHub.GameSettings.PeopleNames.Description,Toon of verberg namen boven personen in spellen. Sommige spellen kunnen aangepaste instellingen hebben die jouw voorkeur overschrijven.
Feature.SettingsHub.GameSettings.PeoplesNames,Namen van personen
Feature.SettingsHub.Heading.InviteFriends,
Feature.SettingsHub.Heading.InviteUser,{DisplayName} uitnodigen?
Feature.SettingsHub.Heading.Report.ThanksForReport,Bedankt voor je melding!
Feature.SettingsHub.Label.AttachScreenshot,Schermafbeelding bijvoegen? (optioneel)
Feature.SettingsHub.Label.Captures,
Feature.SettingsHub.Label.ChooseOne,
Feature.SettingsHub.Label.Connect,Verbinding maken
Feature.SettingsHub.Label.Connected,Verbonden
Feature.SettingsHub.Label.ConnectionsListLoadErrorMessage,Kan Connecties niet laden. Probeer het later opnieuw.
Feature.SettingsHub.Label.DefaultInviteMessage,Wil je {DisplayName} uitnodigen om met je mee te doen?
Feature.SettingsHub.Label.Disconnect,Verbinding verbreken
Feature.SettingsHub.Label.Disconnected,Verbinding verbroken
Feature.SettingsHub.Label.DontLeaveButton,
Feature.SettingsHub.Label.FriendsListLoadErrorMessage,Kan vrienden niet laden. Probeer het later opnieuw.
Feature.SettingsHub.Label.GameInviteError,De uitnodiging voor de ervaring kon niet worden verzonden. Probeer het later opnieuw.
Feature.SettingsHub.Label.Hide,
Feature.SettingsHub.Label.InviteSearchNoResults,
Feature.SettingsHub.Label.Invited,Uitgenodigd
Feature.SettingsHub.Label.LeaveButton,
Feature.SettingsHub.Label.LoadingFriendsListFailed,
Feature.SettingsHub.Label.MethodOfAbuse,Type misbruik?
Feature.SettingsHub.Label.Moderated,Gemodereerd
Feature.SettingsHub.Label.ModeratedInviteError,De uitnodiging voor de ervaring is gemodereerd en niet verzonden.
Feature.SettingsHub.Label.Mute,
Feature.SettingsHub.Label.NoConnectionsPageMessage,"Voeg Connecties toe, zodat jullie samen kunnen verkennen."
Feature.SettingsHub.Label.NoConnectionsScreen,"Maak connecties, zodat je ze kunt uitnodigen om met je mee te doen!"
Feature.SettingsHub.Label.NoFriendsPageMessage,"Voeg vrienden toe, zodat jullie samen kunnen verkennen."
Feature.SettingsHub.Label.NoFriendsScreen,"Maak vrienden, zodat je ze kunt uitnodigen om met je mee te doen!"
Feature.SettingsHub.Label.QuitButton,
Feature.SettingsHub.Label.QuitConfirmation,
Feature.SettingsHub.Label.ReasonForAbuse,Reden voor misbruik?
Feature.SettingsHub.Label.Report.BlockDisplayName, {DISPLAY_NAME} (@{RBX_NAME}) blokkeren
Feature.SettingsHub.Label.Report.OtherActionsHeader,Andere stappen die je kunt nemen
Feature.SettingsHub.Label.Report.ReceivedReportBody,We hebben je melding ontvangen en zullen indien nodig binnenkort actie ondernemen. Je feedback helpt onze community veilig te houden.
Feature.SettingsHub.Label.ReportComment,
Feature.SettingsHub.Label.SceneCaptured,Scène vastgelegd
Feature.SettingsHub.Label.SearchForFriendsPlaceholder,
Feature.SettingsHub.Label.SearchForFriendsPlaceholder.FriendsRename,
Feature.SettingsHub.Label.Sending,
Feature.SettingsHub.Label.Show,
Feature.SettingsHub.Label.Unmute,
Feature.SettingsHub.Label.VoiceChat,
Feature.SettingsHub.Label.WhichPlayer,Welke persoon?
Feature.SettingsHub.LanguageSelection.SettingLabel,Taal van het spel
Feature.SettingsHub.LanguageSelection.Unavailable,
Feature.SettingsHub.Message.InviteToGameTitle,Doe met me mee in {PLACENAME}
Feature.SettingsHub.MethodOfAbuse.AvatarSubtitle,De avatar van deze persoon draagt aanstootgevende kleding
Feature.SettingsHub.MethodOfAbuse.Other.Subtitle,"Deze persoon volgt me, draagt een lelijk shirt, etc."
Feature.SettingsHub.MethodOfAbuse.Other.Title,
Feature.SettingsHub.MethodOfAbuse.Text.Subtitle,Deze persoon heeft een gemeen woord in de tekstchat getypt
Feature.SettingsHub.MethodOfAbuse.VoiceChat.Subtitle,Deze persoon schreeuwde uit volle borst
Feature.SettingsHub.MethodOfAbuse.VoiceChat.Title,
Feature.SettingsHub.PageTitle.InThisServer,In deze server
Feature.SettingsHub.Prompt.AllowAccessToCamera,Toegang tot camera toestaan?
Feature.SettingsHub.Prompt.AllowAccessToContacts,Toegang tot contactpersonen toestaan?
Feature.SettingsHub.Prompt.AndroidWithDeeplink,<b>1. Selecteer Machtiging<br />2. Selecteer Microfoon<br />3. Geef Roblox toegang tot je microfoon</b>
Feature.SettingsHub.Prompt.AndroidWithoutDeeplink,<b>1. Ga naar Instellingen > Privacy > Machtiging<br />2. Selecteer Microfoon<br />3. Geef Roblox toegang tot je microfoon</b>
Feature.SettingsHub.Prompt.BuyWhatTheyreWearing,Koop wat ze dragen
Feature.SettingsHub.Prompt.CameraUnavailable,Camera niet beschikbaar
Feature.SettingsHub.Prompt.ChangeYourMind,Als je van gedachten verandert
Feature.SettingsHub.Prompt.Connecting,Spraak is nog steeds aan het verbinden
Feature.SettingsHub.Prompt.GetVoiceChat,
Feature.SettingsHub.Prompt.GotIt,
Feature.SettingsHub.Prompt.IncorrectNudge,Hebben we een fout gemaakt?<br /><u>Laat het ons weten</u>
Feature.SettingsHub.Prompt.IncorrectNudgeV2,Hadden we het mis?<br /><u>Meld een fout</u>
Feature.SettingsHub.Prompt.JoinedVoiceChat,Je doet mee aan spraakchat
Feature.SettingsHub.Prompt.JoinedVoiceChatV2,
Feature.SettingsHub.Prompt.JoinedVoiceChatV3,Je bent verbonden met spraakchat
Feature.SettingsHub.Prompt.LeaveVoiceChatV2,Je verbinding met spraakchat is verbroken
Feature.SettingsHub.Prompt.MicAndCameraUseSuspended,Microfoon- en cameragebruik opgeschort
Feature.SettingsHub.Prompt.MicUseSuspended,Microfoongebruik opgeschort
Feature.SettingsHub.Prompt.MicrophonePermission,
Feature.SettingsHub.Prompt.NeedCameraAccess,Toegang tot camera nodig
Feature.SettingsHub.Prompt.NeedContactsAccess,Toegang tot contactpersonen nodig
Feature.SettingsHub.Prompt.NeedMicrophoneAccess,Toegang tot microfoon nodig
Feature.SettingsHub.Prompt.NotAudible,Spraakchat niet hoorbaar
Feature.SettingsHub.Prompt.Place,Overschrijdt het maximumaantal spelers
Feature.SettingsHub.Prompt.RememberRules,Houd rekening met ons beleid
Feature.SettingsHub.Prompt.RememberRulesVoiceChat,We kunnen je spraakchat opschorten
Feature.SettingsHub.Prompt.RestartOnMicAccessChange,Je moet de app opnieuw opstarten om de toegangswijzigingen voor je microfoon toe te passen.
Feature.SettingsHub.Prompt.Subtitle.AllowMicrophoneAccess,Geef Roblox toegang tot je microfoon om spraakchat met anderen te gebruiken.
Feature.SettingsHub.Prompt.Subtitle.CameraUnavailable,We hebben de camera uitgeschakeld om de prestaties van de ervaring op dit apparaat te verbeteren. Misschien wil je het met een ander apparaat proberen. Tik voor meer informatie.
Feature.SettingsHub.Prompt.Subtitle.Connecting,Spraakverbinding is nog in uitvoering. Dit kan even duren.
Feature.SettingsHub.Prompt.Subtitle.DisconnectOrMute,Je kunt op elk gewenst moment de spraakverbinding verbreken of iemand dempen.
Feature.SettingsHub.Prompt.Subtitle.DisconnectOrMuteHere,Je kunt hier op elk gewenst moment de spraakverbinding verbreken of iemand dempen
Feature.SettingsHub.Prompt.Subtitle.EffectiveUntil,Van kracht tot
Feature.SettingsHub.Prompt.Subtitle.FutureViolations,Toekomstige overtredingen kunnen leiden tot aanvullende maatregelen voor je account.
Feature.SettingsHub.Prompt.Subtitle.GoToAccountInfo,Ga naar Instellingen > Accountgegevens.
Feature.SettingsHub.Prompt.Subtitle.InExpVoiceUpsell1,Praat met anderen en beleef meer plezier. Geef Roblox toegang tot je microfoon om te praten. Jij hebt de controle — demp jezelf of iemand anders op elk gewenst moment.
Feature.SettingsHub.Prompt.Subtitle.InExpVoiceUpsell2,Praat met anderen en beleef meer plezier. Jij hebt de controle — demp jezelf of iemand anders op elk gewenst moment.
Feature.SettingsHub.Prompt.Subtitle.JoinVoiceLater,Je kunt later altijd meedoen aan spraakchat via het Roblox-menu.
Feature.SettingsHub.Prompt.Subtitle.MicAndCamera,Onze systemen hebben gedrag gedetecteerd dat mogelijk in strijd is met onze Communityrichtlijnen. Uit voorzorg hebben we je toegang tot spraakchat en chatten als avatar tijdelijk uitgeschakeld.
Feature.SettingsHub.Prompt.Subtitle.Microphone,Onze systemen hebben gedrag gedetecteerd dat mogelijk in strijd is met onze Communityrichtlijnen. Uit voorzorg hebben we je toegang tot spraakchat tijdelijk uitgeschakeld.
Feature.SettingsHub.Prompt.Subtitle.MicrophonePermission,"Om met spraak te chatten, ga je naar je besturingssysteeminstellingen om Roblox toe te staan de microfoon te gebruiken"
Feature.SettingsHub.Prompt.Subtitle.MuteAnyoneAnytime,Je kunt op elk gewenst moment iemand dempen.
Feature.SettingsHub.Prompt.Subtitle.NotAudible,Het spelvolume is in de instellingen ingesteld op '0'. Verhoog het volume om spraak te horen.
Feature.SettingsHub.Prompt.Subtitle.NotAudibleVoiceChatVolume,Het volume van de spraakchat is in de instellingen ingesteld op '0'. Verhoog het volume om spraak te horen.
Feature.SettingsHub.Prompt.Subtitle.Place,De spraakfunctie is alleen beschikbaar voor plaatsen met een maximumaantal spelers van 30 of minder.
Feature.SettingsHub.Prompt.Subtitle.Respect,Help Roblox leuk te houden door respectvol te zijn naar anderen.
Feature.SettingsHub.Prompt.Subtitle.Retry,Probeer te verlaten en opnieuw deel te nemen.
Feature.SettingsHub.Prompt.Subtitle.Revoked,Vanwege meerdere schendingen van onze Communityrichtlijnen hebben we je toegang tot spraakchat tijdelijk ingetrokken tot het einde van de bètafase.
Feature.SettingsHub.Prompt.Subtitle.SelectingTurnOn,"Door Inschakelen te selecteren, stem ik ermee in dat Roblox mijn spraakopname verzamelt, gebruikt en opslaat om spraakdiensten mogelijk te maken en voor moderatie, veiligheid en verbetering van onze diensten en tools."
Feature.SettingsHub.Prompt.Subtitle.TalkAgeGroupTrustedConnectionsUpdate,Je kunt nu praten met mensen in vergelijkbare leeftijdsgroepen en je vertrouwde connecties.
Feature.SettingsHub.Prompt.Subtitle.TalkAgeGroupTrustedFriendsUpdate,Je kunt nu praten met mensen in vergelijkbare leeftijdsgroepen en met je vertrouwde vrienden.
Feature.SettingsHub.Prompt.Subtitle.TalkInAgeGroupTrustedConnections,Alleen mensen in vergelijkbare leeftijdsgroepen en je vertrouwde connecties kunnen met je praten.
Feature.SettingsHub.Prompt.Subtitle.TalkInAgeGroupTrustedFriends,Alleen mensen in vergelijkbare leeftijdsgroepen en je vertrouwde vrienden kunnen met je praten.
Feature.SettingsHub.Prompt.Subtitle.TemporarySuspension2,Vanwege de schending van onze Communityrichtlijnen hebben we je toegang tot spraakchat tijdelijk ingetrokken tot
Feature.SettingsHub.Prompt.Subtitle.TemporaryVoiceBan1,We hebben spraakchat tijdelijk uitgeschakeld omdat je mogelijk taal hebt gebruikt die in strijd is met de Communityrichtlijnen van Roblox.
Feature.SettingsHub.Prompt.Subtitle.TemporaryVoiceBan1V2,Je bleef taal gebruiken die de regels overtreedt of maakte te veel achtergrondgeluid.
Feature.SettingsHub.Prompt.Subtitle.TemporaryVoiceBan2,
Feature.SettingsHub.Prompt.Subtitle.TemporaryVoiceBan2V2,"Als je de regels blijft overtreden, kunnen we je de toegang tot Roblox ontzeggen."
Feature.SettingsHub.Prompt.Subtitle.ThanksForLettingUsKnow,Je feedback helpt ons om onze systemen te verbeteren.
Feature.SettingsHub.Prompt.Subtitle.ThanksForVoiceData,Bedankt dat je Roblox helpt om de spraakchatdiensten te verbeteren aan de hand van je spraakgegevens. Je kunt je voorkeur op een later moment via je instellingen wijzigen.
Feature.SettingsHub.Prompt.Subtitle.User,Dit account komt niet in aanmerking voor het gebruik van de spraakfunctie.
Feature.SettingsHub.Prompt.Subtitle.VoiceToxicityModal,We hebben taalgebruik gedetecteerd die mogelijk in strijd is met de Communityrichtlijnen van Roblox.<br /><br />Je kunt na meerdere schendingen de toegang tot spraakchat verliezen.
Feature.SettingsHub.Prompt.Subtitle.VoiceToxicityModalV2,"Het klinkt alsof je taal gebruikt die de regels overtreedt of dat er te veel achtergrondgeluid is.<br /><br />Als je doorgaat, schorsen we je voor spraakchat."
Feature.SettingsHub.Prompt.Subtitle.VoiceToxicityToast,We hebben taalgebruik gedetecteerd die mogelijk in strijd is met de Communityrichtlijnen van Roblox. Je kunt na meerdere schendingen de toegang tot spraakchat verliezen.
Feature.SettingsHub.Prompt.Subtitle.VoiceToxicityToastV2,"Het klinkt alsof je taal gebruikt die de regels overtreedt of dat er te veel achtergrondgeluid is. Als je doorgaat, schorsen we je voor spraakchat."
Feature.SettingsHub.Prompt.TeleportBlock.Subtitle,Teleporteren wordt hervat wanneer het menu wordt gesloten.
Feature.SettingsHub.Prompt.TeleportBlock.Title,Teleporteren gepauzeerd
Feature.SettingsHub.Prompt.ThankYouForFeedback,Bedankt dat je het ons hebt laten weten
Feature.SettingsHub.Prompt.Title.AgeCheckForVoiceToast,Spraakchat ontgrendelen met een leeftijdscontrole
Feature.SettingsHub.Prompt.Title.ImproveVoiceChat,Spraakchat verbeteren
Feature.SettingsHub.Prompt.Understand,
Feature.SettingsHub.Prompt.UpdateToVoiceChat,Updaten naar spraakchat
Feature.SettingsHub.Prompt.User,Komt niet in aanmerking voor spraak
Feature.SettingsHub.Prompt.VoiceChatSuspended,Spraakchat opgeschort
Feature.SettingsHub.Prompt.VoiceChatSuspendedV2,We hebben je spraakchat opgeschort
Feature.SettingsHub.Prompt.VoiceChatWithOthers,Spraakchat met anderen
Feature.SettingsHub.Prompt.VoiceUserAgency.JoinMuted,"Nee, anderen dempen"
Feature.SettingsHub.Prompt.VoiceUserAgency.JoinUnmuted,"Ja, anderen horen"
Feature.SettingsHub.Prompt.VoiceUserAgency.JoinUnmuted.Description,"Je hoort anderen praten, maar je microfoon blijft gedempt totdat je weer wilt chatten."
Feature.SettingsHub.Prompt.VoiceUserAgency.JoinUnmuted.Title,Meedoen met spraak ingeschakeld?
Feature.SettingsHub.Prompt.VoiceUserAgency.Remember,Houd hier rekening mee tijdens deze ervaring.
Feature.SettingsHub.Prompt.WindowsWithDeeplink,<b>1. Schakel Geef apps toegang tot je microfoon in<br /> 2. Geef Roblox toegang tot je microfoon</b>
Feature.SettingsHub.Prompt.WindowsWithoutDeeplink,<b>1. Ga naar Instellingen > Privacy > Microfoon<br />2. Schakel Geef apps toegang tot je microfoon in<br />3. Geef Roblox toegang tot je microfoon</b>
Feature.SettingsHub.Prompt.XMinuteSuspension,Schorsing van {banDurationInMinutes} minuten
Feature.SettingsHub.Prompt.XMinuteSuspensionV2,{banDurationInMinutes} minuten schorsing
Feature.SettingsHub.ReportSubmitted.BlockPlayer,{Player} blokkeren
Feature.SettingsHub.ReportSubmitted.BlockedSubtitleText,Jij en {Player} kunnen niet meer met elkaar communiceren.
Feature.SettingsHub.ReportSubmitted.Label.MuteAndBlockPlayer,{DisplayName} dempen en blokkeren?
Feature.SettingsHub.ReportSubmitted.Label.MuteAndBlockWarning,
Feature.SettingsHub.ReportSubmitted.MutePlayer,{Player} dempen
Feature.SettingsHub.ReportSubmitted.MutedSubtitleText,Je kunt {Player} niet horen
Feature.SettingsHub.ReportSubmitted.ThankYou,We hebben je melding ontvangen en zullen indien nodig binnenkort meer actie ondernemen. Je feedback helpt onze community veilig te houden.
Feature.SettingsHub.TouchMovementMode.ClassicThumbstick,Klassieke joystick
Feature.SettingsHub.Video.SystemDefault,Systeemstandaard
Feature.SettingsHub.Video.VideoCamera,Videocamera
Feature.SettingsHub.VoiceUserAgency.JoinUnmuted.Description,"Je hoort de stemmen van anderen, maar je microfoon blijft gedempt totdat je weer wilt chatten."
Feature.SocialContextToast.Action.InviteBack,Opnieuw uitnodigen
Feature.SocialContextToast.Action.JoinFriend,Meedoen
Feature.SocialContextToast.Message.FollowedFriendInOtherUniverse,{FRIEND_NAME} heeft zich teruggetrokken en doet mee met {EXPERIENCE_NAME}
Feature.SocialContextToast.Message.FollowedFriendNotInGame,{FRIEND_NAME} heeft deze experience verlaten
Feature.SocialContextToast.Message.FriendInNonRootPlace,{FRIEND_NAME} is naar een beperkte plaats gegaan binnen deze experience
Feature.SocialContextToast.Message.FriendJoinedYou,{FRIEND_NAME} doet mee met jou
Feature.SocialContextToast.Message.InvitationConfirmation,Uitnodiging verzonden
Feature.SocialContextToast.Message.InvitationFailure,Problemen bij het verzenden van uitnodigingen
Feature.SocialContextToast.Message.InviteeJoinedYou,{INVITEE_NAME} doet mee met jou via je uitnodiging!
Feature.SocialContextToast.Message.YouJoinedManyFriends,Je doet mee met {FRIEND_NAME} en {FRIEND_COUNT} andere vrienden
Feature.SocialContextToast.Message.YouJoinedOneFriend,Je doet mee met {FRIEND_NAME}
Feature.SocialContextToast.Message.YouJoinedTwoFriends,Je doet mee met {FRIEND_NAME_ONE} en {FRIEND_NAME_TWO}
Feature.SocialShare.Action.CopyLink,
Feature.SocialShare.Action.Share,
Feature.SocialShare.Label.Copied,Gekopieerd
Feature.SocialShare.Label.CopyLinkToShareWithPeople,Kopieer de link om te delen met personen die je kent
Feature.SocialShare.Label.ShareServerLink,Uitnodigingslink delen
Feature.SocialShare.ShareWithPeopleYouKnow,Delen met personen die je kent
Feature.SocialTab.Label.AddFriendHintBody,Vrienden maken Roblox leuk!
Feature.SocialTab.Label.CreateAndExploreGroups,Creëer en ontdek community's
Feature.SocialTab.Label.Groups,
Feature.SongDetails.Action.Favorite,
Feature.SongDetails.Action.Report,
Feature.SongDetails.Action.ReportAudio,Audio melden
Feature.SongDetails.Label.InappropriateAudio,Ongepaste audio
Feature.SongDetails.Label.InappropriateThumbnail,Ongepaste miniatuur
Feature.SongDetails.Label.SongPreview,Voorbeeld nummer
Feature.Squads.Action.Add,
Feature.Squads.Action.AddOthers,Anderen toevoegen
Feature.Squads.Action.ConnectToVoice,Verbinding maken met spraak
Feature.Squads.Action.ContinueWithoutVoice,Doorgaan zonder spraak
Feature.Squads.Action.Delete,
Feature.Squads.Action.DisconnectFromVoice,Verbinding met spraak verbreken
Feature.Squads.Action.DontJoin,
Feature.Squads.Action.Edit,
Feature.Squads.Action.Invite,
Feature.Squads.Action.InviteAgain,
Feature.Squads.Action.Join,
Feature.Squads.Action.JoinWithParty,Deelnemen met party
Feature.Squads.Action.Ok,
Feature.Squads.Action.Party,Party
Feature.Squads.Action.Remove,
Feature.Squads.Action.Retry,
Feature.Squads.Action.ScheduleAParty,Een party plannen
Feature.Squads.Action.ScheduleParty,Party plannen
Feature.Squads.Action.Start,Starten
Feature.Squads.Action.Switch,
Feature.Squads.Action.TapToStartNewParty,Tik om een nieuwe party te starten
Feature.Squads.Action.View,
Feature.Squads.Action.VoiceErrorGeneral,
Feature.Squads.Action.VoiceErrorPartyNotVoiceEligible,
Feature.Squads.Action.VoiceErrorUserIneligible,
Feature.Squads.Action.WaitingForParty,Wachten op party
Feature.Squads.Action.Yes,
Feature.Squads.Description.AddFriends,"Vrienden die je toevoegt, zien alle eerdere berichten in deze groep"
Feature.Squads.Description.AlreadyJoined,Je bent al lid van deze party
Feature.Squads.Description.DeleteScheduledSquad,Weet je zeker dat je de geplande party wilt verwijderen?
Feature.Squads.Description.DisconnectVoiceDueToLowMemory,Het geheugen van je apparaat is bijna vol. Verbreek de verbinding met spraak om te voorkomen dat Roblox crasht. Je blijft in de party.
Feature.Squads.Description.FailedToJoin,Er is iets misgegaan bij het deelnemen aan de party. Probeer het opnieuw.
Feature.Squads.Description.Going,Gaat
Feature.Squads.Description.Interested,Geïnteresseerd
Feature.Squads.Description.InviteConnectionsToParty,"Als je deze connecties uitnodigt voor de party, worden ze ook uitgenodigd voor de groep. Ze kunnen de chatgeschiedenis zien."
Feature.Squads.Description.InviteFriendsToParty,"Als je deze vrienden uitnodigt voor de party, worden ze ook uitgenodigd voor de groep. Ze kunnen de chatgeschiedenis zien."
Feature.Squads.Description.Invited,
Feature.Squads.Description.InvitedToExperience,"Iemand heeft je al uitgenodigd voor een ervaring. Wanneer de uitnodiging is voltooid, kun je het opnieuw proberen."
Feature.Squads.Description.JoinAnotherParty,Je zit momenteel in een actieve party. Wil je je huidige party verlaten en overschakelen naar deze party?
Feature.Squads.Description.JoinWithLowMemory,"Het geheugen van je apparaat is bijna vol. Als je zonder spraak deelneemt, voorkom je dat Roblox crasht."
Feature.Squads.Description.LuckyRecommendationRevealed,De hele groep kan meedoen
Feature.Squads.Description.LuckyRecommendationRolling,Een goede match voor je groep vinden
Feature.Squads.Description.LuckyRecommendationRow,Laten we je op weg helpen
Feature.Squads.Description.ManyPeopleActive,{userCount} personen actief
Feature.Squads.Description.NoResponse,Geen respons
Feature.Squads.Description.NotGoing,Gaat niet
Feature.Squads.Description.OneOnOneExpandedChatFeaturesActivePartyError,Een-op-een-chats met uitgebreide functies kunnen niet worden omgezet in een groepschat terwijl een party actief is.
Feature.Squads.Description.OnePersonActive,1 persoon actief
Feature.Squads.Description.PartyEnded,De party is beëindigd. Wil je een nieuwe party starten?
Feature.Squads.Description.PartyFull,Deze party is momenteel vol. Wil je proberen opnieuw deel te nemen?
Feature.Squads.Description.PleaseTryAgain,
Feature.Squads.Description.RemoveFromChat,Weet je zeker dat je deze persoon uit de groep wilt verwijderen?
Feature.Squads.Description.RemoveFromParty,{displayName} wordt uit de groepchat verwijderd.
Feature.Squads.Description.ScheduledPartyAlreadyExists,Er is al een party gepland voor de geselecteerde tijd
Feature.Squads.Description.Title,
Feature.Squads.Description.User,
Feature.Squads.Description.YouAddedMoreThanTwoToChat,Je hebt {username} en {userCountMinusOne} anderen aan de groep toegevoegd
Feature.Squads.Description.YouAddedToChat,Je hebt {username} aan de groep toegevoegd
Feature.Squads.Description.YouAddedTwoToChat,Je hebt {username1} en {username2} aan de groep toegevoegd
Feature.Squads.Description.YouHaveNoScheduledParties,Je hebt geen aankomende party's
Feature.Squads.Description.upsellInviteText,Geen reacties. Je kunt ze opnieuw uitnodigen
Feature.Squads.Label.AddFriends,Vrienden toevoegen?
Feature.Squads.Label.Audio,
Feature.Squads.Label.Connecting,Verbinden
Feature.Squads.Label.DeleteScheduledParty,Geplande party verwijderen
Feature.Squads.Label.DeletedScheduledParty,Geplande party verwijderd
Feature.Squads.Label.Error,
Feature.Squads.Label.Experience,
Feature.Squads.Label.FailedToJoin,Kan geen lid worden van de party
Feature.Squads.Label.FindExperiences,Ervaringen zoeken
Feature.Squads.Label.FindExperiencesPlayTogether,Ervaringen zoeken om samen te spelen
Feature.Squads.Label.FriendJoinedYourParty,{combinedName} doet mee met je party
Feature.Squads.Label.InviteConnectionsConfirmation,Deze connecties uitnodigen voor de groep?
Feature.Squads.Label.InviteFriendsConfirmation,Deze vrienden uitnodigen voor de groep?
Feature.Squads.Label.InvitedToExperience,Uitgenodigd voor ervaring
Feature.Squads.Label.JoinAnotherParty,Van party wisselen
Feature.Squads.Label.JoinExperiencesTogether,Samen deelnemen aan ervaringen
Feature.Squads.Label.JoinParty,Deelnemen aan party
Feature.Squads.Label.LeaveParty,Party verlaten
Feature.Squads.Label.Loading,Laden...
Feature.Squads.Label.LowMemory,Weinig geheugen
Feature.Squads.Label.LuckyRecommendationRevealed,Probeer deze
Feature.Squads.Label.LuckyRecommendationRolling,Een spel kiezen
Feature.Squads.Label.LuckyRecommendationRow,Weet je niet zeker wat je moet spelen?
Feature.Squads.Label.MultiplePeopleJoinedYourParty,Meerdere mensen doen mee met je party
Feature.Squads.Label.MuteMic,Microfoon dempen
Feature.Squads.Label.Party,
Feature.Squads.Label.PartyCountStatus, {partyCount} op het feest
Feature.Squads.Label.PartyEnded,Party is beëindigd
Feature.Squads.Label.PartyEndedText,
Feature.Squads.Label.PartyFull,Party is vol
Feature.Squads.Label.PartyOperationFailed,Partybewerking mislukt
Feature.Squads.Label.PartyStartedText,Party gestart
Feature.Squads.Label.PartyVolume,Partyvolume
Feature.Squads.Label.RemoveFromChat,Verwijderen uit groep?
Feature.Squads.Label.RemoveFromParty,Verwijderen uit party
Feature.Squads.Label.ScheduledParty,Geplande party
Feature.Squads.Label.StartParty,Party starten
Feature.Squads.Label.StartTime,Starttijd
Feature.Squads.Label.ThisFieldIsRequired,Dit veld is vereist
Feature.Squads.Label.TwoFriendsJoinedYourParty,{combinedName1} en {combinedName2} doen mee aan je party
Feature.Squads.Label.UnmuteMic,Dempen van microfoon ongedaan maken
Feature.Squads.Label.UpcomingParties,Aankomende party's
Feature.Squads.Label.UserDropdownMenuVoiceErrorUserIneligible,Ze hebben momenteel geen toegang tot spraak
Feature.Squads.Label.UsersParty,Party van {displayName}
Feature.Squads.Label.ViewChat,Chat bekijken
Feature.Squads.Label.ViewParty,Party bekijken
Feature.Squads.Label.VoiceChats,Spraakchats
Feature.Squads.Label.VoiceErrorGeneral,Je bent niet verbonden met spraak
Feature.Squads.Label.VoiceErrorPartyNotVoiceEligible,Spraak is niet beschikbaar in deze party. Je kunt een nieuwe groep aanmaken met spraakchat en minder strenge filters.
Feature.Squads.Label.VoiceErrorUserIneligible,Je hebt momenteel geen toegang tot de spraakchat van de party
Feature.Squads.Label.Volume,
Feature.Squads.Label.WaitingForCombinedName,Wachtend tot {combinedName} meedoet
Feature.Squads.Label.WaitingForOthers,Wachtend tot anderen meedoen
Feature.Squads.Label.WillYouJoinScheduledParty,Wil je deelnemen aan de party van {displayName}?
Feature.Squads.Label.YouJoinedFriendParty,Je doet mee met de party van {combinedName}
Feature.Subscription.Action.Subscribe,
Feature.Subscription.Action.SubscribePayAnotherWay,Op een andere manier betalen
Feature.Subscription.Action.SubscribeWithCreditDebitCard,Abonneren met creditcard/betaalkaart
Feature.Subscription.Action.SubscribeWithRobloxCredit,Abonneren met Roblox-tegoed
Feature.Subscription.Error.GenericSubscribeError,Er is iets misgegaan bij het abonneren. Probeer het later opnieuw.
Feature.Subscription.Footer.PurchasePromptLegalText,"Door op ""Abonneren"" te klikken, ga je akkoord met de Gebruiksvoorwaarden. Er worden elke maand automatisch kosten in rekening gebracht en je kunt op elk moment opzeggen."
Feature.Subscription.Message.MonthlySpendRestrictionsMonthlyLimitExceed,Je hebt de maandelijkse aankooplimiet bereikt die is ingesteld in Ouderlijk toezicht. Je kunt pas volgende maand een nieuwe aankoop doen.
Feature.Subscription.Text.PerMonth,/maand
Feature.Timeout.Label.OK,
Feature.Timeout.Prompt.BodyText,"Je avatar is gereset voor {rule}. Je kunt de Marketplace nog steeds gebruiken, maar wijzigingen in je avatar worden pas opgeslagen op {time}."
Feature.Timeout.Prompt.SaveTitleText,Opslaan is voorlopig uitgeschakeld
Feature.Timeout.Prompt.TitleText,We hebben je avatar gereset
Feature.Timeout.WarningBanner.DisabledMessage,Opslaan van avatar uitgeschakeld
Feature.Timeout.WarningBanner.DisabledUntilMessage,Opslaan van avatar uitgeschakeld tot {time}
Feature.Toast.Heading.PurchaseMessage.Success,Ontgrendeld
Feature.Toast.Message.PurchaseMessage.SuccessV3,Je hebt met succes toegang ontgrendeld tot {gameName} voor {price} Robux.
Feature.Toast.NetworkingError.Forbidden,Onvoldoende rechten.
Feature.Toast.NetworkingError.NotFound,Content niet gevonden.
Feature.Toast.NetworkingError.ServiceUnavailable,
Feature.Toast.NetworkingError.SomethingIsWrong,
Feature.Toast.NetworkingError.Timeout,De tijdslimiet is bereikt. Probeer het opnieuw.
Feature.Toast.NetworkingError.TooManyRequests,De server is bezet. Probeer het later opnieuw.
Feature.Toast.NetworkingError.UnableToConnect,Kan geen verbinding maken. Probeer het later opnieuw.
Feature.Toast.NetworkingError.Unauthorized,Je bent niet meer ingelogd. Log opnieuw in.
Feature.Toast.Username.Copied,Gebruikersnaam gekopieerd naar klembord.
Feature.Toast.VoteError.AssetNotVoteable,Er mag niet op de ervaring worden gestemd.
Feature.Toast.VoteError.Default,Actie niet beschikbaar.
Feature.Toast.VoteError.FloodCheckThresholdMet,Je stemt te snel.
Feature.Toast.VoteError.PlayGame,Je moet deze ervaring bezoeken voordat je deze kunt beoordelen.
Feature.UniversalFeatureRestrictions.AbuseVector.AgeVerification.DialogBody.Suspended,Je kunt je leeftijd nu niet controleren omdat je herhaaldelijk onze Communityrichtlijnen hebt overtreden. Je kunt het opnieuw proberen nadat de beperking is afgelopen.
Feature.UniversalFeatureRestrictions.AbuseVector.AgeVerification.DialogTitle.Suspended,Leeftijdscontroles opgeschort
Feature.UniversalFeatureRestrictions.AbuseVector.RobloxKick.DialogBody.Banned,Je bent verbannen van deze game vanwege herhaalde of ernstige overtreding van de regels.
Feature.UniversalFeatureRestrictions.AbuseVector.RobloxKick.DialogBody.Suspended,Je kunt deze game niet spelen omdat je gedrag de regels heeft overtreden.
Feature.UniversalFeatureRestrictions.AbuseVector.RobloxKick.DialogTitle.Banned,Roblox heeft je van deze game verbannen
Feature.UniversalFeatureRestrictions.AbuseVector.RobloxKick.DialogTitle.Suspended.Day,Roblox heeft je deelname aan deze game 1 dag opgeschort
Feature.UniversalFeatureRestrictions.AbuseVector.RobloxKick.DialogTitle.Suspended.Days,Roblox heeft je deelname aan deze game {number} dagen opgeschort
Feature.UniversalFeatureRestrictions.AbuseVector.RobloxKick.DialogTitle.Suspended.Hour,Roblox heeft je deelname aan deze game 1 uur opgeschort
Feature.UniversalFeatureRestrictions.AbuseVector.RobloxKick.DialogTitle.Suspended.Hours,Roblox heeft je deelname aan deze game {number} uur opgeschort
Feature.UniversalFeatureRestrictions.AbuseVector.RobloxKick.DialogTitle.Suspended.Minute,Roblox heeft je deelname aan deze game 1 minuut opgeschort
Feature.UniversalFeatureRestrictions.AbuseVector.RobloxKick.DialogTitle.Suspended.Minutes,Roblox heeft je deelname aan deze game {number} minuten opgeschort
Feature.UniversalShareSheet.Action.CopiedLink,
Feature.UniversalShareSheet.InputPlaceholder.ShareMessage,Een bericht delen
Feature.UniversalShareSheet.Response.NotSharedMessage,Bericht kan niet worden verzonden
Feature.UniversalShareSheet.Response.NotSharedMultipleMessages,Berichten kunnen niet worden verzonden
Feature.UniversalShareSheet.Response.SharedCustomMessage,{CUSTOM_MESSAGE} + 1 andere
Feature.UniversalShareSheet.Response.SharedMessage,Bericht is verzonden
Feature.UniversalShareSheet.Response.SharedMultipleMessages,Berichten zijn verzonden
Feature.UniversalShareSheet.SharedCustomMultipleMessages,{CUSTOM_MESSAGE} + {N} anderen
Feature.VerificationUpsell.Action.AddPhone,Telefoonnummer toevoegen
Feature.VerificationUpsell.Action.AddPhoneNumber,
Feature.VerificationUpsell.Action.AddPhoneVoice,Telefoonnummer toevoegen voor spraakchat
Feature.VerificationUpsell.Action.ChangePhoneNumber,Telefoonnummer wijzigen
Feature.VerificationUpsell.Action.CodeResent,Code verzonden
Feature.VerificationUpsell.Action.ConfirmLeave,Verlaten bevestigen
Feature.VerificationUpsell.Action.Continue,
Feature.VerificationUpsell.Action.DontLeave,
Feature.VerificationUpsell.Action.EditPhoneNumber,Telefoonnummer bewerken
Feature.VerificationUpsell.Action.EnableVoice,Spraakchat inschakelen
Feature.VerificationUpsell.Action.Logout,Toch uitloggen
Feature.VerificationUpsell.Action.Next,
Feature.VerificationUpsell.Action.NotNow,
Feature.VerificationUpsell.Action.NotNow.2,
Feature.VerificationUpsell.Action.Ok,
Feature.VerificationUpsell.Action.Privacy,
Feature.VerificationUpsell.Action.PrivacyPolicy,
Feature.VerificationUpsell.Action.ResendCode,Code opnieuw versturen
Feature.VerificationUpsell.Action.ReturnWithVoice,Terugkeren met spraakchat ingeschakeld
Feature.VerificationUpsell.Action.SMSTerms,Sms-voorwaarden
Feature.VerificationUpsell.Action.TermsOfUse,
Feature.VerificationUpsell.Action.TurnOn,
Feature.VerificationUpsell.Description.AddPhoneBody,Je ontvangt een eenmalige verificatiecode via WhatsApp of sms. Er kunnen kosten voor berichten en data in rekening worden gebracht.
Feature.VerificationUpsell.Description.AddPhoneBodyVoice,
Feature.VerificationUpsell.Description.IDVerificationAddEmailText,Voer je e-mailadres in voordat je je leeftijd verifieert. Dit wordt je herstelmethode voor het geval je de toegang tot je account verliest.	
Feature.VerificationUpsell.Description.PhoneNumberNeverPublic,
Feature.VerificationUpsell.Description.RecoverAccountEasily,Voeg een telefoonnummer toe om je account eenvoudig te herstellen als je ooit je wachtwoord vergeet. Je telefoonnummer wordt nooit openbaar weergegeven.
Feature.VerificationUpsell.Description.ShortCodeLegalDisclaimerUA,"Door op 'Doorgaan' te klikken, zend je je telefoonnummer in en ga je akkoord met onze Gebruiksvoorwaarden voor sms en ons Privacybeleid. We sturen je een eenmalige verificatiecode. Er kunnen bericht- en datakosten in rekening worden gebracht. Antwoord met HELP als je hulp nodig hebt."
Feature.VerificationUpsell.Description.UnlockVoiceChatBody,Voeg een telefoonnummer toe om spraakchat in te schakelen. Je telefoonnummer wordt nooit openbaar weergegeven.
Feature.VerificationUpsell.Description.VerificationCodeSmsFeesMayApply,
Feature.VerificationUpsell.Description.VoiceLegalConsent,"Ik geef Roblox toestemming om mijn spraakopnamen te verzamelen, te gebruiken en op te slaan om spraakdiensten in te schakelen en voor moderatie, veiligheid en de verbetering van de diensten en tools van Roblox."
Feature.VerificationUpsell.Description.VoiceLegalConsent2,
Feature.VerificationUpsell.Description.VoiceLegalDisclaimer,"Door 'Spraakchat inschakelen' te selecteren, geef ik Roblox toestemming om mijn spraakopname te verzamelen, te gebruiken en op te slaan om spraakdiensten mogelijk te maken en voor de moderatie, veiligheid en verbetering van de diensten en tools van Roblox."
Feature.VerificationUpsell.Description.VoiceLegalDisclaimer2,"Door '{buttonText}' te selecteren, geef ik Roblox toestemming om mijn spraakopnamen te verzamelen, te gebruiken en op te slaan om spraakdiensten in te schakelen en voor moderatie, veiligheid en de verbetering van de diensten en tools van Roblox."
Feature.VerificationUpsell.Description.VoiceLegalDisclaimer3,"Door 'Verifiëren' te selecteren, geef ik Roblox toestemming om mijn spraakopname te verzamelen, te gebruiken en op te slaan om spraakdiensten mogelijk te maken en voor de moderatie, veiligheid en verbetering van de diensten en tools van Roblox."
Feature.VerificationUpsell.Heading.AddEmail,Verifieer eerst je account
Feature.VerificationUpsell.Heading.DontLoseAccess,Verlies de toegang tot je account niet
Feature.VerificationUpsell.Heading.PhoneNumberVerified,Telefoonnummer geverifieerd!
Feature.VerificationUpsell.Heading.TryVoiceChat,Spraakchat proberen
Feature.VerificationUpsell.Heading.UnlockVoiceChat,Spraakchat ontgrendelen
Feature.VerificationUpsell.Heading.VerificationCode,Verificatiecode
Feature.VerificationUpsell.Heading.VerifiedSuccessfully.V2,Geverifieerd!
Feature.VerificationUpsell.Heading.VerifyYourPhone,Je telefoon verifiëren
Feature.VerificationUpsell.Heading.VoiceChatEnabledMobile,Spraakchat ingeschakeld! Probeer het nu in een ervaring.
Feature.VerificationUpsell.Heading.VoiceChatError,Telefoon toegevoegd! Schakel spraakchat in via Instellingen > Privacy > Microfoon- en camera-invoer.
Feature.VerificationUpsell.Heading.VoiceChatJoinFailed,Kan nu niet deelnemen aan spraakchat. Probeer het opnieuw
Feature.VerificationUpsell.Heading.VoiceChatTurnedOn,Spraakchat is ingeschakeld
Feature.VerificationUpsell.Label.EnterCode,Voer de code in die we zojuist hebben gestuurd naar {phoneNumber}
Feature.VerificationUpsell.Label.PhoneNumber,Telefoonnummer
Feature.VerificationUpsell.Label.SixDigitCode,6-cijferige code
Feature.VerificationUpsell.Label.Verifying,Wordt geverifieerd...
Feature.VerificationUpsell.Message.InvalidSmsCode,De code is ongeldig.
Feature.VerificationUpsell.Response.ErrorPhoneFormatInvalid,Dit telefoonnummerformaat is ongeldig. Controleer dit en probeer het opnieuw.
Feature.VerificationUpsell.Response.ErrorTryAgain,
Feature.VerificationUpsell.Response.InvalidPhoneNumberError,Dit telefoonnummer kan niet worden gebruikt. Voer een ander telefoonnummer in.
Feature.VerificationUpsell.Response.PhoneHasTooManyAssociatedAccounts,Je hebt het maximale aantal accounts bereikt dat aan één telefoonnummer kan worden gekoppeld.
Feature.VerificationUpsell.Response.TooManyAttemptsTryAgainLater,
Feature.VirtualEvents.AttendanceBeforeEvent,
Feature.VirtualEvents.AttendanceDuringEvent,Nu aanwezig
Feature.VirtualEvents.DescriptionLabel,
Feature.VirtualEvents.EnableNotificationsModalBody,"Ontvang updates over evenementen, zelfs als je niet op Roblox zit."
Feature.VirtualEvents.EnableNotificationsModalTitle,Pushmeldingen voor evenementen
Feature.VirtualEvents.EventCancelledText,Dit evenement is geannuleerd.
Feature.VirtualEvents.EventNotFound,Evenement niet gevonden
Feature.VirtualEvents.EventsListTitle,Evenementen
Feature.VirtualEvents.GetNotifiedButton,
Feature.VirtualEvents.GoHome,Ga naar Startpagina
Feature.VirtualEvents.HostedByLabel,Georganiseerd door
Feature.VirtualEvents.Join,
Feature.VirtualEvents.JoinEvent,Deelnemen aan evenement
Feature.VirtualEvents.Label.Challenge,Uitdaging
Feature.VirtualEvents.Label.DateAtTime,{date} om {time}
Feature.VirtualEvents.Label.EarlyAccess,Early access
Feature.VirtualEvents.Label.Ended,Beëindigd
Feature.VirtualEvents.Label.Expansion,Uitbreiding
Feature.VirtualEvents.Label.Festival,Festival
Feature.VirtualEvents.Label.HappeningNow,Nu bezig
Feature.VirtualEvents.Label.InDays,Over {number} dagen
Feature.VirtualEvents.Label.ItemDrop,Itemdrop
Feature.VirtualEvents.Label.MoreLevels,Meer levels
Feature.VirtualEvents.Label.NewContent,Nieuwe content
Feature.VirtualEvents.Label.NewFeature,Nieuwe functie
Feature.VirtualEvents.Label.NewLocation,Nieuwe locatie
Feature.VirtualEvents.Label.NewMap,Nieuwe kaart
Feature.VirtualEvents.Label.NewSeason,Nieuw seizoen
Feature.VirtualEvents.Label.Quest,Zoektocht
Feature.VirtualEvents.Label.Rating,Beoordeling van {rating}%
Feature.VirtualEvents.Label.ReminderSetForEventTime,De herinnering voor {eventName} is ingesteld voor {eventTime}.
Feature.VirtualEvents.Label.StartsInHours,Over {number} uur
Feature.VirtualEvents.Label.StartsInMinutes,Over {number} min
Feature.VirtualEvents.Label.StartsInOneDay,Over 1 dag
Feature.VirtualEvents.Label.StartsInOneHour,Over 1 uur
Feature.VirtualEvents.Label.StartsNow,Begint nu
Feature.VirtualEvents.NotNowButton,
Feature.VirtualEvents.NotifyMe,
Feature.VirtualEvents.ShareModalBody,Kopieer de onderstaande evenementlink om mensen uit te nodigen voor dit evenement of deel het evenement in de chat.
Feature.VirtualEvents.ShareModalCallToAction,Delen via chat ...
Feature.VirtualEvents.ShareModalLinkCopy,
Feature.VirtualEvents.ShareModalTitle,Dit evenement delen
Feature.VirtualEvents.UnfollowEvent,Evenement ontvolgen
Features.OnDemandAds.Get_Reward_In,Beloning krijgen in
Features.OnDemandAds.Reward_Earned,Beloning verdiend
Features.Transfers.Action.BuyRobux,
Features.Transfers.Action.Continue,
Features.Transfers.Action.Ok,
Features.Transfers.Action.TurnOnTwoStepVerification,Tweestapsverificatie inschakelen
Features.Transfers.Action.VPC.Ask,
Features.Transfers.Action.VPC.AskParentBodyReceive,"Om Robux te accepteren, heb je ouderlijke toestemming nodig."
Features.Transfers.Action.VPC.AskParentBodySend,"Om Robux te sturen, heb je ouderlijke toestemming nodig."
Features.Transfers.Action.VPC.AskParentTitle,
Features.Transfers.Body.DailyLimitExceededError,Je hebt je dagelijkse limiet voor het verzenden van Robux overschreden. Kom later terug om het opnieuw te proberen.
Features.Transfers.Body.DailyLimitTwoStepVerificationUpsell,Je hebt je dagelijkse limiet voor het sturen van Robux bereikt. Schakel tweestapsverificatie in om te controleren of je in aanmerking komt voor een hogere limiet.
Features.Transfers.Body.ExpiredTransferError,Vanwege inactiviteit zijn de Robux die zijn verzonden vanaf @{username} verlopen.
Features.Transfers.Body.GenericReceiveError,Je account kan momenteel geen Robux accepteren.
Features.Transfers.Body.GenericSentError,Er is iets misgegaan en de Robux zijn niet verzonden. Controleer je verbinding en probeer het opnieuw.
Features.Transfers.Body.MonthlyLimitExceededError,Je hebt je maandelijkse limiet voor het verzenden van Robux overschreden. Kom later terug om het opnieuw te proberen.
Features.Transfers.Body.MonthlyLimitTwoStepVerificationUpsell,Je hebt je maandelijkse limiet voor het sturen van Robux bereikt. Schakel tweestapsverificatie in om te controleren of je in aanmerking komt voor een hogere limiet.
Features.Transfers.Body.ReceiverLimitHitError,Deze gebruiker kan dit bedrag nu niet ontvangen. Probeer minder te sturen of probeer het later opnieuw.
Features.Transfers.Body.TransferAmountBelowMinimumError,Stuur {minAmount} of meer Robux.
Features.Transfers.Body.TransferAmountExceedsMaximumError,Je kunt maximaal {maxAmount} Robux sturen.
Features.Transfers.Body.UnableReceiveRobuxError,
Features.Transfers.Body.UnableSendRobuxError,Je account kan momenteel geen Robux sturen.
Features.Transfers.Error.GreaterThanMaxAmount,Je kunt maximaal {amount} Robux sturen.
Features.Transfers.Error.InsufficientBalance,Koop {amount} Robux om deze transactie te voltooien.
Features.Transfers.Error.LowerThanMinAmount,Stuur {amount} of meer Robux.
Features.Transfers.Label.ConnectedDays,{amount} dagen verbonden
Features.Transfers.Label.ConnectedDaysSingular,{amount} dag verbonden
Features.Transfers.Label.ConnectedMonths,{amount} maanden verbonden
Features.Transfers.Label.ConnectedMonthsSingular,{amount} maand verbonden
Features.Transfers.Label.ConnectedSince,{year} jaar verbonden
Features.Transfers.Notification.ReceiveSuccess,Je hebt de Robux al geaccepteerd
Features.Transfers.RobuxTransfer.Action.Edit,
Features.Transfers.RobuxTransfer.Action.Next,
Features.Transfers.RobuxTransfer.Action.Send,
Features.Transfers.RobuxTransfer.Action.TryAgain,
Features.Transfers.RobuxTransfer.Disclaimer.AgeEstimationTransfer,"Je hebt een leeftijdscontrole of ouderlijke toestemming nodig om Robux te sturen. Zodra je ze hebt verzonden, kun je ze niet meer annuleren."
Features.Transfers.RobuxTransfer.Error.ReceiverNotAllowed,@{username} kan op dit moment geen Robux ontvangen.
Features.Transfers.RobuxTransfer.Heading.SendRobux,Robux sturen
Features.Transfers.RobuxTransfer.Label.JoinedInYear,
Features.Transfers.RobuxTransfer.Label.MutualConnection,{amount} gemeenschappelijke vrienden
Features.Transfers.RobuxTransfer.Label.MutualConnectionSingular,{amount} gemeenschappelijke vriend
Features.Transfers.RobuxTransfer.Label.NewConnection,
Features.Transfers.RobuxTransfer.Label.RecipientWillGet,De ontvanger krijgt {amount} Robux na aftrek van kosten.
Features.Transfers.RobuxTransfer.Label.RecipientWillGetInApp,De ontvanger krijgt {amount} Robux.
Features.Transfers.RobuxTransfer.Label.RecipientWillGetInGame,De ontvanger krijgt {amount} Robux na aftrek van kosten. Overdrachten in de game zijn inclusief {commissionPercentage}% vergoeding voor de creator.
Features.Transfers.RobuxTransfer.SentInstantNoFee,Robux wordt direct en kosteloos verzonden
Features.Transfers.RobuxTransfers.Label.SuccessNotification,Je hebt {amount} Robux gestuurd
Features.Transfers.Title.UpsellSubscription,
Features.Transfers.Transfer.Block.RequireReceiverFAE,"Laten we je leeftijd controleren, zodat je Robux kunt accepteren"
Features.Transfers.Transfer.Block.RequireSenderFAE,"Laten we je leeftijd controleren, zodat je Robux kunt sturen"
Features.Transfers.Transfer.Body.RequireFAE,Dit maakt het sturen en ontvangen van Robux voor iedereen veilig.
Features.Transfers.Transfers.Label.ReceivedNotification,Je hebt {amount} Robux ontvangen
IAPExperience.BuyRobux.Alert.SuccessfulMessage,Je aankoop van Robux is geslaagd!
IAPExperience.BuyRobux.Banner.Text,Met Robux kun je upgrades voor je avatar kopen of speciale vaardigheden kopen in ervaringen
IAPExperience.BuyRobux.Banner.Title,Robux ontdekken
IAPExperience.BuyRobux.Text.MoreRobux2,{robux} meer Robux
IAPExperience.InsufficientRobux.Action.BuyRobux,
IAPExperience.InsufficientRobux.Action.Cancel,
IAPExperience.InsufficientRobux.Action.RobuxStore,Ga naar de Robux-winkel
IAPExperience.InsufficientRobux.Text.BuyRobux,Koop {robux} om dit item te kopen
IAPExperience.InsufficientRobux.Text.CurrentBalance,
IAPExperience.InsufficientRobux.Text.DontHaveEnough,
IAPExperience.InsufficientRobux.Text.MissingRobux,
IAPExperience.InsufficientRobux.Text.YouNeed,Je hebt nog {robux} nodig. Koop meer Robuxbundels en kom dan terug naar de ervaring.
IAPExperience.InsufficientRobux.Title.InsufficientRobux,
IAPExperience.LeaveRoblox.Action.Cancel,
IAPExperience.LeaveRoblox.Action.Continue,
IAPExperience.LeaveRoblox.Text.ExternalWebsiteWarning,"Door op 'Doorgaan' te klikken, word je doorgestuurd naar een website die geen eigendom is van Roblox en niet door Roblox wordt beheerd. Deze website kan andere voorwaarden en een ander privacybeleid hebben."
IAPExperience.LeaveRoblox.Title.LeavingRoblox,Roblox verlaten
IAPExperience.Loading.Text.PurchasingItem,Bezig met het aankopen van item ...
IAPExperience.Loading.Text.PurchasingRobux,Bezig met het aankopen van Robux ...
IAPExperience.Loading.Text.WaitingForPurchase,Wachten op aankoop ...
IAPExperience.Loading.Text.WaitingForRobux,Wachten op toekenning van Robux ...
IAPExperience.PremiumUpsell.Action.Subscribe,
IAPExperience.PremiumUpsell.Body.RobuxDiscount,10% bonus bij aankoop van Robux
IAPExperience.PremiumUpsell.Label.AvatarShopBenefits,Toegang tot exclusieve en afgeprijsde items in de avatarwinkel
IAPExperience.PremiumUpsell.Label.Disclosure,Abonneer je voor <b>{currencySymbol}{price}/maand. Annuleren kan op elk gewenst moment.</b> De Gebruiksvoorwaarden en het Privacybeleid van Roblox zijn van toepassing.
IAPExperience.PremiumUpsell.Label.PremiumBenefitListDesc,Met Roblox Premium krijg je:
IAPExperience.PremiumUpsell.Label.PremiumOnlyBenefits,Toegang tot voordelen die alleen voor Premium gelden
IAPExperience.PremiumUpsell.Label.PremiumPolicy,Wordt maandelijks verlengd. Annuleren kan op elk gewenst moment.
IAPExperience.PremiumUpsell.Label.PremiumPrice,<b>{currencySymbol}{price}</b>/maand
IAPExperience.PremiumUpsell.Label.RobloxPremium,Roblox Premium
IAPExperience.PremiumUpsell.Label.RobuxPerMonth,{robux} per maand
IAPExperience.PremiumUpsell.Label.ShortDisclosure,De Gebruiksvoorwaarden en het Privacybeleid van Roblox zijn van toepassing.
IAPExperience.PurchaseError.AlreadyPremium,"Het lijkt erop dat de ontwikkelaar je probeert te vragen om Roblox Premium te kopen, maar je bent al een Premium-lid!"
IAPExperience.PurchaseError.Text.AlreadyOwn,
IAPExperience.PurchaseError.Text.AlreadySubscribed,Je kunt je abonnement beheren via Instellingen > Abonnementen.
IAPExperience.PurchaseError.Text.EconomicRestrictionsDays,Je kunt deze aankoop niet doen vanwege een overtreding: {violation}. Probeer het over {day} dagen opnieuw.
IAPExperience.PurchaseError.Text.EconomicRestrictionsDaysGeneral,Je kunt deze actie niet uitvoeren vanwege een overtreding: {violation}. Je kunt het over {day} dagen opnieuw proberen.
IAPExperience.PurchaseError.Text.EconomicRestrictionsHours,Je kunt deze aankoop niet doen vanwege een overtreding: {violation}. Probeer het over {hour} uur opnieuw.
IAPExperience.PurchaseError.Text.EconomicRestrictionsHoursGeneral,Je kunt deze actie niet uitvoeren vanwege een overtreding: {violation}. Je kunt het over {hour} uur opnieuw proberen.
IAPExperience.PurchaseError.Text.FailedGrant,"Je betaling is ontvangen, maar je hebt je Robux nog niet ontvangen. Probeer het later opnieuw."
IAPExperience.PurchaseError.Text.FailedGrantUnknown,Je aankoop van het item is niet gelukt en er zijn geen Robux afgeschreven van je account. Probeer het opnieuw.
IAPExperience.PurchaseError.Text.FailedRobuxPurchase,Je aankoop is niet gelukt en er zijn geen kosten in rekening gebracht. Probeer het opnieuw.
IAPExperience.PurchaseError.Text.Limited,Er zijn geen exemplaren meer van dit beperkte item. Er zijn geen kosten in rekening gebracht op je account.
IAPExperience.PurchaseError.Text.NotEnoughRobux,Dit item kost meer Robux dan je momenteel kunt kopen. Verlaat deze ervaring en ga naar het Robux-scherm om meer te kopen.
IAPExperience.PurchaseError.Text.NotForSale,
IAPExperience.PurchaseError.Text.NotForSaleExperience,
IAPExperience.PurchaseError.Text.Ok,
IAPExperience.PurchaseError.Text.ParentalLimit,"Je transactie kan niet worden voltooid vanwege de maandelijkse aankooplimiet die is ingesteld door de ouder van de accounteigenaar. Je kunt pas volgende maand een nieuwe aankoop doen, tenzij de instellingen voor ouderlijk toezicht worden gewijzigd."
IAPExperience.PurchaseError.Text.ParentalRestrictionSubscription,Abonnementen zijn niet beschikbaar voor accounts met maandelijkse uitgavebeperkingen
IAPExperience.PurchaseError.Text.PremiumOnly,
IAPExperience.PurchaseError.Text.PremiumPlatformUnavailable,Het kopen van Roblox Premium wordt niet ondersteund op je platform. Gebruik je desktop om Premium te kopen.
IAPExperience.PurchaseError.Text.PurchaseLimit,"Je transactie kan niet worden voltooid omdat je een aankooplimiet hebt bereikt. Probeer je transactie over 24-72 uur opnieuw. Als dat niet lukt, moet je mogelijk tot volgende maand wachten om een nieuwe aankoop te doen. Aankooplimieten kunnen niet gewijzigd of verwijderd worden."
IAPExperience.PurchaseError.Text.RestrictedUser,Je hebt geen toegang tot content in deze ervaring.
IAPExperience.PurchaseError.Text.SubscriptionNotForSale,Dit abonnement kan op dit moment niet worden gekocht
IAPExperience.PurchaseError.Text.SubscriptionUnsupportedLocale,Dit abonnement is momenteel niet beschikbaar in jouw land
IAPExperience.PurchaseError.Text.SubscriptionUnsupportedPlatform,Dit abonnement kan hier niet worden gekocht
IAPExperience.PurchaseError.Text.ThirdPartyDisabled,
IAPExperience.PurchaseError.Text.Under13,
IAPExperience.PurchaseError.Text.UnknownError,
IAPExperience.PurchaseError.Text.VpcRequired,"Je kunt je abonneren via de pagina Passen en abonnementen of de Winkelpagina van deze ervaring, met hulp van een ouder."
IAPExperience.PurchaseError.Title.AlreadySubscribed,Al geabonneerd
IAPExperience.PurchaseError.Title.CantSubscribe,Abonneren niet mogelijk
IAPExperience.PurchaseError.Title.Error,
IAPExperience.PurchaseError.Title.RobuxPurchaseFailed,Kan Robux niet kopen
IAPExperience.PurchasePrompt.Action.Buy,
IAPExperience.PurchasePrompt.Action.Cancel,
IAPExperience.PurchasePrompt.Body.PurchaseCompleted,Je hebt {ITEM_NAME} gekocht.
IAPExperience.PurchasePrompt.Body.PurchaseItemsSuccess,Je hebt je items gekocht.
IAPExperience.PurchasePrompt.BuyRobuxAndExperience,Robux en ervaring kopen
IAPExperience.PurchasePrompt.BuyRobuxAndSubscription,Robux en abonnement kopen
IAPExperience.PurchasePrompt.Header.BuyAvatar,
IAPExperience.PurchasePrompt.Header.BuyRobuxAndAvatar,Robux en avatar kopen
IAPExperience.PurchasePrompt.Label.BlackbirdDiscount,Plus-voordeel ({discountPercentage}% korting)
IAPExperience.PurchasePrompt.Label.BlackbirdDiscountEligibleItems,Plus-voordeel ({discountPercentage}% korting op in aanmerking komende artikelen)
IAPExperience.PurchasePrompt.Label.BlackbirdDiscountNoPercent,Plus-voordeel
IAPExperience.PurchasePrompt.Label.BlackbirdSummary,Met Plus bespaar je {robuxIcon} {savingsAmount}
IAPExperience.PurchasePrompt.Label.GenericDiscount,Korting ({discountPercentage}% korting)
IAPExperience.PurchasePrompt.Label.GenericDiscountNoPercent,Korting
IAPExperience.PurchasePrompt.Label.Subtotal,Subtotaal
IAPExperience.PurchasePrompt.Label.SubtotalWithItemCount,Subtotaal ({itemCount} items)
IAPExperience.PurchasePrompt.Label.Total,
IAPExperience.PurchasePrompt.Label.TotalPriceV2,Totaalprijs
IAPExperience.PurchasePrompt.Text.BuyItemQuestion,Wil je '{name}' kopen?
IAPExperience.PurchasePrompt.Text.BuyItemQuestionIncludingWarning,Speel met mate en geef verantwoord geld uit. Wil je '{name}' kopen?
IAPExperience.PurchasePrompt.Text.Loading,Bezig met laden ...
IAPExperience.PurchasePrompt.Text.RemainingBalance,Je saldo na deze transactie is
IAPExperience.PurchasePrompt.Text.RemainingBalanceV2,Je saldo na deze transactie is {robux}
IAPExperience.PurchasePrompt.Text.TestPurchase,Dit is een testaankoop. Er worden geen kosten in rekening gebracht op je rekening.
IAPExperience.PurchasePrompt.Title.BuyExperience,Ervaring kopen
IAPExperience.PurchasePrompt.Title.BuyGamepass,Gamepass kopen
IAPExperience.PurchasePrompt.Title.BuyItem,
IAPExperience.PurchasePrompt.Title.BuyItemV2,
IAPExperience.PurchasePrompt.Title.BuyItems,
IAPExperience.PurchasePrompt.Title.BuyRobuxAndItem,Robux en item kopen
IAPExperience.PurchasePrompt.Title.BuyRobuxAndItems,Robux en items kopen
IAPExperience.PurchasePrompt.Title.BuyRobuxOnly,
IAPExperience.PurchasePrompt.Title.PurchaseCompleted,
IAPExperience.PurchaseSuccess.Action.BackToGame,Terug naar de game
IAPExperience.PurchaseSuccess.Action.BackToShop,Terug naar Winkelen
IAPExperience.PurchaseSuccess.Action.Equip,Mijn avatar gebruiken
IAPExperience.PurchaseSuccess.Text.BalanceNow,Je saldo is nu {robux}.
IAPExperience.PurchaseSuccess.Text.YouOwn,Nu bezit je {name}!
IAPExperience.PurchaseSuccess.Title.PurchaseSucceeded,Aankoop geslaagd
IAPExperience.RobuxUpsell.Action.BuyRobux,
IAPExperience.RobuxUpsell.Action.BuyRobuxAndItem,
IAPExperience.RobuxUpsell.Action.Cancel,
IAPExperience.RobuxUpsell.Action.GetPercentOff,Krijg {discountPercentage}% korting
IAPExperience.RobuxUpsell.Text.AdditionalRobux,Je hebt nog {robux} nodig.
IAPExperience.RobuxUpsell.Text.BestValue,Beste waar voor je geld
IAPExperience.RobuxUpsell.Text.BetterValue,Beter waar voor je geld
IAPExperience.RobuxUpsell.Text.Bonus,Bonus
IAPExperience.RobuxUpsell.Text.BonusBannerInfo,"Bij aankopen via computer, internet en cadeaubonnen krijg je bij elke aankoop tot 25% meer Robux"
IAPExperience.RobuxUpsell.Text.BonusBannerV1,🎉 Bonus {robux} inbegrepen voor aankopen op je computer!
IAPExperience.RobuxUpsell.Text.BuyRobuxQuestion,Wil je kopen
IAPExperience.RobuxUpsell.Text.DisclosurePayment,Er worden kosten in rekening gebracht op je betaalmethode.
IAPExperience.RobuxUpsell.Text.DisclosureTerms,De Gebruiksvoorwaarden van Roblox zijn van toepassing.
IAPExperience.RobuxUpsell.Text.DisclosureTermsURL,De {termsofuse} van Roblox zijn van toepassing.
IAPExperience.RobuxUpsell.Text.ForYou,Voor jou
IAPExperience.RobuxUpsell.Text.LastPurchased,Laatst gekocht
IAPExperience.RobuxUpsell.Text.Loading,
IAPExperience.RobuxUpsell.Text.MoreRobux,"Meer Robux, dezelfde prijs"
IAPExperience.RobuxUpsell.Text.NeedMoreRobux,Je hebt meer Robux nodig
IAPExperience.RobuxUpsell.Text.PopularItem,
IAPExperience.RobuxUpsell.Text.PurchaseNotAvailableOnHeadSet,Het kopen van Robux wordt nog niet ondersteund op hoofdtelefoon-apparaten. Probeer het op een ander apparaat.
IAPExperience.RobuxUpsell.Text.RemainingBalance,De resterende {robux} worden bijgeschreven op je saldo.
IAPExperience.RobuxUpsell.Text.TermsOfUse,
IAPExperience.RobuxUpsell.Text.VNGDisclosureTerms,De Gebruiksvoorwaarden van Roblox-VNG zijn van toepassing.
IAPExperience.RobuxUpsell.Text.VNGDisclosureTermsURL,De {termsofuse} van Roblox-VNG zijn van toepassing.
IAPExperience.RobuxUpsell.Text.WouldYouBuy,Wil je een {robux}-bundel kopen?
IAPExperience.RobuxUpsell.Title.InsufficientFunds,
IAPExperience.RobuxUpsell.Title.InsufficientRobux,
IAPExperience.SubscriptionPurchasePrompt.Label.GetSubscription,Abonnement nemen
IAPExperience.SubscriptionPurchasePrompt.Label.TestFlowDisclaimer,Dit dialoogvenster is een voorbeeld. Het geeft weer hoe je gebruikers de beschrijving van je abonnement zullen zien. Er worden geen kosten in rekening gebracht als je op Abonneren klikt.
IAPExperience.U13Confirm.Action.Cancel,
IAPExperience.U13Confirm.Action.Confirm,
IAPExperience.U13Confirm.Text.ParentalConsentWarningPaymentModal13To17,Ik bevestig dat ik de ouder of wettelijke voogd ben van de accounteigenaar. Ik geef toestemming voor deze aankoop en ga akkoord met de Gebruiksvoorwaarden.
IAPExperience.U13Confirm.Text.U13MonthlyThreshold1Modal,
IAPExperience.U13Confirm.Text.U13MonthlyThreshold2Modal,
IAPExperience.U13Confirm.Text.U13PaymentModal,Bij deze aankoop wordt echt geld uitgewisseld. Ik bevestig dat ik ten minste 18 jaar oud ben en de ouder of wettelijke voogd ben van de accounteigenaar. Ik geef toestemming voor deze aankoop en ga akkoord met de Gebruiksvoorwaarden.
IAPExperience.U13Confirm.Title.Warning,Waarschuwing!
InGame.Chat.ErrorMessageAnimationPlaying,Je kunt tijdens deze actie geen emotes spelen.
InGame.Chat.ErrorMessageSwitchToR15,Schakel over naar je R15-avatar om een emote af te spelen.
InGame.Chat.Label.From,Van
InGame.Chat.Label.SystemMessagePrefix,
InGame.Chat.Label.TeamMessagePrefix,
InGame.Chat.Label.To,
InGame.Chat.Response.EmoteNotAvailable,Je kunt die emote niet gebruiken.
InGame.Chat.Response.EmotesNotSupported,Je kunt hier geen emotes gebruiken.
InGame.Chat.Response.EmotesTemporarilyUnavailable,Je kunt nu geen emotes gebruiken.
InGame.Chat.Response.EmotesWrongAvatarType,Alleen R15-avatars kunnen Emotes gebruiken.
InGame.CommonUI.Badge.Popup.LearnMoreLink,
InGame.CommonUI.Button.KeepPlaying,Blijf spelen
InGame.CommonUI.Button.Ok,
InGame.CommonUI.Button.Retry,
InGame.CommonUI.Label.Custom,
InGame.CommonUI.Label.CustomOld,Aangepast oud
InGame.CommonUI.Label.Default,
InGame.CommonUI.Label.MicOff,Microfoon uit
InGame.CommonUI.Label.MicOnRecording,Microfoon aan (audio wordt opgenomen)
InGame.CommonUI.Label.Off,
InGame.CommonUI.Label.On,
InGame.CommonUI.Label.PossiblyCustom,Mogelijk aangepast
InGame.CommonUI.Label.ReturnFallback,Terug naar vorige ervaring
InGame.CommonUI.Label.ReturnTo,Terug naar '{placeName}'
InGame.CommonUI.Message.LuobuGameJoinWarning,Imiteer geen gevaarlijk gedrag in een spel. Meld misbruik proactief als je negatief gedrag tegenkomt.
InGame.CommonUI.Title.Error,
InGame.CommonUI.Title.Warning,Waarschuwing
InGame.ConnectionError.Action.Continue,
InGame.ConnectionError.Action.JoinNewServer,Verbinding maken met nieuwe server
InGame.ConnectionError.Action.JoinTheLine,In de wachtrij staan
InGame.ConnectionError.Action.Ok,
InGame.ConnectionError.Action.Restart,Opnieuw opstarten
InGame.ConnectionError.Action.ViewCollaborators,Bekijk bijdragers
InGame.ConnectionError.AndroidAnticheatKick,Roblox heeft ontdekt dat er bestanden ontbreken of beschadigd zijn. Maak de installatie van Roblox ongedaan en installeer het opnieuw vanuit een officiële app store.
InGame.ConnectionError.AndroidEmulatorKick,We staan geen emulators toe voor accounts zonder bewerkingsrechten voor plaatsen. Gebruik je geen emulator? Neem dan contact op met de klantenservice met deze foutcode om ons dit te laten weten.
InGame.ConnectionError.Button.Reconnect,Opnieuw verbinden
InGame.ConnectionError.Button.ReconnectNow,Nu opnieuw verbinden
InGame.ConnectionError.ConnectErrors,Kan geen verbinding maken met de ervaring. Probeer het opnieuw.
InGame.ConnectionError.ConnectionBanned,Kan geen verbinding maken met de ervaring. Verbannen van deze ervaring.
InGame.ConnectionError.ConnectionFailedRobloxVersion,Kan geen verbinding maken met de ervaring. De Roblox-versie is verouderd. Update en probeer het opnieuw.
InGame.ConnectionError.ConnectionFailedWaitAndTry,Kan geen verbinding maken met de ervaring. Wacht even en probeer het opnieuw.
InGame.ConnectionError.CreatorBanDaysPlural,{RBX_TIME_DAYS} dagen
InGame.ConnectionError.CreatorBanDaysSingular,
InGame.ConnectionError.CreatorBanHoursPlural,{RBX_TIME_HOURS} uur
InGame.ConnectionError.CreatorBanHoursSingular,
InGame.ConnectionError.CreatorBanMessage,"Moderatiebericht:

{RBX_STR}"
InGame.ConnectionError.CreatorBanMinutesPlural,{RBX_TIME_MINUTES} minuten
InGame.ConnectionError.CreatorBanMinutesSingular,
InGame.ConnectionError.CreatorBanNoTime,Je bent geblokkeerd door deze ervaring of de moderators ervan.
InGame.ConnectionError.CreatorBanWithTime,Je bent geblokkeerd door deze ervaring of door de moderators ervan voor {RBX_TIME_REMAINING}.
InGame.ConnectionError.Description.AgeCheckRequired,Voltooi een leeftijdscontrole om te zien of je dit spel kunt spelen.
InGame.ConnectionError.Description.CollaborationRequiresTrustedFriends,"Alle bijdragers hebben een vertrouwensrelatie nodig om dit spel te playtesten.

Voeg vertrouwde vrienden toe om door te gaan met playtesten."
InGame.ConnectionError.Description.DontWantToWait,Wil je niet wachten?
InGame.ConnectionError.Description.FriendsServerIsFullJoiningNewServer,Deze server is vol. Verbinding maken met een nieuwe server...
InGame.ConnectionError.Description.FriendsServerIsFullWaitingToJoin,Deze server is vol. Wachten om verbinding te maken...
InGame.ConnectionError.Description.LockedByAge,Op basis van je leeftijd heb je geen toegang tot dit spel.
InGame.ConnectionError.Description.ParentalApprovalRequired,Vraag een ouder om dit spel voor je te ontgrendelen.
InGame.ConnectionError.Description.VipOwnerNotPresent,Je kunt meedoen zodra de host op deze privéserver is.
InGame.ConnectionError.Description.WantToJoinYourFriend,Wil je meedoen?
InGame.ConnectionError.DisconnectBadhash,De verbinding is verbroken vanwege een fout.
InGame.ConnectionError.DisconnectBlockedConnection,De verbinding met de ervaring is verbroken. De verbinding is geblokkeerd.
InGame.ConnectionError.DisconnectClientFailure,De verbinding met de ervaring is verbroken. Er is een fatale fout opgetreden.
InGame.ConnectionError.DisconnectClientRequest,De client heeft de verbinding verbroken.
InGame.ConnectionError.DisconnectCloudEditKick,Verbinding met Team Create verbroken. Maak opnieuw verbinding. 
InGame.ConnectionError.DisconnectCollaboratorPermissionRevoked,De verbinding met de ervaring is verbroken. De eigenaar heeft de TeamCreate-toestemming herroepen.
InGame.ConnectionError.DisconnectCollaboratorUnderage,De verbinding met de ervaring is verbroken. De TeamCreate-toestemming is ingetrokken vanwege een wijziging in de leeftijdsaanbeveling voor de ervaring.
InGame.ConnectionError.DisconnectConnectionLost,Controleer je internetverbinding en probeer het opnieuw.
InGame.ConnectionError.DisconnectDevMaintenance,De ontwikkelaar van de ervaring heeft de ervaringsserver tijdelijk gedeactiveerd. Probeer het opnieuw.
InGame.ConnectionError.DisconnectDuplicatePlayer,Hetzelfde account heeft de ervaring op een ander apparaat gestart. Laat de ervaring op het andere apparaat open en probeer het opnieuw.
InGame.ConnectionError.DisconnectDuplicateTicket,De verbinding is verbroken vanwege een fout. Meerdere verbindingen zijn gedetecteerd vanaf hetzelfde account.
InGame.ConnectionError.DisconnectErrors,De verbinding is verbroken vanwege een onbekende fout. Maak opnieuw verbinding.
InGame.ConnectionError.DisconnectEvicted,Hetzelfde account heeft de ervaring op een ander apparaat gestart. Maak opnieuw verbinding als je dit apparaat wilt gebruiken.
InGame.ConnectionError.DisconnectHashTimeout,Je verbinding is onderbroken. Controleer je internetverbinding en probeer het opnieuw.
InGame.ConnectionError.DisconnectIdle,Je verbinding is verbroken omdat je {RBX_NUM} minuten inactief was
InGame.ConnectionError.DisconnectIllegalTeleport,De verbinding is verbroken vanwege een ongeldige teleport. 
InGame.ConnectionError.DisconnectLuaKick,Je bent verwijderd door deze ervaring of de moderators ervan.
InGame.ConnectionError.DisconnectLuaKickWithMessage,"Je bent verwijderd door deze ervaring of door de moderators ervan. Moderatiebericht:

{RBX_STR}"
InGame.ConnectionError.DisconnectNewSecurityKeyMismatch,
InGame.ConnectionError.DisconnectOnRemoteSysStats,Je bent verwijderd vanwege onverwacht gedrag van de client.
InGame.ConnectionError.DisconnectOutOfMemoryKeepPlayingLeave,"Het geheugen van je apparaat is bijna vol. Als je nu afsluit, wordt je status opgeslagen en voorkom je dat Roblox crasht."
InGame.ConnectionError.DisconnectPlayerless,De server werd gedeactiveerd toen je probeerde verbinding te maken. Probeer het opnieuw.
InGame.ConnectionError.DisconnectPrivateServerKickout,De verbinding is verbroken omdat je geen toegang meer hebt tot deze privéserver.
InGame.ConnectionError.DisconnectProtocolMismatch,Je versie van Roblox is mogelijk verouderd. Update Roblox en probeer het opnieuw.
InGame.ConnectionError.DisconnectRaknetErrors,Kan geen verbinding maken met de ervaring. Geen reactie van de server. Probeer het opnieuw.
InGame.ConnectionError.DisconnectReceivePacketError,"Er is een probleem opgetreden bij het ontvangen van gegevens, maak opnieuw verbinding."
InGame.ConnectionError.DisconnectReceivePacketStreamError,"Er is een probleem opgetreden bij het streamen van gegevens, maak opnieuw verbinding."
InGame.ConnectionError.DisconnectRejoin,
InGame.ConnectionError.DisconnectRobloxMaintenance,Roblox heeft de server gedeactiveerd voor onderhoud. Probeer het opnieuw.
InGame.ConnectionError.DisconnectSecurityKeyMismatch,
InGame.ConnectionError.DisconnectSendPacketError,"Er is een probleem opgetreden bij het sturen van gegevens, maak opnieuw verbinding."
InGame.ConnectionError.DisconnectTimeout,
InGame.ConnectionError.DisconnectTryAgain,"De verbinding met de ervaring is verbroken, maak opnieuw verbinding."
InGame.ConnectionError.DisconnectVerboselyModeratedGame,Voor de veiligheid hebben we de verbinding met deze server verbroken nadat mensen te vaak de regels hadden overtreden. Je kunt helpen Roblox veilig te houden door de regels in onze Communityrichtlijnen te leren.
InGame.ConnectionError.DisconnectWrongVersion,
InGame.ConnectionError.Heading.VRDisconnected,Verbinding met hoofdtelefoon verbroken
InGame.ConnectionError.Joining,Verbinding maken met server
InGame.ConnectionError.Message.ChannelName,Kanaal: {CHANNEL_NAME}
InGame.ConnectionError.Message.ErrorCode,Foutcode: {ERROR_CODE}
InGame.ConnectionError.Message.RestartApp,Start de app opnieuw op om door te gaan met spelen.
InGame.ConnectionError.PlacelaunchDeviceBlock,Je apparaat is verbannen door deze ervaring of door de moderators ervan.
InGame.ConnectionError.PlacelaunchDisabled,De bestemming is beperkt. Probeer een andere plaats of probeer het later opnieuw.
InGame.ConnectionError.PlacelaunchError,Kan de server waarmee je verbinding probeert te maken niet vinden. Probeer het later opnieuw.
InGame.ConnectionError.PlacelaunchErrors,Er is een fout opgetreden bij je deelname aan de ervaring. Probeer het opnieuw.
InGame.ConnectionError.PlacelaunchFlooded,De server is momenteel bezet. Probeer het opnieuw.
InGame.ConnectionError.PlacelaunchGameEnded,Deze ervaring is beëindigd of de server is onverwacht niet meer beschikbaar vanwege een systeemfout.
InGame.ConnectionError.PlacelaunchGameFull,De aangevraagde ervaring is vol
InGame.ConnectionError.PlacelaunchHashException,Deze ervaring is momenteel niet beschikbaar. Probeer het later opnieuw.
InGame.ConnectionError.PlacelaunchHashExpired,
InGame.ConnectionError.PlacelaunchHttpError,Er is een HTTP-fout opgetreden. Sluit de client en probeer het opnieuw.
InGame.ConnectionError.PlacelaunchOtherError,We ondervinden technische problemen. Probeer het later opnieuw.
InGame.ConnectionError.PlacelaunchPartyCannotFit,Je groep is te groot om deel te nemen aan deze ervaring. Probeer een andere ervaring.
InGame.ConnectionError.PlacelaunchRestricted,De status van de ervaring is gewijzigd en je hebt geen toegang meer. Probeer het later opnieuw.
InGame.ConnectionError.PlacelaunchUnauthorized,Je hebt geen toestemming om deel te nemen aan deze ervaring.
InGame.ConnectionError.PlacelaunchUserLeft,"De gebruiker bij wie je probeerde deel te nemen, heeft de ervaring verlaten."
InGame.ConnectionError.PlacelaunchUserPrivacyUnauthorized,Je kunt geen verbinding maken met deze server vanwege je privacy-instellingen.
InGame.ConnectionError.Queue,Je positie in de rij: {POSITION}
InGame.ConnectionError.ReconnectFailed,Opnieuw verbinden is mislukt. Probeer het opnieuw.
InGame.ConnectionError.ReconnectingAttempt,Opnieuw verbinden (poging nr. {RBX_ATTEMPT})...
InGame.ConnectionError.ReconnectingAttemptInSecond,Opnieuw verbinden (poging nr. {RBX_ATTEMPT}) over 1 seconde...
InGame.ConnectionError.ReconnectingAttemptInSeconds,Opnieuw verbinden (poging nr. {RBX_ATTEMPT}) over {RBX_SECONDS} seconden...
InGame.ConnectionError.RemoteAttestationBootValidationFailure,Voor dit spel is een vertrouwd besturingssysteem vereist. Voer Roblox uit op een ondersteund apparaat en zorg ervoor dat de bootloader vergrendeld is.
InGame.ConnectionError.RemoteAttestationGeneralFailure,Roblox kon de integriteit van de app niet verifiëren. Zorg ervoor dat je besturingssysteem vertrouwd en up-to-date is en installeer Roblox vervolgens opnieuw vanaf een officiële downloadlocatie.
InGame.ConnectionError.RemoteAttestationOSOutOfDate,Voor dit spel is een up-to-date Android-installatie vereist. Zorg ervoor dat je besturingssysteem up-to-date is.
InGame.ConnectionError.RemoteAttestationTimeout,Roblox kon de integriteit van de app niet verifiëren vanwege een netwerkprobleem. Maak opnieuw verbinding.
InGame.ConnectionError.RemoteAttestationUnsupported,Voor dit spel zijn aanvullende hardwarebeveiligingsvereisten ingeschakeld. Voer Roblox uit op een ondersteund apparaat.
InGame.ConnectionError.ServerShutdown,De verbinding met de ervaring is verbroken. De server is gedeactiveerd.
InGame.ConnectionError.TeleportErrors,Teleporteren is mislukt vanwege een onverwachte fout. Probeer opnieuw te teleporteren.
InGame.ConnectionError.TeleportFailure,
InGame.ConnectionError.TeleportFlooded,Te veel teleportaanvragen. Probeer het later opnieuw.
InGame.ConnectionError.TeleportGameEnded,De server is niet meer beschikbaar. Probeer een andere of probeer het later.
InGame.ConnectionError.TeleportGameFull,De server is vol. Probeer het later opnieuw of gebruik een andere server.
InGame.ConnectionError.TeleportGameNotFound,Kan de bestemming niet vinden. Controleer het nogmaals en probeer het opnieuw.
InGame.ConnectionError.TeleportUnauthorized,Poging om te teleporteren naar een plaats die beperkt is.
InGame.ConnectionError.Title.ConnectionFailed,Verbinden mislukt
InGame.ConnectionError.Title.Disconnected,
InGame.ConnectionError.Title.JoinError,Deelneemfout
InGame.ConnectionError.Title.LowMemoryWarning,Waarschuwing: onvoldoende geheugen
InGame.ConnectionError.Title.TeleportFailed,Teleporteren mislukt
InGame.ConnectionError.UnknownError,Onbekende fout.
InGame.EmotesMenu.EmotesDisabled,Emotes zijn uitgeschakeld in deze ervaring.
InGame.EmotesMenu.ErrorMessageAnimationPlaying,
InGame.EmotesMenu.ErrorMessageNoMatchingEmote,
InGame.EmotesMenu.ErrorMessageNotSupported,
InGame.EmotesMenu.ErrorMessageR15Only,
InGame.EmotesMenu.ErrorMessageSwitchToR15,
InGame.EmotesMenu.ErrorMessageTemporarilyUnavailable,
InGame.EmotesMenu.NoEmotesEquipped,Geen emotes uitgerust
InGame.EmotesMenu.SelectAnEmote,Selecteer een emote
InGame.EmotesMenu.VisitShopToGetEmotes,Je hebt geen emotes. Ga naar de winkel om emotes te kopen!
InGame.FriendPlayerPrompt.Action.Send,
InGame.FriendPlayerPrompt.Title.SendFriendRequest,Vriendschapsverzoek sturen?
InGame.FriendPlayerPrompt.Title.SendFriendRequest.FriendsRename,
InGame.GameplayPaused.Body,Het spel is gepauzeerd: wacht even terwijl de spelinhoud wordt geladen.
InGame.GameplayPaused.Title,Spel gepauzeerd
InGame.HelpMenu.Controls.ToggleGameMenu,
InGame.HelpMenu.DownArrow,
InGame.HelpMenu.Label.ClientCoreScriptVersion,Client CoreScript-versie:
InGame.HelpMenu.Label.ClientVersion,Clientversie:
InGame.HelpMenu.Label.PlaceVersion,Plaatsversie:
InGame.HelpMenu.Label.PlaySessionId,PlaySessionId: {RBX_STR}
InGame.HelpMenu.Label.PlayerScripts,PlayerScripts:
InGame.HelpMenu.Label.ServerChannel,Serverkanaal:
InGame.HelpMenu.Label.ServerVersion,Serverversie:
InGame.HelpMenu.LeftArrow,
InGame.HelpMenu.Resume,
InGame.HelpMenu.RightArrow,
InGame.HelpMenu.UpArrow,
InGame.InspectMenu.Action.Cancel,
InGame.InspectMenu.Action.Confirm,
InGame.InspectMenu.Action.Favorite,
InGame.InspectMenu.Action.FromResale,{PRICE} van wederverkoop
InGame.InspectMenu.Action.Go,Ga
InGame.InspectMenu.Action.LimitReached,Itemlimiet bereikt
InGame.InspectMenu.Action.SoldOut,
InGame.InspectMenu.Action.TakeOff,
InGame.InspectMenu.Action.TryOn,
InGame.InspectMenu.Action.Unfavorite,Verwijderen uit favorieten
InGame.InspectMenu.Action.View,
InGame.InspectMenu.Attribution.GoToDescription,Je verlaat dit gebied en wordt naar {EXPERIENCE_NAME} gebracht.
InGame.InspectMenu.Attribution.GoToExperience,Naar ervaring gaan?
InGame.InspectMenu.Description.LayeredClothingR6,Het R6-lichaamstype ondersteunt dit item niet.
InGame.InspectMenu.Description.LimitedNotice,Dit item kan alleen worden gekocht bij wederverkopers in de catalogus.
InGame.InspectMenu.Description.MultipleBundlesNotice,Dit item maakt deel uit van meerdere bundels.
InGame.InspectMenu.Description.NoInventoryNotice,Deze gebruiker draagt geen items die je kunt inspecteren.
InGame.InspectMenu.Description.SingleBundleNotice,Dit item maakt deel uit van een bundel.
InGame.InspectMenu.Label.Avatar,{PLAYER_NAME}'s avatar
InGame.InspectMenu.Label.Limited,
InGame.InspectMenu.Label.LimitedItems,Beperkt item
InGame.InspectMenu.Label.Offsale,Uit de verkoop
InGame.InspectMenu.Label.Owned,
InGame.InspectMenu.Label.OwnedItems,Items in bezit ({QUANTITY})
InGame.InspectMenu.Label.PremiumOnly,Alleen Premium
InGame.InspectMenu.Label.VerifiedAvatar,{PLAYER_NAME}'s{VERIFIED_BADGE} avatar
InGame.NotificationScrip2.onCurrentGraphicsQualityLevelChanged.Decreased,Verlaagd naar {RBX_NUMBER}
InGame.NotificationScrip2.onCurrentGraphicsQualityLevelChanged.Increased,Verhoogd naar {RBX_NUMBER}
InGame.NotificationScript2.Capture.Fail.ToastText,Opname mislukt
InGame.NotificationScript2.Capture.Permission.AlertButtonText,
InGame.NotificationScript2.Capture.Permission.AlertText,Je moet de machtiging voor foto's inschakelen om deze functie te kunnen gebruiken. Dit kan worden gewijzigd in de instellingen van je apparaat.
InGame.NotificationScript2.Capture.Permission.AlertTextAndroid,Ga naar Instellingen > Roblox > Machtigingen en schakel Opslag in om opnamen in je fotobibliotheek op te slaan.
InGame.NotificationScript2.Capture.Permission.AlertTextIOS,Ga naar Instellingen > Privacy > Foto's en sta Roblox toe om opnamen op je filmrol op te slaan.
InGame.NotificationScript2.Capture.Permission.AlertTitle,Machtiging voor opslaan inschakelen
InGame.NotificationScript2.Capture.Success.ToastText,
InGame.NotificationScript2.FriendRequestEvent.Accept,Je bent nu vrienden met {RBX_NAME}!
InGame.NotificationScript2.Message.ConnectionRequestEvent.Accepted,
InGame.NotificationScript2.Message.ConnectionRequestEvent.Sent,Heeft je een vriendschapsverzoek gestuurd!
InGame.NotificationScript2.Message.FriendRequestEvent.Accepted,
InGame.NotificationScript2.Message.FriendRequestEvent.Sent,
InGame.NotificationScript2.Screenshot.ButtonText,Map openen
InGame.NotificationScript2.Screenshot.Description,Bekijk je map met schermafbeeldingen om het te zien.
InGame.NotificationScript2.Screenshot.Title,Schermafbeelding gemaakt
InGame.NotificationScript2.UINavigation.Text,Backslash om te schakelen
InGame.NotificationScript2.UINavigation.Title,UI-navigatie ingeschakeld
InGame.NotificationScript2.Video.ButtonText,
InGame.NotificationScript2.Video.Description,Open je map met video's om het te bekijken.
InGame.NotificationScript2.Video.Title,Video opgenomen
InGame.NotificationScript2.onBadgeAwardedDetail,"{RBX_NAME} heeft de ""{BADGE_NAME}""-award van {CREATOR_NAME} gewonnen!"
InGame.NotificationScript2.onBadgeAwardedTitle,Badge toegekend
InGame.NotificationScript2.onPointsAwarded.multiple,Je hebt {RBX_NUMBER} punten ontvangen!
InGame.NotificationScript2.onPointsAwarded.single,Je hebt {RBX_NUMBER} punt ontvangen!
InGame.PlayerDropDown.Accept,
InGame.PlayerDropDown.Action.ConnectionRequest,
InGame.PlayerDropDown.Block,
InGame.PlayerDropDown.CancelRequest,
InGame.PlayerDropDown.ConfirmUnfriend,Tik om te bevestigen dat je geen vriend meer wilt zijn
InGame.PlayerDropDown.Decline,
InGame.PlayerDropDown.Examine,
InGame.PlayerDropDown.OtherPlayerFriendLimit,{RBX_NAME} heeft de maximale vriendenlimiet bereikt.
InGame.PlayerDropDown.Report,
InGame.PlayerDropDown.UnBlock,
InGame.PlayerDropDown.Unfriend,
InGame.PlayerList.FooterLastUpdated,Laatst bijgewerkt {minutes} minuten geleden
InGame.PlayerList.FooterUnableToLoad,Kan niet laden
InGame.PlayerList.FriendsEmpty,Geen van je vrienden heeft deze ervaring al gespeeld.
InGame.PlayerList.Leaderboard,
InGame.PlayerList.LeaderboardUnavailable,Klassement niet beschikbaar. Probeer het later opnieuw.
InGame.PlayerList.Players,
InGame.PlayerList.RankHeader,Rangschikking
InGame.PlayerList.Retry,
InGame.Presence.Label.InGame,
InGame.Presence.Label.InStudio,In Studio
InGame.Presence.Label.Offline,
InGame.Presence.Label.Online,
InGame.UnknownNamespace.BACKPACK_SEARCH,
InGame.UnknownNamespace.GameChat.FriendChatNotifier.JoinMessage,Je vriend(in) {RBX_NAME} doet mee met de ervaring.
InGame.UnknownNamespace.GameChat_ChatCommandsTeller_MuteCommand,
InGame.UnknownNamespace.GameChat_ChatCommandsTeller_TeamCommand,/team <message> of /t <message>: een teamchat sturen naar mensen in je team
InGame.UnknownNamespace.GameChat_ChatCommandsTeller_UnMuteCommand,
InGame.UnknownNamespace.GameChat_ChatCommandsTeller_WhisperCommand,/whisper <speaker> of /w <speaker>: een privéberichtkanaal met een spreker openen.
InGame.UnknownNamespace.GameChat_FriendChatNotifier_JoinMessage,"Je connectie, {RBX_NAME}, doet nu mee aan de ervaring."
InGame.UnknownNamespace.GameChat_PrivateMessaging_CannotWhisperToSelf,Je kunt niet tegen jezelf fluisteren.
InGame.UnknownNamespace.GameChat_TeamChat_NowInTeam,Je zit nu in het team '{RBX_NAME}'.
InGame.UnknownNamespace.Network,(Netwerk)
InGame.UnknownNamespace.Received,Ontvangen
InGame.UnknownNamespace.Sent,
InstantApps.Shortcuts.Label.FailedToAddExperienceToDesktop,Toevoegen van {experience_name} aan het bureaublad is mislukt
InstantApps.Shortcuts.Label.FailedToAddExperienceToHomeScreen,Toevoegen van {experience_name} aan het startscherm is mislukt
InstantApps.Shortcuts.Label.ShortcutAlreadyExists,Bestaande snelkoppeling voor {experience_name} vervangen
InstantApps.Shortcuts.Label.SuccessAddingExperienceToDesktop,{experience_name} is toegevoegd aan het bureaublad
InstantApps.Shortcuts.Label.SuccessAddingExperienceToHomeScreen,{experience_name} is toegevoegd aan het startscherm
InstantApps.Shortcuts.Label.TryAgain,
InstantApps.Shortcuts.Label.ViewShortcut,Snelkoppeling bekijken
Notifications.NotificationStream.Bundle.ShowLess,Minder weergeven
Notifications.NotificationStream.Bundle.ShowMoreV2,{notificationCount} meer
Notifications.NotificationStream.Label.AllCaughtUp,Je bent weer helemaal bij!
Notifications.NotificationStream.Label.Notifications,
Notifications.SafetyAvatarModeration.Description.NotificationTypeInExpWarnMsg,"Wijzig je avatar. Binnenkort worden spelers met avatars die onze Communityrichtlijnen overtreden, geschorst voor deze game."
Notifications.SafetyAvatarModeration.Label.NotificationTypeInExpWarn,Je avatar heeft de regels overtreden
Notifications.SquadRegroupPrompt.ToastAction.Dismiss,
Notifications.SquadRegroupPrompt.ToastAction.Join,
Notifications.SquadRegroupPrompt.ToastLabel.ContinuePlayingTogether,Doorgaan met samen spelen
Notifications.SquadRegroupPrompt.ToastLabel.JoinANewServer,Verbinding maken met een nieuwe server
Notifications.ToastNotifications.Label.LeaveExperienceConfirmation,Weet je zeker dat je wilt afsluiten en deelnemen aan een andere ervaring?
Notifications.ToastNotifications.Title.LeavingExperience,Ervaring verlaten
PlayerFeedbacks.VoteForm.Message.Action.Report,
PlayerFeedbacks.VoteForm.Message.MaxLengthCharacters,Gebruik minder dan {count} tekens.
PlayerFeedbacks.VoteForm.Message.MinLengthCharacters,Gebruik meer dan {count} tekens.
PlayerFeedbacks.VoteForm.Message.ReportAbuseInsteadLong,Was er een veiligheidsprobleem? <u>Meld hier misbruik</u>.
PlayerFeedbacks.VoteForm.Message.SubmitSuccess,
PlayerFeedbacks.VoteForm.PromptBanner.GiveFeedbackButton,
PlayerFeedbacks.VoteForm.PromptBanner.Message,Je reactie wordt anoniem gedeeld met de maker
PlayerFeedbacks.VoteForm.PromptBanner.Title,Help deze ervaring te verbeteren
PlayerFeedbacks.VoteForm.PromptBanner.TitleOnly,Help de maker deze ervaring te verbeteren
Purchasing.PurchaseDialog.Heading.PendingDeveloperProductLimitReached,
Purchasing.PurchaseDialog.Message.PendingDeveloperProductLimitReached,Doe mee met de ervaring om je eerdere aankopen te verzilveren voordat je meer producten koopt.
Purchasing.PurchaseDialog.Message.PendingDeveloperProductOnHome,Doe mee om je aankoop te verzilveren
Roblox.ReferralRewards.AdditionalCreatorTerms,Aanvullende Creator-voorwaarden
Roblox.ReferralRewards.Expires,Verloopt
Roblox.ReferralRewards.ReferralProgramTerms,Voorwaarden voor het doorverwijzingsprogramma
Roblox.ReferralRewards.RewardBannerBody,Nodig een vriend uit en {gameName} geeft je {rewardName}. Er zijn voorwaarden van toepassing.
Roblox.ReferralRewards.RewardBannerHeader,Krijg {rewardName}!
Roblox.ReferralRewards.RewardBannerModalCreatorSupport,Deze reward wordt geleverd door {creatorName}. Neem rechtstreeks contact op met de maker voor ondersteuning en vragen.
Roblox.ReferralRewards.RewardBannerModalRewardDetails,Beloningsdetails
Roblox.ReferralRewards.RewardBannerModalTitle,Beloning voor vriendendoorverwijzing
Translation.PlayerChoiceSettings.GameSettings.PlayerChoiceSettingDescription,Vertaal automatisch alle ervaringen wanneer je geselecteerde taal niet wordt ondersteund
Translation.PlayerChoiceSettings.GameSettings.PlayerChoiceSettingLabel,Automatische vertalingen
Verification.Identity.Label.AgeVerifyPrompt,Verifieer je leeftijd om het meeste uit Roblox te halen!
Verification.Identity.Label.ConnectingToMobile,Verbinding maken met je mobiel
Verification.Identity.Label.HavingTroubleScanCode,Lukt het niet? Scan de bovenstaande QR-code om het verificatieproces opnieuw te starten.
Verification.Identity.Label.PleaseDoNotClose,Sluit dit venster niet voordat het verificatieproces is voltooid.
Verification.Identity.Label.UpdatingRoblox,Je Roblox-profiel wordt bijgewerkt
Verification.Identity.Label.VerificationWaitingForResults,Wachten op resultaten
Verification.Identity.Label.VerifyInBrowser,Voltooi de verificatieproces in je mobiele browser om door te gaan.
Verification.Identity.Label.VerifyingYou,Je wordt geverifieerd
