Key,Value
AccountIdentity.AgeCheck.Label.AgeBandOver13,13+
AccountIdentity.AgeCheck.Label.AgeBandOver18,18+
AccountIdentity.AgeCheck.Label.AgeBandUnder13,Младше 13
Authentication.Login.WeChat.AntiAddictionText,"Не участвуй в плохих и пиратских проектах. Будь начеку, чтобы избежать обмана. Не проводи слишком много времени в сети, это может навредить здоровью. Разумно распределяй своё время и наслаждайся правильным образом жизни."
AvatarGeneration.SelfieConsent.CancelButton,Отмена
AvatarGeneration.SelfieConsent.Title,Использовать изображение для создания моего аватара.
Common.Presence.Label.InExperience,В плейсе
Common.Presence.Label.Online,В сети
Common.Presence.Label.RobloxStudio,Roblox Studio
Common.VerifiedParentalConsent.Action.Cancel,
Common.VerifiedParentalConsent.Action.Close,Закрыть
Common.VerifiedParentalConsent.Action.GoToSettings,Перейти в Настройки
Common.VerifiedParentalConsent.Description.SpendingRestrictionWithSettings,"В связи с региональными ограничениями требуется разрешение родителя для совершения покупки. Попроси разрешение у родителе, перейдя в Настройки > Расходы."
Common.VerifiedParentalConsent.Description.SpendingRestrictionWithoutSettings,"В связи с региональными ограничениями требуется разрешение родителя для совершения покупки. Используй веб-версию или устройство-компаньон, чтобы попросить разрешение у родителя, перейдя в Настройки > Расходы."
Common.VerifiedParentalConsent.Label.AskParent,Спроси родителей
CommonUI.Controls.Action.Apply,Применить
CommonUI.Controls.Action.Cancel,
CommonUI.Controls.Action.Confirm,Подтверждаю
CommonUI.Controls.Action.Next,Далее
CommonUI.Controls.Action.Refresh,Обновить
CommonUI.Controls.Action.Search,Поиск
CommonUI.Controls.Action.Yes,Да
CommonUI.Controls.Input.Optional,{inputLabel} (необязательно)
CommonUI.Controls.Label.April,апр
CommonUI.Controls.Label.AprilAbbreviated,
CommonUI.Controls.Label.August,авг
CommonUI.Controls.Label.AugustAbbreviated,
CommonUI.Controls.Label.December,дек
CommonUI.Controls.Label.DecemberAbbreviated,
CommonUI.Controls.Label.February,фев
CommonUI.Controls.Label.FebruaryAbbreviated,
CommonUI.Controls.Label.Friday,Пятница
CommonUI.Controls.Label.FridayAbbreviated,Пт
CommonUI.Controls.Label.InvalidDateFormat,Неверный формат даты
CommonUI.Controls.Label.January,янв
CommonUI.Controls.Label.JanuaryAbbreviated,
CommonUI.Controls.Label.July,июл
CommonUI.Controls.Label.June,июн
CommonUI.Controls.Label.March,мар
CommonUI.Controls.Label.MarchAbbreviated,
CommonUI.Controls.Label.May,май
CommonUI.Controls.Label.Monday,Понедельник
CommonUI.Controls.Label.MondayAbbreviated,Пн
CommonUI.Controls.Label.November,ноя
CommonUI.Controls.Label.NovemberAbbreviated,
CommonUI.Controls.Label.October,окт
CommonUI.Controls.Label.OctoberAbbreviated,
CommonUI.Controls.Label.Saturday,Суббота
CommonUI.Controls.Label.SaturdayAbbreviated,Суб
CommonUI.Controls.Label.SelectDate,Выбрать дату
CommonUI.Controls.Label.September,сент
CommonUI.Controls.Label.SeptemberAbbreviated,
CommonUI.Controls.Label.Sunday,Воскресенье
CommonUI.Controls.Label.SundayAbbreviated,Вскр
CommonUI.Controls.Label.Thursday,Четверг
CommonUI.Controls.Label.ThursdayAbbreviated,Чт
CommonUI.Controls.Label.Tuesday,Вторник
CommonUI.Controls.Label.TuesdayAbbreviated,Вт
CommonUI.Controls.Label.Wednesday,Среда
CommonUI.Controls.Label.WednesdayAbbreviated,Ср
CommonUI.Controls.NoResultsFound,Ничего не найдено
CommonUI.Features.Label.Add,Добавить
CommonUI.Features.Label.AddConnection,Добавить контакт
CommonUI.Features.Label.Connection,Контакт
CommonUI.Features.Label.InviteConnections,Пригласить контакт
CommonUI.Features.Label.Learn,Обучение
CommonUI.Features.Label.RemoveConnection,Удалить контакт
CommonUI.Features.Label.Sent,Отправлено
CommonUI.Messages.Response.SomethingWentWrong,Что-то пошло не так
CoreScripts.Ads.Action.Close,
CoreScripts.Ads.Label.IllegalContentReportingLink,Сообщить о незаконном контенте в соответствии с определением Закона о цифровых услугах (ЕС)
CoreScripts.Ads.Label.InExperienceDisclosureDynamic,"Roblox не использует поведенческую информацию для подбора рекламы. Ты видишь это объявление на основе такой информации, как тип устройства, местоположение устройства и возраст. Рекламодатель: {AdvertiserName}."
CoreScripts.Ads.Label.InExperienceDisclosureDynamicWithPayer,"Roblox не использует поведенческую информацию для подбора рекламы. Ты видишь это объявление на основе такой информации, как тип устройства, местоположение устройства и возраст. Рекламодатель: {AdvertiserName}. Объявление оплачено: {PayerName}."
CoreScripts.Ads.Label.InExperienceDisclosureStatic,"Roblox не использует поведенческую информацию для подбора рекламы. Ты видишь это объявление на основе такой информации, как тип устройства, местоположение устройства и возраст."
CoreScripts.Ads.Label.InappropriateAd,Неподходящая реклама
CoreScripts.Ads.Label.ReportAd,Пожаловаться на рекламу
CoreScripts.Ads.Label.RewardedVideoEligibleDisclaimer,Это тестовая реклама. Настоящая реклама будет показана в плейсе.
CoreScripts.Ads.Label.RewardedVideoExitConfirmation,Награда уже рядом! Действительно выйти?
CoreScripts.Ads.Label.RewardedVideoIneligibleDisclaimer,"Это тестовая реклама. Настоящая реклама не будет показана, потому что твой плейс не является допустимым."
CoreScripts.Ads.Label.Teleporting,Телепортация...
CoreScripts.Ads.Label.WhyThisAd,Почему я вижу эту рекламу?
CoreScripts.AssetPreviewView.Action.ResetView,Сбросить вид
CoreScripts.AssetPreviewView.Label.LoadingFailed,Загрузка не удалась
CoreScripts.AvatarEditorPrompts.Adding,Добавление:
CoreScripts.AvatarEditorPrompts.CreateOutfitPromptNo,Нет
CoreScripts.AvatarEditorPrompts.CreateOutfitPromptText,Хочешь сохранить этого персонажа в Roblox? 
CoreScripts.AvatarEditorPrompts.CreateOutfitPromptTitle,Сохранение аватара персонажа
CoreScripts.AvatarEditorPrompts.CreateOutfitPromptYes,
CoreScripts.AvatarEditorPrompts.DeleteOutfitPromptNo,
CoreScripts.AvatarEditorPrompts.DeleteOutfitPromptText,Хочешь удалить персонажа {RBX_NAME} из Roblox?
CoreScripts.AvatarEditorPrompts.DeleteOutfitPromptTextNoName,Хочешь удалить этого персонажа из Roblox?
CoreScripts.AvatarEditorPrompts.DeleteOutfitPromptTitle,Удаление персонажа аватара
CoreScripts.AvatarEditorPrompts.DeleteOutfitPromptYes,Удалить
CoreScripts.AvatarEditorPrompts.DisabledRenameOutfitPromptOkay,Ок
CoreScripts.AvatarEditorPrompts.DisabledRenameOutfitPromptText,Изменение имени персонажа отключено
CoreScripts.AvatarEditorPrompts.DisabledRenameOutfitPromptTitle,
CoreScripts.AvatarEditorPrompts.EnterOutfitNamePromptNo,
CoreScripts.AvatarEditorPrompts.EnterOutfitNamePromptTitle,Имя персонажа
CoreScripts.AvatarEditorPrompts.EnterOutfitNamePromptYes,Подтвердить
CoreScripts.AvatarEditorPrompts.FavouriteItemPromptNo,
CoreScripts.AvatarEditorPrompts.FavouriteItemPromptText,Хочешь добавить в избранное {RBX_NAME}?
CoreScripts.AvatarEditorPrompts.FavouriteItemPromptTitle,Добавление в избранное
CoreScripts.AvatarEditorPrompts.FavouriteItemPromptYes,
CoreScripts.AvatarEditorPrompts.GameNamePlaceHolder,Неизвестное название плейса
CoreScripts.AvatarEditorPrompts.InventoryReadAccessPromptNo,
CoreScripts.AvatarEditorPrompts.InventoryReadAccessPromptText,{RBX_NAME} запрашивает доступ к предметам аватара
CoreScripts.AvatarEditorPrompts.InventoryReadAccessPromptTitle,Разрешить доступ к предметам?
CoreScripts.AvatarEditorPrompts.InventoryReadAccessPromptYes,ОК
CoreScripts.AvatarEditorPrompts.ItemsListLoadingFailed,
CoreScripts.AvatarEditorPrompts.NoChangedAssets,Изменения отсутствуют
CoreScripts.AvatarEditorPrompts.OutfitNamePlaceholder,Введи имя персонажа
CoreScripts.AvatarEditorPrompts.Removing,Удаление:
CoreScripts.AvatarEditorPrompts.RenameOutfitNamePromptTitle,Переименовать
CoreScripts.AvatarEditorPrompts.RenameOutfitPromptText,Введи новое имя для персонажа: {RBX_NAME}:
CoreScripts.AvatarEditorPrompts.SaveAvatarPromptNo,
CoreScripts.AvatarEditorPrompts.SaveAvatarPromptText,{RBX_NAME} хочет внести изменения в твой аватар:
CoreScripts.AvatarEditorPrompts.SaveAvatarPromptTitle,Снаряжение аватара предметами
CoreScripts.AvatarEditorPrompts.SaveAvatarPromptYes,
CoreScripts.AvatarEditorPrompts.UnfavouriteItemPromptText,Хочешь удалить из избранного {RBX_NAME}?
CoreScripts.AvatarEditorPrompts.UnfavouriteItemPromptTitle,Удаление из избранного
CoreScripts.AvatarEditorPrompts.UpdateOutfitPromptNo,
CoreScripts.AvatarEditorPrompts.UpdateOutfitPromptText,Обновить персонажа {RBX_NAME}?
CoreScripts.AvatarEditorPrompts.UpdateOutfitPromptTextNoOutfitName,Обновить сохранённого персонажа?
CoreScripts.AvatarEditorPrompts.UpdateOutfitPromptTitle,Обновить персонажа?
CoreScripts.AvatarEditorPrompts.UpdateOutfitPromptYes,OK
CoreScripts.BulkPurchasePrompt.CompletedPrompt.DismissCTA,
CoreScripts.BulkPurchasePrompt.CompletedPrompt.ErrorHeading,Покупка не удалась
CoreScripts.BulkPurchasePrompt.CompletedPrompt.ErrorPrompt.ErrorReason2SV,"Необходима двухшаговая проверка для совершения данной транзакции. Перейди в Настройки > Безопасность, чтобы завершить двухшаговую проверку."
CoreScripts.BulkPurchasePrompt.CompletedPrompt.ErrorPrompt.ErrorReasonAlreadyOwned,"Не удалось завершить покупку, потому что у тебя уже есть эти предметы."
CoreScripts.BulkPurchasePrompt.CompletedPrompt.ErrorPrompt.ErrorReasonGeneric,В настоящий момент невозможно совершить эту покупку.
CoreScripts.BulkPurchasePrompt.CompletedPrompt.ErrorPrompt.ErrorReasonInsufficientMembership,"Не удалось совершить покупку, потому что тебе необходима подписка Roblox Premium, чтобы купить эти предметы."
CoreScripts.BulkPurchasePrompt.CompletedPrompt.ErrorPrompt.ErrorReasonInsufficientRobux,"Не удалось совершить покупку, потому что у тебя недостаточно Robux."
CoreScripts.BulkPurchasePrompt.CompletedPrompt.ErrorPrompt.ErrorReasonNotAvailableForPurchaser,"Не удалось совершить покупку, потому что невозможно купить предметы этого типа."
CoreScripts.BulkPurchasePrompt.CompletedPrompt.ErrorPrompt.ErrorReasonNotAvailableInExperience,"Покупка не могла быть завершена, так как эти предметы не продаются."
CoreScripts.BulkPurchasePrompt.CompletedPrompt.ErrorPrompt.ErrorReasonNotForSale,
CoreScripts.BulkPurchasePrompt.CompletedPrompt.ErrorPrompt.ErrorReasonPriceMismatch,"Не удалось совершить покупку, так как изменилась цена."
CoreScripts.BulkPurchasePrompt.CompletedPrompt.ErrorPrompt.ErrorReasonPurchaserIsSeller,"Не удалось совершить покупку, потому что невозможно купить предметы, которыми ты владеешь."
CoreScripts.BulkPurchasePrompt.CompletedPrompt.ErrorPrompt.ErrorReasonQuantityLimitExceeded,"Не удалось совершить покупку, потому что достигнут лимит количества данных предметов."
CoreScripts.BulkPurchasePrompt.CompletedPrompt.ErrorPrompt.ErrorReasonQuotaExceeded,"Не удалось совершить покупку, так как достигнут лимит в 9 транзакций в минуту."
CoreScripts.BulkPurchasePrompt.CompletedPrompt.ErrorPrompt.ErrorReasonSoldOut,"Не удалось совершить покупку, так как предметы распроданы."
CoreScripts.BulkPurchasePrompt.CompletedPrompt.ErrorPrompt.TryAgainLater,Robux не были списаны. Повтори попытку позже.
CoreScripts.BulkPurchasePrompt.CompletedPrompt.ErrorPrompt.TryAgainMoreRobux,Robux не были списаны. Пополни баланс и повтори попытку позже.
CoreScripts.BulkPurchasePrompt.CompletedPrompt.ErrorPrompt.TryAgainNow,Robux не были списаны. Повтори попытку.
CoreScripts.BulkPurchasePrompt.CompletedPrompt.ErrorPrompt.TryAgainOtherItems,Robux не были списаны. Попробуй выбрать другие предметы.
CoreScripts.BulkPurchasePrompt.CompletedPrompt.ErrorPrompt.TryAgainWait,
CoreScripts.BulkPurchasePrompt.CompletedPrompt.SuccessHeading,Покупка выполнена
CoreScripts.BulkPurchasePrompt.PartialPurchaseCompletedPrompt.Heading,Частичная покупка завершена
CoreScripts.BulkPurchasePrompt.PartialPurchaseCompletedPrompt.ItemListSuccessfulCount,Предметов: {itemCount} 
CoreScripts.BulkPurchasePrompt.PartialPurchaseCompletedPrompt.ItemListSuccessfulHeading,Готово!
CoreScripts.BulkPurchasePrompt.PartialPurchaseCompletedPrompt.ItemListUnsuccessfulCount,
CoreScripts.BulkPurchasePrompt.PartialPurchaseCompletedPrompt.ItemListUnsuccessfulHeading,Не удалось купить
CoreScripts.BulkPurchasePrompt.PartialPurchaseCompletedPrompt.ItemStatusAlreadyOwned,У тебя уже есть этот предмет
CoreScripts.BulkPurchasePrompt.PartialPurchaseCompletedPrompt.ItemStatusGeneric,Недоступно
CoreScripts.BulkPurchasePrompt.PartialPurchaseCompletedPrompt.ItemStatusInsufficientMembership,Требуется Premium
CoreScripts.BulkPurchasePrompt.PartialPurchaseCompletedPrompt.ItemStatusInsufficientRobux,Недостаточно Robux
CoreScripts.BulkPurchasePrompt.PartialPurchaseCompletedPrompt.ItemStatusNotAvailableForPurchaser,
CoreScripts.BulkPurchasePrompt.PartialPurchaseCompletedPrompt.ItemStatusNotForSale,Не продаётся
CoreScripts.BulkPurchasePrompt.PartialPurchaseCompletedPrompt.ItemStatusPlaceInvalid,Недоступно в этом плейсе
CoreScripts.BulkPurchasePrompt.PartialPurchaseCompletedPrompt.ItemStatusPriceMismatch,Изменение цены
CoreScripts.BulkPurchasePrompt.PartialPurchaseCompletedPrompt.ItemStatusPurchaserIsSeller,Продавец является покупателем
CoreScripts.BulkPurchasePrompt.PartialPurchaseCompletedPrompt.ItemStatusQuantityLimitExceeded,Достигнут лимит
CoreScripts.BulkPurchasePrompt.PartialPurchaseCompletedPrompt.ItemStatusQuotaExceeded,
CoreScripts.BulkPurchasePrompt.PartialPurchaseCompletedPrompt.ItemStatusSoldOut,Продано
CoreScripts.BulkPurchasePrompt.PartialPurchaseCompletedPrompt.ItemStatusSuccess,Куплено
CoreScripts.BulkPurchasePrompt.PartialPurchaseCompletedPrompt.Notice,"Некоторые предметы не удалось купить, попробуй позже."
CoreScripts.BulkPurchasePrompt.PartialPurchaseCompletedPrompt.PriceBox.CurrentBalance,Текущий баланс
CoreScripts.BulkPurchasePrompt.PartialPurchaseCompletedPrompt.PriceBox.DismissCTA,Готово
CoreScripts.BulkPurchasePrompt.PartialPurchaseCompletedPrompt.PriceBox.RobuxSpent,Потрачено Robux
CoreScripts.BulkPurchasePrompt.RequestPrompt.Heading,Краткое содержание
CoreScripts.BulkPurchasePrompt.RequestPrompt.ItemListPurchaseCount,
CoreScripts.BulkPurchasePrompt.RequestPrompt.ItemListPurchaseHeading,Всего предметов куплено
CoreScripts.BulkPurchasePrompt.RequestPrompt.ItemOwned,{ownedCount}
CoreScripts.BulkPurchasePrompt.RequestPrompt.PriceBox.BuyRobuxCTA,Купить Robux
CoreScripts.BulkPurchasePrompt.RequestPrompt.PriceBox.ConfirmCTA,Оплатить
CoreScripts.BulkPurchasePrompt.RequestPrompt.PriceBox.CurrentBalance,
CoreScripts.BulkPurchasePrompt.RequestPrompt.PriceBox.MissingRobux,Не хватает Robux
CoreScripts.BulkPurchasePrompt.RequestPrompt.PriceBox.NewBalance,Баланс после покупки
CoreScripts.BulkPurchasePrompt.RequestPrompt.PriceBox.TotalCost,Всего заказов
CoreScripts.BulkPurchasePrompt.SuccessPrompt.Body,Покупка совершена: {itemCount}. Теперь эти предметы в твоём инвентаре.
CoreScripts.BulkPurchasePrompt.SuccessPrompt.Heading,
CoreScripts.CancelUserSubscriptionPrompt.Error.ButtonText,
CoreScripts.CancelUserSubscriptionPrompt.ErrorCancellingPrompt.Body,Произошла ошибка и обновление подписки не было отменено. Повтори попытку.
CoreScripts.CancelUserSubscriptionPrompt.ErrorCancellingPrompt.Heading,Ошибка
CoreScripts.CancelUserSubscriptionPrompt.ExpiringPrompt.Body,Подписка уже успешно отменена. Никаких действий не требуется.
CoreScripts.CancelUserSubscriptionPrompt.ExpiringPrompt.Heading,Уже отменено
CoreScripts.CancelUserSubscriptionPrompt.RequestPrompt.Body,"Если ты отменишь подписку, доступ к ней сохранится до {date}."
CoreScripts.CancelUserSubscriptionPrompt.RequestPrompt.DontCancelButton,Не отменять
CoreScripts.CancelUserSubscriptionPrompt.RequestPrompt.Heading,Отменить подписку
CoreScripts.CancelUserSubscriptionPrompt.RequestPrompt.YesCancelButton,"Да, отменить"
CoreScripts.CancelUserSubscriptionPrompt.SuccessPrompt.Heading,Подписка успешно отменена
CoreScripts.CancelUserSubscriptionPrompt.UnsubscribedPrompt.Body,Нет подписки на Premium.
CoreScripts.CancelUserSubscriptionPrompt.UnsubscribedPrompt.Heading,Не удалось отменить
CoreScripts.CommercePurchasePrompt.ErrorPrompt.Body.AccountNotSupported,Покупки не доступны для твоего аккаунта из-за возрастных или региональных ограничений
CoreScripts.CommercePurchasePrompt.ErrorPrompt.Body.DeviceNotSupported,"Покупки не могут быть сделаны с этого устройства. Попробуй ещё раз, используя другое устройство."
CoreScripts.CommercePurchasePrompt.ErrorPrompt.Body.ErrorLoading,Что-то пошло не так при попытке загрузки этого предмета. Повтори попытку позже.
CoreScripts.CommercePurchasePrompt.ErrorPrompt.CantBuy,Нельзя купить
CoreScripts.CommercePurchasePrompt.ErrorPrompt.DismissCTA,
CoreScripts.CommercePurchasePrompt.ErrorPrompt.GenericError,Что-то пошло не так при попытке покупки этого предмета. Повтори попытку позже.
CoreScripts.CommercePurchasePrompt.ErrorPrompt.NotPurchasable,Этот продукт в настоящее время недоступен для покупки.
CoreScripts.CommercePurchasePrompt.ErrorPrompt.Title.AccountNotSupported,Возраст не поддерживается
CoreScripts.CommercePurchasePrompt.ErrorPrompt.Title.DeviceNotSupported,Устройство не поддерживается
CoreScripts.CommercePurchasePrompt.ProductNotAvailable,Продукт недоступен
CoreScripts.CommercePurchasePrompt.SuccessToast.GrantPending,Предмет для аватара появится через некоторое время.
CoreScripts.CommercePurchasePrompt.SuccessToast.Granted,Предмет для аватара доступен!
CoreScripts.EmoteThumbnailEditor.Action.Cancel,
CoreScripts.EmoteThumbnailEditor.Action.Update,
CoreScripts.EmoteThumbnailEditor.Heading.EditThumbnail,Редактировать миниатюру
CoreScripts.EmoteThumbnailEditor.Label.Rotation,Вращение
CoreScripts.EmoteThumbnailEditor.Label.Time,Время
CoreScripts.FTUX.Heading.CheckOutRobloxConnect,Новинка: Roblox Connect!
CoreScripts.FTUX.Heading.CheckOutRobloxParty,Новинка: Roblox Party!
CoreScripts.FTUX.Heading.JoinVoice,Присоединиться к голосовому чату
CoreScripts.FTUX.Label.ChatWithYourFriendsAnytime,Общайся с друзьями в любое время.
CoreScripts.FTUX.Label.JoinVoiceDescription,Слушать и общаться с другими
CoreScripts.FTUX.Label.PartyWithYourFriendsAnytime,
CoreScripts.Feedback.EntryPoint.ButtonText,Отправить отзыв
CoreScripts.Feedback.EntryPoint.OptionText,Отправить отзыв о переводе
CoreScripts.Feedback.FeedbackBar.ExitFeedbackButton,Выход
CoreScripts.Feedback.FeedbackBar.HelpButton,Помощь
CoreScripts.Feedback.FeedbackBar.MainLabel,
CoreScripts.Feedback.FeedbackReportDialog.AdditionalCommentsHeader,Оставь комментарий ниже (необязательно)
CoreScripts.Feedback.FeedbackReportDialog.AdditionalCommentsPlaceholder,Введи любые дополнительные комментарии
CoreScripts.Feedback.FeedbackReportDialog.Cancel,
CoreScripts.Feedback.FeedbackReportDialog.CorrectTranslationHeader,Какой будет правильный перевод? (необязательно)
CoreScripts.Feedback.FeedbackReportDialog.CorrectTranslationObjectPlaceholder,Объект: {ObjectType}
CoreScripts.Feedback.FeedbackReportDialog.CorrectTranslationPlaceholder,Введи правильный перевод
CoreScripts.Feedback.FeedbackReportDialog.ImageSelectionHeader,Выбранное изображение
CoreScripts.Feedback.FeedbackReportDialog.MainHeader,
CoreScripts.Feedback.FeedbackReportDialog.ProblemDropdownSelectionHeader,Что не так с данным переводом? (необязательно)
CoreScripts.Feedback.FeedbackReportDialog.ProblemOption.AccuracyIssue,Ошибка с точностью
CoreScripts.Feedback.FeedbackReportDialog.ProblemOption.InappropriateOrDerogatory,Неуместный или оскорбительный
CoreScripts.Feedback.FeedbackReportDialog.ProblemOption.SpellingOrGrammarIssue,Орфографическая или грамматическая ошибка
CoreScripts.Feedback.FeedbackReportDialog.ProblemOption.Untranslated,Перевод отсутствует
CoreScripts.Feedback.FeedbackReportDialog.SubmitFeedback,Отправить
CoreScripts.Feedback.FeedbackReportDialog.TextSelectionHeader,Выбранный текст
CoreScripts.Feedback.Help.Instructions,"Выбери любой текст, чтобы дать отзыв о неправильных или отсутствующих переводах."
CoreScripts.Feedback.Help.MainHeader,
CoreScripts.Feedback.Onboarding.Cancel,
CoreScripts.Feedback.Onboarding.Instructions,
CoreScripts.Feedback.Onboarding.MainHeader,"Расскажи нам, что пошло не так"
CoreScripts.Feedback.Onboarding.Start,Начать
CoreScripts.Feedback.SubmissionToastBody,Roblox будет использовать эту информацию для улучшения качества перевода этого плейса
CoreScripts.Feedback.SubmissionToastHeader,Спасибо за отзыв!
CoreScripts.InGameMenu.Action.DontLeaveGame,Не выходить
CoreScripts.InGameMenu.Action.DontResetCharacter,Не сбрасывать
CoreScripts.InGameMenu.Action.ResetCharacter,Сбросить
CoreScripts.InGameMenu.Actions.AcceptFriend,Принять запрос в друзья
CoreScripts.InGameMenu.Actions.AddFriend,Добавить друга
CoreScripts.InGameMenu.Actions.BlockPlayer,Заблокировать игрока
CoreScripts.InGameMenu.Actions.CancelFriend,Отменить запрос о дружбе
CoreScripts.InGameMenu.Actions.ReportAbuse,Сообщить о нарушении
CoreScripts.InGameMenu.Actions.UnblockPlayer,Разблокировать игрока
CoreScripts.InGameMenu.Actions.Unfriend,Удалить из друзей
CoreScripts.InGameMenu.Actions.ViewAvatar,Посмотреть аватар
CoreScripts.InGameMenu.Cancel,
CoreScripts.InGameMenu.ConfirmLeaveGame,Выйти из игры?
CoreScripts.InGameMenu.ControllerBar.Back,Назад
CoreScripts.InGameMenu.ControllerBar.Cancel,
CoreScripts.InGameMenu.ControllerBar.CloseMoreMenu,
CoreScripts.InGameMenu.ControllerBar.Leave,Выйти
CoreScripts.InGameMenu.ControllerBar.OpenMoreMenu,Показать
CoreScripts.InGameMenu.ControllerBar.Respawn,Возрождение
CoreScripts.InGameMenu.ControllerBar.RespawnCharacter,Возродить персонажа
CoreScripts.InGameMenu.Controls.AccessoriesTitle,Аксессуары
CoreScripts.InGameMenu.Controls.BackExitLabel,Назад / выход
CoreScripts.InGameMenu.Controls.BackGamepad,
CoreScripts.InGameMenu.Controls.Backpack,Рюкзак
CoreScripts.InGameMenu.Controls.Backspace,
CoreScripts.InGameMenu.Controls.CameraMovementTitle,Движение камеры
CoreScripts.InGameMenu.Controls.CameraZoomGamepad,Масштабирование камеры
CoreScripts.InGameMenu.Controls.CharacterMovementTitle,Движение персонажа
CoreScripts.InGameMenu.Controls.Chat,Чат
CoreScripts.InGameMenu.Controls.DevConsole,Консоль разработчика
CoreScripts.InGameMenu.Controls.DownArrow,Стрелка вниз
CoreScripts.InGameMenu.Controls.DropTool,Выбросить инструмент
CoreScripts.InGameMenu.Controls.EquipUnequipTools,Назначить/убрать инструменты
CoreScripts.InGameMenu.Controls.FirstPersonCameraLabel,(Нажать) Камера FP / TP
CoreScripts.InGameMenu.Controls.GameMenuToggle,Переключатель игрового меню
CoreScripts.InGameMenu.Controls.GameMenuToggleGamepad,Выбор пользовательского интерфейса
CoreScripts.InGameMenu.Controls.GamepadTitle,Геймпад
CoreScripts.InGameMenu.Controls.GraphicsLevel,Уровень графики
CoreScripts.InGameMenu.Controls.GraphicsLevelDown,Понижение ур. графики
CoreScripts.InGameMenu.Controls.GraphicsLevelUp,Повышение ур. графики
CoreScripts.InGameMenu.Controls.Jump,Прыжок
CoreScripts.InGameMenu.Controls.JumpSelectLabel,Прыгнуть / Выбрать
CoreScripts.InGameMenu.Controls.KeyboardAndMouseTitle,Клавиатура и мышь
CoreScripts.InGameMenu.Controls.LeftArrow,Стрелка влево
CoreScripts.InGameMenu.Controls.LeftMouseButton,ЛКМ
CoreScripts.InGameMenu.Controls.MenuItemsTitle,Пункты меню
CoreScripts.InGameMenu.Controls.MenuLabel,Меню
CoreScripts.InGameMenu.Controls.MenuNavigationGamepad,Навигация меню
CoreScripts.InGameMenu.Controls.MiscellaneousTitle,Другое
CoreScripts.InGameMenu.Controls.MouseLock,Блокировка мыши
CoreScripts.InGameMenu.Controls.MouseWheel,Колесо мыши
CoreScripts.InGameMenu.Controls.MoveBackward,Движение назад
CoreScripts.InGameMenu.Controls.MoveForward,Движение вперёд
CoreScripts.InGameMenu.Controls.MoveGamepad,Передвинуть
CoreScripts.InGameMenu.Controls.MoveLeft,Движение влево
CoreScripts.InGameMenu.Controls.MoveRight,Движение вправо
CoreScripts.InGameMenu.Controls.NextTab,Следующая вкладка
CoreScripts.InGameMenu.Controls.PerformanceStats,Показатели производ.
CoreScripts.InGameMenu.Controls.Playerlist,Список лидеров
CoreScripts.InGameMenu.Controls.PreviousTab,Предыдущая вкладка
CoreScripts.InGameMenu.Controls.RecordVideo,Запись видео
CoreScripts.InGameMenu.Controls.ResetCameraLabel,Переместить / Сбросить камеру
CoreScripts.InGameMenu.Controls.RightArrow,Стрелка вправо
CoreScripts.InGameMenu.Controls.RightMouseButton,ПКМ
CoreScripts.InGameMenu.Controls.RobloxMenu,Меню Roblox
CoreScripts.InGameMenu.Controls.RotateCamera,Перевернуть
CoreScripts.InGameMenu.Controls.RotateCameraGamepad,Вращение камеры
CoreScripts.InGameMenu.Controls.Screenshot,Снимок экрана
CoreScripts.InGameMenu.Controls.SelectItemLabel,Выбрать предмет
CoreScripts.InGameMenu.Controls.Shift,Shift
CoreScripts.InGameMenu.Controls.Space,Пробел
CoreScripts.InGameMenu.Controls.SwitchToolGamepad,Сменить инструмент
CoreScripts.InGameMenu.Controls.ToggleFullscreen,Полный экран
CoreScripts.InGameMenu.Controls.UpArrow,Стрелка вверх
CoreScripts.InGameMenu.Controls.UseTool,Использовать инструмент
CoreScripts.InGameMenu.Controls.ZoomInCamera,Приблизить
CoreScripts.InGameMenu.Controls.ZoomInOutCamera,Приблизить/отдалить
CoreScripts.InGameMenu.Controls.ZoomOutCamera,Отдалить
CoreScripts.InGameMenu.EducationalPopup.MenuIconTooltip,Загрузить другие плейсы?
CoreScripts.InGameMenu.EducationalPopup.UINavigation.Description,"В некоторых плейсах доступен пользовательский навигационный режим, который позволяет использовать панель выбора или виртуальный курсор для взаимодействия с пользовательским интерфейсом."
CoreScripts.InGameMenu.EducationalPopup.UINavigation.Title,Как переключить режим навигации в интерфейсе
CoreScripts.InGameMenu.ExitModal.ActionExit,Закрыть Roblox
CoreScripts.InGameMenu.ExitModal.ActionHome,На главную
CoreScripts.InGameMenu.ExitModal.BodyTextClickHome,Нажми на иконку «На главную»
CoreScripts.InGameMenu.ExitModal.BodyTextOpenMenu,Открой меню Roblox
CoreScripts.InGameMenu.ExitModal.OptionDontShow,Больше не показывать
CoreScripts.InGameMenu.ExitModal.Subtitle,"Откройте для себя новый опыт, не покидая приложение"
CoreScripts.InGameMenu.ExitModal.Title,Новое приложение Roblox
CoreScripts.InGameMenu.GameSettings.AdvancedSettingsTitle,РАСШИРЕННЫЕ НАСТРОЙКИ
CoreScripts.InGameMenu.GameSettings.AutoGraphicsQuality,Автоматический режим качества
CoreScripts.InGameMenu.GameSettings.CameraMode,Режим камеры
CoreScripts.InGameMenu.GameSettings.CameraModeCameraToggle,Переключение камеры
CoreScripts.InGameMenu.GameSettings.CameraModeClassic,Классика
CoreScripts.InGameMenu.GameSettings.CameraModeFollow,Слежение
CoreScripts.InGameMenu.GameSettings.CameraSensitivity,Чувствительность камеры
CoreScripts.InGameMenu.GameSettings.CameraTitle,КАМЕРА
CoreScripts.InGameMenu.GameSettings.ClientCoreScriptVersion,Клиентская версия CoreScript: {CLIENT_CORESCRIPT_VERSION}
CoreScripts.InGameMenu.GameSettings.ClientVersion,Версия клиента: {CLIENT_VERSION}
CoreScripts.InGameMenu.GameSettings.ComfortSettingComfort,Комфорт
CoreScripts.InGameMenu.GameSettings.ComfortSettingCustom,Пользовательские
CoreScripts.InGameMenu.GameSettings.ComfortSettingExpert,Эксперт
CoreScripts.InGameMenu.GameSettings.ComfortSettingNormal,По умолчанию
CoreScripts.InGameMenu.GameSettings.ComfortSettingsDescription,Снижение укачивания за счёт регулировки движения и поля зрения
CoreScripts.InGameMenu.GameSettings.ComputerMoveModeClickToMove,Нажми для передвижения
CoreScripts.InGameMenu.GameSettings.ComputerMoveModeKeyboardMouse,
CoreScripts.InGameMenu.GameSettings.ControlsAudio,УПРАВЛЕНИЕ И ЗВУК
CoreScripts.InGameMenu.GameSettings.Default,
CoreScripts.InGameMenu.GameSettings.DeveloperConsole,
CoreScripts.InGameMenu.GameSettings.Friend,Друг
CoreScripts.InGameMenu.GameSettings.FullScreen,
CoreScripts.InGameMenu.GameSettings.GiveFeedback,Оставить обратную связь
CoreScripts.InGameMenu.GameSettings.GiveTranslationFeedback,
CoreScripts.InGameMenu.GameSettings.GraphicsTitle,ГРАФИКА
CoreScripts.InGameMenu.GameSettings.Haptics,Вибрация
CoreScripts.InGameMenu.GameSettings.InvertedCamera,Перевёрнутая камера
CoreScripts.InGameMenu.GameSettings.LockedByDeveloper,Заблокировано разработчиком
CoreScripts.InGameMenu.GameSettings.ManualGraphicsQuality,Уровень качества
CoreScripts.InGameMenu.GameSettings.MovementMode,Режим передвижения
CoreScripts.InGameMenu.GameSettings.Open,Открыть
CoreScripts.InGameMenu.GameSettings.PlaceVersion,Версия расположения: {PLACE_VERSION}
CoreScripts.InGameMenu.GameSettings.PlaceVersionWithLatest,Версия расположения: {PLACE_VERSION} (Посл.: {LATEST_PLACE_VERSION})
CoreScripts.InGameMenu.GameSettings.ReduceMotionDescription,Остановить или уменьшить эффекты движения
CoreScripts.InGameMenu.GameSettings.ReduceMotionLabel,Уменьшить движение
CoreScripts.InGameMenu.GameSettings.RequestSent,Запрос отправлен
CoreScripts.InGameMenu.GameSettings.RestartPending,Требуется перезапуск
CoreScripts.InGameMenu.GameSettings.SafetyBubbleModeAnyone,Все
CoreScripts.InGameMenu.GameSettings.SafetyBubbleModeDescription,"Реши, кто может подходить близко к тебе без исчезновения"
CoreScripts.InGameMenu.GameSettings.SafetyBubbleModeNoOne,Никто
CoreScripts.InGameMenu.GameSettings.SafetyBubbleModeOnlyFriends,Только друзья
CoreScripts.InGameMenu.GameSettings.SafetyBubbleModeTitle,Пузырь безопасности
CoreScripts.InGameMenu.GameSettings.ServerVersion,Версия сервера: {SERVER_VERSION}
CoreScripts.InGameMenu.GameSettings.ShiftLock,Переключение клавишей Shift
CoreScripts.InGameMenu.GameSettings.ShowMicroProfiler,Показать Micro Profiler
CoreScripts.InGameMenu.GameSettings.ShowPerfStats,Показать показатели производительности
CoreScripts.InGameMenu.GameSettings.SwitchToAdvancedSettings,Расширенные настройки
CoreScripts.InGameMenu.GameSettings.SwitchToVRComfortSettings,Пользовательские настройки
CoreScripts.InGameMenu.GameSettings.UINavToggle,Переключатель навигации по интерфейсу
CoreScripts.InGameMenu.GameSettings.UINavToggleDescription,Используй клавишу «\» для входа и выхода из режима навигации
CoreScripts.InGameMenu.GameSettings.VREnabled,Режим VR
CoreScripts.InGameMenu.GameSettings.VRSmoothRotationEnabled,Включён плавный поворот VR
CoreScripts.InGameMenu.GameSettings.VRSteppedRotationEnabled,Включён пошаговый поворот VR
CoreScripts.InGameMenu.GameSettings.VRThirdPersonFixedCamEnabled,Фиксированная камера от 3-го лица
CoreScripts.InGameMenu.GameSettings.VignetteEnabled,VR Vignette активирован
CoreScripts.InGameMenu.GameSettings.Volume,Громкость
CoreScripts.InGameMenu.GameSettings.VrControlsTitle,КОНТРОЛЬ VR
CoreScripts.InGameMenu.InviteFriends.ErrorOccured,Произошла ошибка. Повтори попытку позже.
CoreScripts.InGameMenu.InviteFriends.Loading,Загрузка!
CoreScripts.InGameMenu.InviteFriends.MakeFriendsNow,Подружиться
CoreScripts.InGameMenu.InviteFriends.NoFriends,"У тебя пока нет друзей. Загляни в меню с пользователями, чтобы добавить друзей."
CoreScripts.InGameMenu.InviteFriends.Search,
CoreScripts.InGameMenu.Label.TouchpadButton,Кнопка сенсорной панели
CoreScripts.InGameMenu.Label.ViewButton,Кнопка просмотра
CoreScripts.InGameMenu.Leave,
CoreScripts.InGameMenu.LeaveGame,
CoreScripts.InGameMenu.LeaveGameQuestion,Выйти?
CoreScripts.InGameMenu.Ok,
CoreScripts.InGameMenu.PageTitle.Controls,Управление...
CoreScripts.InGameMenu.PageTitle.GameSettings,Настройки
CoreScripts.InGameMenu.PageTitle.InviteFriends,Пригласить друзей
CoreScripts.InGameMenu.PageTitle.Players,Люди
CoreScripts.InGameMenu.PageTitle.Report,Пожаловаться
CoreScripts.InGameMenu.PageTitle.VRComfortSettings,Комфортные настройки
CoreScripts.InGameMenu.PeoplePage.SwitchServer,Переключить сервер
CoreScripts.InGameMenu.Prompt.BackToHome,"Да, на главную"
CoreScripts.InGameMenu.Prompt.ConfirmLeaveGame,Выйти из плейса?
CoreScripts.InGameMenu.Prompt.ConfirmResetCharacter,Сбросить персонажа?
CoreScripts.InGameMenu.Prompt.LeaveGame,"Да, выйти"
CoreScripts.InGameMenu.Prompt.LeaveGameBodyText,"Если ты покинешь плейс, то потеряешь весь несохранённый прогресс."
CoreScripts.InGameMenu.Prompt.LeaveGameTitle,Покинуть этот плейс?
CoreScripts.InGameMenu.Prompt.ResumeGame,Возобновить
CoreScripts.InGameMenu.Prompt.VRFTUXLeaveGameBodyText,Действительно покинуть плейс? Ты можешь получить доступ к руководству из меню «Ещё»
CoreScripts.InGameMenu.QuickActions.MuteSelf,Отключить звук у себя
CoreScripts.InGameMenu.QuickActions.Report,
CoreScripts.InGameMenu.QuickActions.Respawn,
CoreScripts.InGameMenu.QuickActions.UnmuteSelf,Включить звук у себя
CoreScripts.InGameMenu.Report.AbuseBullying,Агрессивное поведение
CoreScripts.InGameMenu.Report.AbuseDating,Флирт
CoreScripts.InGameMenu.Report.AbuseDetailsPlaceHolder,Объясни своими словами произошедшее
CoreScripts.InGameMenu.Report.AbuseExploiting,Жульничество
CoreScripts.InGameMenu.Report.AbuseOffsiteLink,Внешние ссылки
CoreScripts.InGameMenu.Report.AbusePersonalQuestion,Личный вопрос
CoreScripts.InGameMenu.Report.AbuseScamming,Мошенничество
CoreScripts.InGameMenu.Report.AbuseSwearing,Ненормативная лексика
CoreScripts.InGameMenu.Report.AbuseTypePlaceHolder,Выбери тип нарушения
CoreScripts.InGameMenu.Report.AbuseUsername,Недопустимое имя пользователя
CoreScripts.InGameMenu.Report.AdditionalDetails,Добавь комментарии здесь
CoreScripts.InGameMenu.Report.Block,Заблокировать
CoreScripts.InGameMenu.Report.BlockDescription,"Они больше не могут присоединиться к тебе на том же сервере, общаться с тобой или добавлять тебя в друзья."
CoreScripts.InGameMenu.Report.Category.Description.Experience,В этом плейсе плохое содержание.
CoreScripts.InGameMenu.Report.Category.Description.Other,"Этот пользователь следит за мной, у него неприличная рубашка и т. д."
CoreScripts.InGameMenu.Report.Category.Description.Text,Этот пользователь оскорблял других в чате.
CoreScripts.InGameMenu.Report.Category.Description.Voice,Этот пользователь громко кричал.
CoreScripts.InGameMenu.Report.Category.Header.Experience,Плейс
CoreScripts.InGameMenu.Report.Category.Header.Other,
CoreScripts.InGameMenu.Report.Category.Header.Text,Текстовый чат
CoreScripts.InGameMenu.Report.Category.Header.Voice,Голосовой чат
CoreScripts.InGameMenu.Report.Confirm,
CoreScripts.InGameMenu.Report.Confirmation.Blocked,Заблокировано
CoreScripts.InGameMenu.Report.Confirmation.Muted,Звук выключен
CoreScripts.InGameMenu.Report.Confirmation.MutedAndBlocked,Звук выключен и заблокирован
CoreScripts.InGameMenu.Report.Confirmation.MutedAndBlockedDescriptionWithUser,Ты больше не сможешь общаться с @{RBX_NAME}
CoreScripts.InGameMenu.Report.Confirmation.MutedDescriptionWithUser,Ты больше не сможешь слышать пользователя @{RBX_NAME}
CoreScripts.InGameMenu.Report.Confirmation.ThanksForReport,Спасибо за сообщение
CoreScripts.InGameMenu.Report.Confirmation.ThanksForReportDescription,Мы рассмотрим твой отчёт в ближайшее время и в случае необходимости примем меры.
CoreScripts.InGameMenu.Report.DSAFooter,"Чтобы сообщить о незаконном контенте в соответствии с определением Закона о цифровых услугах (ЕС), посети: https://www.roblox.com/illegal-content-reporting"
CoreScripts.InGameMenu.Report.Done,
CoreScripts.InGameMenu.Report.FlagingGame,Ты сообщаешь о недопустимом контенте игрока {RBX_NAME}.
CoreScripts.InGameMenu.Report.MenuTitle,Опиши свою жалобу
CoreScripts.InGameMenu.Report.Mute,Отключить звук
CoreScripts.InGameMenu.Report.MuteDescription,Ты больше не сможете слышать пользователя
CoreScripts.InGameMenu.Report.OtherStepsTitle,"Другие шаги, которые ты можешь предпринять: @{RBX_NAME}"
CoreScripts.InGameMenu.Report.ReportExperience,
CoreScripts.InGameMenu.Report.ReportGameTitle,Пожаловаться на: {RBX_NAME}
CoreScripts.InGameMenu.Report.ReportPlayerTitle,Пожаловаться на пользователя
CoreScripts.InGameMenu.Report.ReportTitle,
CoreScripts.InGameMenu.Report.ReportingGame,Ты сообщаешь о недопустимом контенте от пользователя {RBX_NAME}.
CoreScripts.InGameMenu.Report.SelectAbuseType,Выберите тип нарушения
CoreScripts.InGameMenu.Report.SendReport,
CoreScripts.InGameMenu.Report.ThanksForReport,
CoreScripts.InGameMenu.Report.ThanksForReportDescription,Мы рассмотрим жалобу в ближайшее время. Благодаря твоей обратной связи наше сообщество остаётся безопасным.
CoreScripts.InGameMenu.Report.Title.Experience,Отчет о плейсе
CoreScripts.InGameMenu.Report.Title.Other,Другой отчёт
CoreScripts.InGameMenu.Report.Title.TextChat,Отчёт о тестовом чате
CoreScripts.InGameMenu.Report.Title.VoiceChat,Отчёт о голосовом чате
CoreScripts.InGameMenu.Report.WillReviewBody,Наши модераторы ознакомятся с информацией и примут решение.
CoreScripts.InGameMenu.RespawnCharacter,Возрождение персонажа
CoreScripts.InGameMenu.RespawnCharacterDialogBody,Персонаж возродится снова в определённой локации.
CoreScripts.InGameMenu.RespawnCharacterDialogConfirm,
CoreScripts.InGameMenu.RespawnCharacterDialogTitle,Возрождение персонажа?
CoreScripts.InGameMenu.VirtualCursorHintPostIcon,чтобы переключаться по меню
CoreScripts.InGameMenu.VirtualCursorHintPreIcon,В некоторых плейсах для навигации по меню необходимо нажать
CoreScripts.PremiumModal.Title.Error,
CoreScripts.PublishAssetPrompt.AssetDescriptionPlaceholder,Описание
CoreScripts.PublishAssetPrompt.Cancel,
CoreScripts.PublishAssetPrompt.Description,
CoreScripts.PublishAssetPrompt.DisclaimerAvatar,"Я согласен с тем, что этот плейс будет представлять мой предмет для аватара для модерации и загрузки в Мои разработки."
CoreScripts.PublishAssetPrompt.DisclaimerEmote,"Я согласен с тем, что этот плейс будет представлять мою эмоцию для модерации и загрузки в Мои разработки."
CoreScripts.PublishAssetPrompt.DisclaimerModel,"Созданные предметы будут проверены, и ты не сможешь получить возврат за отклонённые предметы, которые не соответствуют Правилам сообщества."
CoreScripts.PublishAssetPrompt.InvalidDescription,Неверное описание
CoreScripts.PublishAssetPrompt.InvalidName,Неверное имя
CoreScripts.PublishAssetPrompt.Name,Название
CoreScripts.PublishAssetPrompt.NoUserInput,Что-то пошло не так. Попробуй ещё раз.
CoreScripts.PublishAssetPrompt.PackagesDefaultName,Набор от {RBX_NAME}
CoreScripts.PublishAssetPrompt.PublishFailed,
CoreScripts.PublishAssetPrompt.PublishFailedTitle,Отправка не удалась
CoreScripts.PublishAssetPrompt.PublishSuccessMessage,Ты можешь найти этот предмет в своём инвентаре.
CoreScripts.PublishAssetPrompt.PublishSuccessTitle,
CoreScripts.PublishAssetPrompt.ResultModalOk,
CoreScripts.PublishAssetPrompt.Submit,
CoreScripts.PublishAssetPrompt.TitleTextClothing,Отправить одежду
CoreScripts.PublishAssetPrompt.TitleTextEmote,Отправить эмоцию
CoreScripts.PublishAssetPrompt.TitleTextModel,Отправить пакет
CoreScripts.PublishAssetPrompt.TitleTextPackage,
CoreScripts.PublishAssetPrompt.UndefinedError,Что-то пошло не так. Попробуй ещё раз. Код ошибки: {RESULT_TYPE}
CoreScripts.PublishAvatarPrompt.BodyName,Имя тела
CoreScripts.PublishAvatarPrompt.BuyCreation,Купить разработку
CoreScripts.PublishAvatarPrompt.Close,
CoreScripts.PublishAvatarPrompt.LeaveCreationTitle,Оставить?
CoreScripts.PublishAvatarPrompt.Pan,Панорама
CoreScripts.PublishAvatarPrompt.PurchaseCompleteDescription,Ты сможешь найти предмет в инвентаре.
CoreScripts.PublishAvatarPrompt.ResetView,
CoreScripts.PublishAvatarPrompt.Rotate,Повернуть
CoreScripts.PublishAvatarPrompt.Zoom,
CoreScripts.PublishCommon.Disclaimer,
CoreScripts.PublishCommon.Leave,
CoreScripts.PublishCommon.Stay,
CoreScripts.PublishCommon.UnsavedWarning,Ты можешь потерять любые несохранённые изменения
CoreScripts.PurchasePrompt.Button.OK,
CoreScripts.PurchasePrompt.Button.Settings,
CoreScripts.PurchasePrompt.CancelPurchase.Cancel,
CoreScripts.PurchasePrompt.ItemType.Bundle,Комплект
CoreScripts.PurchasePrompt.ProductType.Product,Продукт
CoreScripts.PurchasePrompt.PurchaseDetails.ScaryModalOne,"Эта покупка предполагает оплату реальными деньгами.

Я подтверждаю, что мне исполнилось 18 лет и я являюсь родителем или опекуном владельца аккаунта. Я подтверждаю эту покупку и принимаю Условия использования."
CoreScripts.PurchasePrompt.PurchaseDetails.ScaryModalParental,В этом месяце вы потратили в Roblox много денег. Квитанции этой и всех последующих покупок будут отправлены на подтверждённый адрес эл. почты родителя или опекуна. 
CoreScripts.PurchasePrompt.PurchaseDetails.ScaryModalTwo,"В этом месяце вы потратили в Roblox много денег. Продолжить? Эта покупка предполагает оплату реальными деньгами. Чтобы подтвердить эту покупку, вы должны быть родителем или опекуном владельца аккаунта."
CoreScripts.PurchasePrompt.PurchaseFailed.AlreadyOwn,У тебя уже есть этот предмет. Средства с твоего аккаунта не были списаны.
CoreScripts.PurchasePrompt.PurchaseFailed.Enable2SV,"Необходима двухшаговая проверка для совершения дальнейших транзакций. Перейди в Настройки > Безопасность, чтобы завершить двухшаговую проверку."
CoreScripts.PurchasePrompt.PurchaseFailed.Enable2SVLogout,"Для совершения дальнейших транзакций необходима двухшаговая проверка. Перейди в Настройки > Безопасность, чтобы завершить двухшаговую проверку. При включении двухшаговой проверки будет выполнен выход из текущей сессии."
CoreScripts.PurchasePrompt.PurchaseFailed.NotEnoughRobux,"Цена товара превышает количество Robux, которое ты можешь купить. Перейди на страницу www.roblox.com, чтобы приобрести больше Robux."
CoreScripts.PurchasePrompt.PurchaseFailed.NotForSale,Этот предмет в настоящее время не продаётся. Средства с твоего аккаунта не были списаны.
CoreScripts.PurchasePrompt.PurchaseFailed.PurchaseDisabled,"Покупка не удалась, потому что встроенные покупки временно недоступны. Средства с твоего аккаунта не были списаны. Повтори попытку позже."
CoreScripts.PurchasePrompt.PurchaseFailed.Under13,Владелец аккаунта младше 13 лет. Ты не можешь купить этот предмет. Средства с твоего аккаунта не были списаны.
CoreScripts.PurchasePrompt.PurchaseFailed.UnknownFailureNoItemName,"Покупка не удалась, так как что-то пошло не так. Средства с твоего аккаунта не были списаны. Повтори попытку позже."
CoreScripts.PurchasePrompt.Title.BuyItem,Купить предмет
CoreScripts.PurchasePrompt.Title.VerificationRequired,Требуется подтверждение
CoreScripts.ScreenshotHud.Action.Cancel,
CoreScripts.ScreenshotHud.Action.TakePhoto,Сделать снимок
CoreScripts.TextChat.ChatTranslation.ChatWindow.SystemMessageNew,Roblox автоматически переводит поддерживаемые языки в чате
CoreScripts.TextChat.ChatTranslation.FTUX.TitleNew,Перевод чата включён для поддерживаемых языков
CoreScripts.TextChat.Clear.Help.Description,/clear или /cls: очистить сообщения в окне чата 
CoreScripts.TextChat.Emote.Error.DoesNotExist,Эмоция не существует.
CoreScripts.TextChat.Emote.Error.NotEnabled,Невозможно использовать эту эмоцию здесь.
CoreScripts.TextChat.Emote.Error.NotEquipped,Эта эмоция не установлена.
CoreScripts.TextChat.Emote.Error.NotOwnedGeneric,Эта эмоция отсутствует.
CoreScripts.TextChat.Help.FirstLine,Это основные команды чата:
CoreScripts.TextChat.InputBar.Hint.Gamepad,Для общения используй кнопку «{CHAT_BUTTON}» в меню.
CoreScripts.TextChat.InputBar.Hint.GamepadConnected,"Нажми «{CONFIRM_KEY}», чтобы печатать"
CoreScripts.TextChat.InputBar.Hint.GamepadConnectedConfirm,
CoreScripts.TextChat.InputBar.Hint.MouseKeyboard,"Чтобы отправить сообщение в чате, нажми здесь или на клавишу {KEY}"
CoreScripts.TextChat.InputBar.Hint.PrivacySettingsDisabled,В настройках чата заблокирована возможность отправлять и получать сообщения.
CoreScripts.TextChat.InputBar.Hint.Touch,"Нажми, чтобы написать"
CoreScripts.TextChat.MessageStatus.Warning.Floodchecked,"Необходимо подождать, прежде чем отправлять новое сообщение."
CoreScripts.TextChat.MessageStatus.Warning.InvalidPrivacySettings,
CoreScripts.TextChat.MessageStatus.Warning.MessageTooLong,Превышено максимально допустимое количество символов в сообщении.
CoreScripts.TextChat.MessageStatus.Warning.ModerationTimeout,Ты не можешь отправлять сообщения в чат. Никто не будет видеть твои сообщения.
CoreScripts.TextChat.MessageStatus.Warning.TextFilterFailed,Могут возникать задержки в отображении сообщений из-за проблем с фильтром чата.
CoreScripts.TextChat.MessageStatus.Warning.Unknown,Не удалось отправить сообщение.
CoreScripts.TextChat.Mute.Error.CannotMuteSelf,Невозможно отключить звук.
CoreScripts.TextChat.Mute.Error.MultipleMatches,Следующие пользователи имеют это отображаемое имя: {RBX_LIST_NAMES}
CoreScripts.TextChat.Mute.Error.TargetDoesNotExist,Пользователь {RBX_NAME} не существует.
CoreScripts.TextChat.Mute.Success,Звук пользователя {RBX_NAME} отключён.
CoreScripts.TextChat.Notification.WhisperChat.Created,Ты в канале для личного общения с пользователем {RBX_NAME}.
CoreScripts.TextChat.TeamChat.Error.NotOnTeam,"Ты не можешь общаться в командном чате, если не состоишь в команде."
CoreScripts.TextChat.TeamChat.PrefixText,[Команда]
CoreScripts.TextChat.Unmute.Success,Звук пользователя {RBX_NAME} включён.
CoreScripts.TextChat.Version.Success,{RBX_VERSION}
CoreScripts.TextChat.Whisper.Error.CannotChat,Ты не можешь общаться с этим пользователем.
CoreScripts.TextChat.WhisperChat.PrefixText.Incoming,[От: {RBX_NAME}]
CoreScripts.TextChat.WhisperChat.PrefixText.Outgoing,[Для: {RBX_NAME}]
CoreScripts.TopBar.Back,
CoreScripts.TopBar.Chat,
CoreScripts.TopBar.ControlMessageMotion,Отслеживание движения
CoreScripts.TopBar.ControlMessageOff,Выкл.
CoreScripts.TopBar.ControlMessageOn,Вкл.
CoreScripts.TopBar.ControlMessageSound,Отслеживание звука
CoreScripts.TopBar.DynamicAvatarMissingErrorBody,Аватар > Настройки > Голова и тело
CoreScripts.TopBar.DynamicAvatarMissingErrorHeader,"Чтобы подмигнуть, нужна динамическая голова"
CoreScripts.TopBar.Emotes,Эмоции
CoreScripts.TopBar.GameNamePlaceHolder,
CoreScripts.TopBar.HideChat,Спрятать чат
CoreScripts.TopBar.Inventory,Инвентарь
CoreScripts.TopBar.JoinVoice,Включить голосовой чат
CoreScripts.TopBar.Label.UILessHintDescription,"Нажми ESC, чтобы открыть меню Roblox"
CoreScripts.TopBar.Label.UILessHintTitle,Новый способ открыть меню Roblox
CoreScripts.TopBar.Leaderboard,
CoreScripts.TopBar.Leave,
CoreScripts.TopBar.Menu,
CoreScripts.TopBar.MoreMenu,Меню «Ещё»
CoreScripts.TopBar.Music,Музыка
CoreScripts.TopBar.MusicLoading,Аудио не воспроизводится
CoreScripts.TopBar.MusicNotVerified,Воспроизведимое аудио не проверено
CoreScripts.TopBar.Respawn,
CoreScripts.TopBar.RobloxMenu,
CoreScripts.TopBar.RobloxMenuReferralRewardTooltip,Пригласить друзей для {referralRewardName}
CoreScripts.TopBar.RobloxPermissionErrorBody,Настройки Roblox › Конфиденциальность › Микрофон и камера
CoreScripts.TopBar.RobloxPermissionErrorBodyTwo,Настройки Roblox › Конфиденциальность и Зрелость контента › Коммуникация › Ввод камеры
CoreScripts.TopBar.RobloxPermissionErrorHeader,Разрешить доступ к камере
CoreScripts.TopBar.SelfViewLabel,Самопросмотр
CoreScripts.TopBar.ShowChat,Показать чат
CoreScripts.TopBar.Title.ExperienceControls,Управление плейсом
CoreScripts.TopBar.ToggleMic,Отключить/Включить свой звук
CoreScripts.VRFTUX.Action.Next,
CoreScripts.VRFTUX.Action.Skip,Пропустить
CoreScripts.VRFTUX.Description.Movement.Body1,"Чтобы перемещаться по плейсу, используй большой палец на <b>левом</b> контроллере."
CoreScripts.VRFTUX.Description.Movement.Body2,Нажми на кнопку <b>A</b> для прыжка.
CoreScripts.VRFTUX.Description.Movement.Body3,"Чтобы повернуться на месте, используй <b>правый</b> стик для перемещения влево или вправо."
CoreScripts.VRFTUX.Description.OtherSettings.Body1,Ты также можешь изменить другие настройки комфорта и погружения в Меню плейса.
CoreScripts.VRFTUX.Description.OtherSettings.Body2,"Урок завершён! Время насладиться Roblox!
Используй кнопку выхода на нижней панели, чтобы покинуть плейс."
CoreScripts.VRFTUX.Description.Perspective.Body1,"Попробуй переключиться между видом от первого и третьего лица, нажав мини-джойстик на <b>правом</b> контроллере."
CoreScripts.VRFTUX.Description.Perspective.Body2,"По умолчанию перспектива в Roblox настроена на вид от третьего лица, но ты можешь выбрать режим погружения в Roblox от первого лица."
CoreScripts.VRFTUX.Description.SafetyBubble.Body1,"Чтобы обеспечить твою безопасность в виртуальной реальности, мы представили функцию под названием <b>Пузырь безопасности</b>."
CoreScripts.VRFTUX.Description.SafetyBubble.Body2,"Это невидимый пузырь вокруг тебя, который определяет, насколько близко другие игроки могут подойти к тебе, не исчезая. Эти элементы управления можно настроить в <b>Меню плейса</b>."
CoreScripts.VRFTUX.Heading.Header,Добро пожаловать в Roblox
CoreScripts.VRFTUX.Heading.Movement,Управление перемещением
CoreScripts.VRFTUX.Heading.OtherSettings.Title,Другие настройки
CoreScripts.VRFTUX.Heading.Perspective,Изменить перспективу
CoreScripts.VRFTUX.Heading.SafetyBubble.Title,
CoreScripts.VRFTUX.Label.Footer,"Надеемся, что тебе будет весело!"
Corescripts.AvatarContextMenu.AcceptFriendRequest,Принять запрос дружбы
Corescripts.AvatarContextMenu.AddFriend,
Corescripts.AvatarContextMenu.Chat,
Corescripts.AvatarContextMenu.ChatDisabled,Чат отключён
Corescripts.AvatarContextMenu.FriendRequestPending,Запрос о дружбе на рассмотрении
Corescripts.AvatarContextMenu.Friends,Друзья
Corescripts.AvatarContextMenu.PlayerBlocked,Пользователь заблокирован
Corescripts.AvatarContextMenu.Wave,Волна
Feature.Accessibility.Action.ScrollDown,Прокрутить вниз
Feature.Accessibility.Action.ScrollUp,Прокрутить вверх
Feature.Accessibility.Description.PreferredTextSize,Отрегулируй размер текста в Roblox в соответствии с предпочтениями
Feature.Accessibility.Description.PreferredTransparency,"Улучшить контраст, изменив прозрачность на некоторых фонах"
Feature.Accessibility.Description.ReducedMotion,
Feature.Accessibility.Description.UiNavigationKeyBind,Используй клавишу {uiNavigationKey} для входа и выхода из режима навигации
Feature.Accessibility.Header.Haptics,
Feature.Accessibility.Heading.PreferredTextSize,Размер текста
Feature.Accessibility.Heading.PreferredTransparency,Прозрачность фона
Feature.Accessibility.Heading.ReducedMotion,
Feature.Accessibility.Heading.UiNavigationKeyBind,
Feature.Accessibility.PreferredTextSize.Default,
Feature.Accessibility.PreferredTextSize.Largest,Самый большой
Feature.Accessibility.PreferredTransparency.Opaque,Непрозрачный
Feature.Accessibility.PreferredTransparency.Transparent,Прозрачный
Feature.AccountSettings.Label.Discord,Discord
Feature.AddFriends.Action.FriendAdded,Друг добавлен
Feature.AddFriends.Action.RequestIgnored,Запрос заблокирован
Feature.Avatar.Heading.BodyParts,Части тела
Feature.Avatar.Heading.Clothing,Одежда
Feature.Avatar.Label.Accessory,Аксессуар
Feature.Avatar.Label.Back,Спина
Feature.Avatar.Label.ClassicPants,Классические брюки
Feature.Avatar.Label.ClassicShirts,Классические рубашки
Feature.Avatar.Label.ClassicTShirts,Классические футболки
Feature.Avatar.Label.Climb,Лазание
Feature.Avatar.Label.DressesAndSkirts,Платья и юбки
Feature.Avatar.Label.DynamicHead,Динамическая голова
Feature.Avatar.Label.Emote,Эмоция
Feature.Avatar.Label.Face,Лицо
Feature.Avatar.Label.Fall,Падение
Feature.Avatar.Label.Front,Передняя часть
Feature.Avatar.Label.Gear,Снаряжение
Feature.Avatar.Label.Hair,Причёска
Feature.Avatar.Label.Hat,Головной убор
Feature.Avatar.Label.Head,Голова
Feature.Avatar.Label.Idle,Бездействие
Feature.Avatar.Label.Jacket,Куртка
Feature.Avatar.Label.Jump,
Feature.Avatar.Label.LeftArm,Левая рука
Feature.Avatar.Label.LeftArms,Левые руки
Feature.Avatar.Label.LeftInitial,L
Feature.Avatar.Label.LeftLeg,Левая нога
Feature.Avatar.Label.LeftLegs,Левые ноги
Feature.Avatar.Label.LeftShoe,Левый ботинок
Feature.Avatar.Label.Mood,Настроение
Feature.Avatar.Label.Neck,Шея
Feature.Avatar.Label.Pants,Брюки
Feature.Avatar.Label.Right,R
Feature.Avatar.Label.RightArm,Правая рука
Feature.Avatar.Label.RightArms,Правые руки
Feature.Avatar.Label.RightInitial,
Feature.Avatar.Label.RightLeg,Правая нога
Feature.Avatar.Label.RightLegs,Правые ноги
Feature.Avatar.Label.RightShoe,Правый ботинок
Feature.Avatar.Label.Run,Бег
Feature.Avatar.Label.Shirt,Рубашка
Feature.Avatar.Label.Shorts,Шорты
Feature.Avatar.Label.Shoulder,Плечо
Feature.Avatar.Label.Sweater,Свитер
Feature.Avatar.Label.Swim,Плавание
Feature.Avatar.Label.TShirt,Футболка
Feature.Avatar.Label.Torso,Торс
Feature.Avatar.Label.Waist,Талия
Feature.Avatar.Label.Walk,Ходьба
Feature.Avatar.Message.FTUXSelfieViewClosedTooltip,Ты можешь найти свою камеру и элементы управления просмотром здесь
Feature.Avatar.Message.FTUXSelfieViewOpenedTooltip,"Используй свою камеру, чтобы твой аватар улыбался и двигался так же, как ты"
Feature.AvatarSwitcher.Heading.SwitchAvatar,Переключить аватар
Feature.BlockingModal.Action.Block,
Feature.BlockingModal.Action.BlockAndReport,Заблокировать и пожаловаться
Feature.BlockingModal.Action.Cancel,
Feature.BlockingModal.Heading.BlockUser,Заблокировать: {DisplayName}?
Feature.Call.Error.Description.Generic,Что-то пошло не так. Повтори попытку позже.
Feature.Catalog.Label.Animation,Анимация
Feature.Catalog.Label.Attribution,Сделано в
Feature.Catalog.Label.Body,Тело
Feature.Catalog.Label.Bundle,
Feature.Catalog.Label.CategoryType,Тип
Feature.Catalog.Label.Emotes,
Feature.Catalog.Label.Eyebrow,Бровь
Feature.Catalog.Label.Eyelash,Ресницы
Feature.Catalog.Label.Filter.Creator,Автор
Feature.Catalog.Label.Filter.Hide,Скрыть
Feature.Chat.Action.MuteVoice,
Feature.Chat.Action.UnmuteVoice,Включить звук
Feature.Chat.Heading.PartyWithConnections,Создать команду с контактами
Feature.Chat.Heading.PartyWithFriends,Создать команду с друзьями
Feature.Chat.Label.Details,Подробности
Feature.Chat.Label.GroupName,Имя группы
Feature.Chat.Label.ReplyingToOthers,В ответ {DISPLAY_NAME}
Feature.Chat.Message.MessageUnavailable,Сообщение недоступно
Feature.DisplayName.ErrorMessage.SomethingWentWrong,
Feature.DynamicUI.Translation.Reporting.IllegalContentEUBody,
Feature.FaceChat.Heading.FacialAnimation,Анимация лица
Feature.FaceChat.Heading.LowPerformanceDetected,Обнаружена низкая производительность
Feature.FaceChat.Heading.NotAvailable,Анимация лица недоступна
Feature.FaceChat.Heading.PromptNoDynamicHeadEquipped,
Feature.FaceChat.Heading.UnableToAccessCamera,Невозможно получить доступ к камере
Feature.FaceChat.Heading.VideoPerformancePromptDisable,Низкая производительность устройства
Feature.FaceChat.Heading.VideoUnsupported,Камера устройства не поддерживается
Feature.FaceChat.Message.PlaceUnavailable,Эта локация временно недоступна. Повтори попытку позже.
Feature.FaceChat.Subtitle.FeatureDisabled,Анимация лица временно недоступна. Повтори попытку позже.
Feature.FaceChat.Subtitle.NotAvailable,Попробуй перезайти.
Feature.FaceChat.Subtitle.PromptNoDynamicHeadEquipped,Голова аватара не поддерживает лицевую анимацию. Совместимые головы доступны в инвентаре и в Магазине аватаров.
Feature.FaceChat.Subtitle.UnableToAccessCamera,"Чтобы анимировать аватар с помощью камеры, перейди в настройки операционной системы, чтобы разрешить использование камеры"
Feature.FaceChat.Subtitle.UnsupportedDevice,Твоё оборудование не соответствует требованиям для анимации аватара с помощью камеры.
Feature.FaceChat.Subtitle.VideoPerformancePromptDisable,Отключение камеры может повысить производительность.
Feature.FaceChat.Subtitle.VideoUnsupported,Roblox не может использовать твою камеру для анимации твоего аватара.
Feature.Friends.Action.Block,
Feature.Friends.Action.FriendRequestSent,Запрос дружбы отправлен
Feature.Friends.Action.Unblock,Разблокировать
Feature.Friends.Action.Unfriend,
Feature.Friends.Error.UnblockTargetBlockedOnPlatform,Этот пользователь заблокирован на другой платформе.
Feature.Friends.Error.UserBannedError,Невозможно выполнить эту операцию в связи с блокировкой.
Feature.Friends.Error.UserBlockedError,
Feature.Friends.Label.Cancel,
Feature.Friends.Label.Followers,Подписчики
Feature.Friends.Label.Following,Подписки
Feature.Friends.Label.FollowsYou,Подписчик
Feature.Friends.Label.Friend,
Feature.Friends.Label.MutualFriends,Общие друзья:
Feature.GameDetails.Label.VoiceChat,
Feature.GamepadDisconnect.Label.Message,"Контроллер для пользователя ""%s"" был отключён. Нажми '%s' на контроллере, который хочешь использовать."
Feature.GamepadDisconnect.Label.MessageGeneric,Контроллер для пользователя «%s» был отключён. Подключи контроллер.
Feature.GamepadDisconnect.Label.Title,Отсутствующий контроллер
Feature.Groups.Action.Close,
Feature.Groups.Action.Follow,Подписаться
Feature.Groups.Action.JoinGroup,Присоединиться к сообществу
Feature.Groups.Description.PremiumMaxGroups,Ты состоишь в максимальном количестве сообществ.
Feature.Groups.Description.RequiresAccountTenureTooltipOneDay,Невозможно присоединиться. Для вступления в это сообщество аккаунт должен быть создан не менее 1 дня назад.
Feature.Groups.Description.RequiresAccountTenureTooltipOneMonth,Невозможно присоединиться. Для вступления в это сообщество аккаунт должен быть создан не менее 30 дней назад.
Feature.Groups.Description.RequiresAccountTenureTooltipOneWeek,Невозможно присоединиться. Для вступления в это сообщество аккаунт должен быть создан не менее 7 дней назад.
Feature.Groups.Description.RequiresAccountTenureTooltipThreeDays,Невозможно присоединиться. Для вступления в это сообщество аккаунт должен быть создан не менее 3 дней назад.
Feature.Groups.Description.RequiresAccountTenureTooltipThreeMonths,Невозможно присоединиться. Для вступления в это сообщество аккаунт должен быть создан не менее 90 дней назад.
Feature.Groups.Heading.Followers,
Feature.Groups.Heading.Members,Участники
Feature.Groups.Heading.SocialMedia,Соцсети
Feature.Groups.Label.ByOwnerWithFormat,Автор: {ownerName}
Feature.Groups.Message.BannedFromGroup,Тебя заблокировали в этом сообществе.
Feature.Groups.Message.GroupClosed,Вы не можете вступить в закрытое коммьюнити.
Feature.Groups.Modal.ContentTextHigh,"Подтверди свой аккаунт, чтобы присоединиться к сообществу.

1. Перейди в Информация об аккаунте > Подтвердить возраст
2. Заверши процесс проверки"
Feature.Groups.Modal.ContentTextLow,"Подтверди свой аккаунт, чтобы вступить в сообщество.

1. Перейди к Информации об аккаунте
2. Выбери способ подтверждения:
    - Добавить номер телефона 
    - Добавить эл. почту
    - Подтвердить возраст
3. Звершить процесс проверки"
Feature.Groups.Modal.ContentTextMedium,"Подтверди свой аккаунт, чтобы вступить в сообщество.

1. Перейди к Информации об аккаунте
2. Выбери способ подтверждения:
    - Добавить номер телефона И Добавить эл. почту
    - Подтвердить возраст
3. Звершить процесс проверки"
Feature.InExperienceIntervention.Action.LetUsKnow,Расскажи нам
Feature.InExperienceIntervention.Action.Understand,Понятно
Feature.InExperienceIntervention.Description.BeRespectful,"В будущем, пожалуйста, следуй правилам и относись с уважением к другим пользователям."
Feature.InExperienceIntervention.Description.CannotSend,Ты не можешь отправлять сообщения в текстовом чате в течение {number} мин.
Feature.InExperienceIntervention.Description.CannotSend1Min,Ты не можешь отправлять сообщения в текстовом чате в течение 1 мин.
Feature.InExperienceIntervention.Description.CantUsePartyChat,"Ты не можешь отправлять сообщения сейчас. Если ты нарушишь правила снова, ты можешь потерять доступ к аккаунту."
Feature.InExperienceIntervention.Description.ChatDisabled,Из-за неоднократных нарушений Правил сообщества Roblox мы временно отключили возможность отправлять сообщения в чате.
Feature.InExperienceIntervention.Description.ChatIncludes,Текстовый чат включает:
Feature.InExperienceIntervention.Description.Disclaimer,Мы ошиблись? {startLink}Расскажи нам{endLink}
Feature.InExperienceIntervention.Description.FeedbackHelps,Твой отзыв поможет нам улучшить системы.
Feature.InExperienceIntervention.Description.LoseAccess,"Если это произойдет снова, ты можешь потерять доступ к своему аккаунту."
Feature.InExperienceIntervention.Description.MayLoseAccess,"Если ты снова нарушишь правила, ты можешь потерять доступ к своему аккаунту."
Feature.InExperienceIntervention.Description.Mistake,Мы ошиблись?
Feature.InExperienceIntervention.Description.PartyChatMayBeSuspended,Передача личной информации запрещена в Roblox. Действие чата может быть приостановлено при нарушении правил.
Feature.InExperienceIntervention.Description.TextChatMayBeSuspended,"Использование текстового чата может быть приостановлено, если ты снова нарушишь правила."
Feature.InExperienceIntervention.Heading.CannotChat,Ты не можешь отправлять чаты в течение {number} мин.
Feature.InExperienceIntervention.Heading.ChatBreaksRules,Текстовый чат нарушает правила
Feature.InExperienceIntervention.Heading.ChatSuspended,Использование чата приостановлено на {number} мин.
Feature.InExperienceIntervention.Heading.DontSharePersonalInformation,Не делись личной информацией
Feature.InExperienceIntervention.Heading.PartyChatSuspended,Действие чата приостановлено на {remainingTime}
Feature.InExperienceIntervention.Heading.TakeALook,Мы разберёмся
Feature.InExperienceIntervention.Heading.TextChatSuspension,Приостановка чата
Feature.NativeAds.Label.Ad,Реклама
Feature.Notifications.Action.PushUpsellAllow,Разрешить
Feature.Notifications.Action.PushUpsellNotNow,Не сейчас
Feature.Notifications.Heading.PushUpsellChat,Оставайся на связи
Feature.Notifications.Heading.PushUpsellGeneric,Не пропусти
Feature.Notifications.Heading.TurnOnNotifications,Включить уведомления
Feature.Notifications.Label.GetUpdatesFromExperience,"Получать обновления из плейса {experienceName}, когда ты не в сети?"
Feature.Notifications.Label.PushUpsellGeneric,"Получай уведомления о событиях, таких как сообщения в чате, приглашения, запросы в друзья и многое другое."
Feature.Notifications.Label.ReceiveActivityUpdates,Получай обновления об активности во время своего отсутствия
Feature.Notifications.Response.NotificationsEnabled,Уведомления отключены для этого плейса
Feature.Notifications.Response.NotificationsEnabledForExperience,Уведомления включены для плейса {experienceName}
Feature.Profile.Action.Accept,Принять
Feature.Profile.Action.Chat,
Feature.Profile.Action.JoinGame,Присоединиться
Feature.Profile.Action.Pending,
Feature.Profile.Heading.Statistics,Статистика
Feature.ReportAbuse.Action.AttachScreenshot,Прикрепить скриншот
Feature.ReportAbuse.Action.BackToExperience,Вернуться в плейс
Feature.ReportAbuse.Action.BuildAReport,Текстовый режим
Feature.ReportAbuse.Action.Close,
Feature.ReportAbuse.Action.ContinueReport,Продолжить
Feature.ReportAbuse.Action.EnterChatLineReporting,Жалоба на нарушение
Feature.ReportAbuse.Action.EnterSceneReporting,Вход в режим выделения
Feature.ReportAbuse.Action.ErrorModalGoBack,
Feature.ReportAbuse.Action.HighlightScene,Выделить сцену
Feature.ReportAbuse.Action.Next,
Feature.ReportAbuse.Action.Retake,Переснять
Feature.ReportAbuse.Action.RetakeScene,Сделать повторный захват сцены
Feature.ReportAbuse.Action.ReturnToExperience,
Feature.ReportAbuse.Action.SelectInScene,Режим выделения
Feature.ReportAbuse.Action.Submit,
Feature.ReportAbuse.Action.TextMute,Блокировать чаты от: {name}
Feature.ReportAbuse.DSAIllegal.ReportLink,Сообщи о незаконном контенте в соответствии с Законом о цифровых услугах (ЕС).
Feature.ReportAbuse.DSAIllegal.ReportPageTitle,Сообщить о незаконном контенте
Feature.ReportAbuse.Heading.ReportAbuse,
Feature.ReportAbuse.Heading.ReportUsingSelectInScene,"Отправить отчёт, используя режим выделения"
Feature.ReportAbuse.Heading.SelectInSceneErrorTitle,Ошибка: максимум 5 кругов
Feature.ReportAbuse.Label.Avatar,Аватар
Feature.ReportAbuse.Label.CategoryBullyingV2,"Агрессивное поведение, травля, дискриминация"
Feature.ReportAbuse.Label.CategoryContent,"Недопустимый контент: место, изображение, модель"
Feature.ReportAbuse.Label.CategoryDating,
Feature.ReportAbuse.Label.CategoryInappropriate,Недопустимые выражения: ругательства и материалы для взрослых
Feature.ReportAbuse.Label.CategoryOther,Другое нарушение правил
Feature.ReportAbuse.Label.CategoryPrivateInfo,Просьба предоставить личную информацию
Feature.ReportAbuse.Label.CategoryScamming,"Мошенничество, спекуляция, скам"
Feature.ReportAbuse.Label.CategoryTheft,"Кража аккаунта: фишинг, взлом, продажа"
Feature.ReportAbuse.Label.CategoryThreats,"Угрозы в реальной жизни, угроза самоубийства"
Feature.ReportAbuse.Label.ChooseOne,Выбери вариант
Feature.ReportAbuse.Label.Content,Недопустимое содержимое
Feature.ReportAbuse.Label.Experience,
Feature.ReportAbuse.Label.FinishChatReport,Закончить отчёт
Feature.ReportAbuse.Label.HighlightProblem,Выдели проблему с кругами
Feature.ReportAbuse.Label.Optional,Необязательно
Feature.ReportAbuse.Label.Person,Пользователь
Feature.ReportAbuse.Label.PleaseSelectOne,Выбери причину
Feature.ReportAbuse.Label.Report,
Feature.ReportAbuse.Label.ReportSubmitted,Отчёт отправлен
Feature.ReportAbuse.Label.ReportType,Плейс или пользователь?
Feature.ReportAbuse.Label.SelectChatLine,Выбери чат
Feature.ReportAbuse.Label.SelectInSceneComplete,"Мы используем отчёт, чтобы сделать Roblox интересным и безопасным местом для всех."
Feature.ReportAbuse.Label.SelectInSceneDescription1,"Используй до 5 кругов, чтобы выделить о проблеме"
Feature.ReportAbuse.Label.SelectInSceneDescription2,"Расскажи нам, почему это проблема"
Feature.ReportAbuse.Label.SelectInSceneDescription3,Отправить отчёт
Feature.ReportAbuse.Label.SelectInSceneErrorDescription,"Ты можешь разместить до 5 кругов, чтобы выделить проблему. Используй кнопку отмены для удаления кругов."
Feature.ReportAbuse.Label.SelectPerson,Выбрать человека в сцене
Feature.ReportAbuse.Label.SelectProblem,Выделить проблему в сцене
Feature.ReportAbuse.Label.SentInAnotherChat,Отправлено в другой чат
Feature.ReportAbuse.Label.SentPrivately,Отправлено лично
Feature.ReportAbuse.Label.TellUsWhatHappened,"Расскажи нам, что произошло. (Необязательное поле)"
Feature.ReportAbuse.Label.TellUsWhatHappenedNoOptional,"Расскажи, что случилось:"
Feature.ReportAbuse.Label.TextChat,
Feature.ReportAbuse.Label.UserTextMuted,Мы заблокировали чаты от {name}
Feature.ReportAbuse.Label.UserTextMutedError,Не удалось заблокировать чаты от {name}
Feature.ReportAbuse.Label.WhatWasWrong,Что случилось?
Feature.ReportAbuse.Label.WhereDidItHappen,Где это случилось?
Feature.ReportAbuse.Message.ChatLineReportingInfoText,"Твоё сообщение будет содержать все сообщения в этом канале, включая те, которые ты выбираешь."
Feature.ReportAbuse.Message.ErrorSubmit,При отправке жалобы произошла ошибка.
Feature.ReportAbuse.Message.OSACopy1,"Мы рассмотрим сообщение и примем соответствующие меры. Мы не передаём информацию пользователям, о которых ты сообщаешь."
Feature.ReportAbuse.Message.OSACopy2,"Пользователь или контент, о которых ты сообщаешь, не будут заблокированы автоматически. Если ты хочешь ограничить взаимодействие с пользователем, его можно заблокировать."
Feature.ReportAbuse.Message.OSACopy3,Ты также можешь сообщить о незаконном контенте в соответствии с Законом о безопасности в интернете (Online Safety Act) Великобртании.
Feature.ReportAbuse.Message.ProblemNotInScene,"Если проблема не в этой сцене, можно повторно сделать скриншот."
Feature.ReportAbuse.Message.RetakeScene,"Помоги нам понять, что происходит вокруг. Мы сделаем снимок в тот момент, когда ты нажмёшь «Пожаловаться»."
Feature.ReportAbuse.Message.Success,Жалоба отправлена.
Feature.ReportAbuse.Message.ThankYouReport,"Спасибо! Мы используем отчёт, чтобы сделать Roblox интересным и безопасным местом для всех."
Feature.ReportAbuse.Message.UserTextMuted,Ты не будешь получать от них текстовые чаты в этом плейсе.
Feature.ReportAbuse.Message.UserTextMutedErrorDoesNotExist,"Мы не смогли найти: {name}. Возможно, пользователь вышел из плейса."
Feature.ReportAbuse.Message.UserTextMutedErrorSelf,Ты не можешь блокировать чаты от себя.
Feature.ReportAbuse.Message.UserTextMutedSystem,Пользователь ‘{name}был заглушен. '/unmute {name}' для отмены.
Feature.ReportAbuse.Problem.Bullying,Травля
Feature.ReportAbuse.Problem.Cheating,Обман
Feature.ReportAbuse.Problem.Dating,Знакомства/секс
Feature.ReportAbuse.Problem.Hate,Ненависть
Feature.ReportAbuse.Problem.Links,"Ссылки, ведущие за пределы Roblox"
Feature.ReportAbuse.Problem.Personal,Личная информация
Feature.ReportAbuse.Problem.Scamming,
Feature.ReportAbuse.Problem.Spamming,Спам
Feature.ReportAbuse.Problem.Swearing,
Feature.ReportAbuse.Problem.Violence,Насилие
Feature.ReportAbuse.ProblemDescription.Bullying,"Травля, издевательство или угрозы"
Feature.ReportAbuse.ProblemDescription.Cheating,Нарушение правил или использование уязвимости
Feature.ReportAbuse.ProblemDescription.Dating,"Свидания, романтика или секс"
Feature.ReportAbuse.ProblemDescription.Hate,"Ненависть, оскорбления или дискриминация"
Feature.ReportAbuse.ProblemDescription.Links,Ссылки на веб-сайт или приложение за пределами Roblox
Feature.ReportAbuse.ProblemDescription.Personal,Просьба предоставить личную информацию или её распространение
Feature.ReportAbuse.ProblemDescription.Scamming,Мошенничество или поддельная торговля
Feature.ReportAbuse.ProblemDescription.Spamming,Отправка спама или повторяющихся сообщений
Feature.ReportAbuse.ProblemDescription.Swearing,"Ненормативна лексика, мат, ругательства"
Feature.ReportAbuse.ProblemDescription.Violence,Экстремальное насилие или гор
Feature.ReportAbuse.ProblemSurface.Avatar,Одежда или аксессуар аватара
Feature.ReportAbuse.ProblemSurface.DrawingOrCreation,Рисунок или работа
Feature.ReportAbuse.ProblemSurface.Experience,Игра или плейс
Feature.ReportAbuse.ProblemSurface.ItemOrAsset,Предмет или ресурс
Feature.ReportAbuse.ProblemSurface.Movement,Движение или жест игрока
Feature.ReportAbuse.ProblemSurface.MusicOrSoundEffect,Музыка или звуковой эффект
Feature.ReportAbuse.ProblemSurface.TextChat,Текст
Feature.ReportAbuse.ProblemSurface.Username,Имя пользователя
Feature.ReportAbuse.Title.SelectInSceneFinishYourReport,
Feature.ReportAbuse.Title.SelectInSceneThankYou,
Feature.SettingsHub.Action.Block,
Feature.SettingsHub.Action.Cancel,
Feature.SettingsHub.Action.CancelSearch,
Feature.SettingsHub.Action.CaptureScene,Сделать снимок сцены
Feature.SettingsHub.Action.InviteFriend,Пригласить
Feature.SettingsHub.Action.InviteFriendsBack,
Feature.SettingsHub.Action.MuteAll,Отключить звук у всех
Feature.SettingsHub.Action.NotNow,
Feature.SettingsHub.Action.Ok,
Feature.SettingsHub.Action.OpenSettings,Открой настройки
Feature.SettingsHub.Action.Report.Done,
Feature.SettingsHub.Action.TurnOn,Включить
Feature.SettingsHub.Action.Unblock,
Feature.SettingsHub.Action.UnmuteAll,Включить звук у всех
Feature.SettingsHub.Chat.ChatLanguageSelectionLabel,Язык перевода чата
Feature.SettingsHub.Chat.TranslationSetting,Автоматический перевод чата
Feature.SettingsHub.Chat.TranslationToggleSetting,Опция для просмотра непереведённого сообщения
Feature.SettingsHub.Default.DynamicThumbstick,По умолчанию (динамический аналоговый стик)
Feature.SettingsHub.Description.ChatWithVoiceDisabledUntil,"Доступ к голосовому чату отключён до {dateTime} из-за поведения, которое, вероятно, нарушает наши Правила сообщества."
Feature.SettingsHub.Description.ContactsPermissionIOS,"Чтобы связаться с друзьями, разреши Roblox доступ к контактам."
Feature.SettingsHub.Description.QRCodeCameraPermissionAndroidDeeplinkNotSupported,"1. Перейди в Настройки > Разрешения
2. Камеру
3. Разрешить Roblox доступ к камере"
Feature.SettingsHub.GameSettings.DisplayBadges,Показать мои значки
Feature.SettingsHub.GameSettings.FramerateCapDefaultEntry,По умолчанию ({Frames} FPS)
Feature.SettingsHub.GameSettings.FramerateEntry,{Frames} FPS
Feature.SettingsHub.GameSettings.GuiVisibility.Freecam,Freecam
Feature.SettingsHub.GameSettings.GuiVisibility.ShowGuiType,Show GUI: '{GuiType}'
Feature.SettingsHub.GameSettings.InputDevice,Устройства входа
Feature.SettingsHub.GameSettings.MaximumFramerate,Максимальная частота кадров
Feature.SettingsHub.GameSettings.MaximumFramerate.Description,"Настрой частоту кадров для более плавного игрового режима. Чем выше частота кадров, тем больше мощность, и рамки превышающие частоту обновления дисплея не будут показаны."
Feature.SettingsHub.GameSettings.MicroProfiler,Micro Profiler
Feature.SettingsHub.GameSettings.OutputDevice,Устройство выхода
Feature.SettingsHub.Heading.InviteFriends,
Feature.SettingsHub.Heading.InviteUser,Пригласить {DisplayName}?
Feature.SettingsHub.Heading.Report.ThanksForReport,Спасибо за сообщение!
Feature.SettingsHub.Label.AttachScreenshot,Прикрепить скриншот? (необязательно)
Feature.SettingsHub.Label.Captures,Захват экрана
Feature.SettingsHub.Label.ChooseOne,Выбери один вариант
Feature.SettingsHub.Label.Connect,Подключиться
Feature.SettingsHub.Label.ConnectionsListLoadErrorMessage,Не удаётся загрузить друзей. Повтори попытку.
Feature.SettingsHub.Label.DefaultInviteMessage,Пригласить {DisplayName} присоединиться?
Feature.SettingsHub.Label.Disconnect,Отключиться
Feature.SettingsHub.Label.DontLeaveButton,
Feature.SettingsHub.Label.FriendsListLoadErrorMessage,
Feature.SettingsHub.Label.GameInviteError,Не удалось отправить приглашение. Повтори попытку позже.
Feature.SettingsHub.Label.Hide,
Feature.SettingsHub.Label.InviteSearchNoResults,Нет результатов
Feature.SettingsHub.Label.Invited,Приглашено
Feature.SettingsHub.Label.LeaveButton,
Feature.SettingsHub.Label.LoadingFriendsListFailed,
Feature.SettingsHub.Label.MethodOfAbuse,Тип нарушения?
Feature.SettingsHub.Label.Moderated,Проверено
Feature.SettingsHub.Label.ModeratedInviteError,Приглашение было проверено и не было отправлено.
Feature.SettingsHub.Label.Mute,
Feature.SettingsHub.Label.NoConnectionsPageMessage,"Добавляй друзей, чтобы можно было исследовать Roblox вместе."
Feature.SettingsHub.Label.NoConnectionsScreen,"Найди друзей, чтобы играть вместе с ними!"
Feature.SettingsHub.Label.NoFriendsPageMessage,
Feature.SettingsHub.Label.NoFriendsScreen,
Feature.SettingsHub.Label.ReasonForAbuse,Причина нарушения?
Feature.SettingsHub.Label.Report.BlockDisplayName,Заблокировать {DISPLAY_NAME} (@{RBX_NAME})
Feature.SettingsHub.Label.Report.OtherActionsHeader,Другие возможные шаги
Feature.SettingsHub.Label.Report.ReceivedReportBody,Мы получили жалобу и рассмотрим её в ближайшее время. Благодаря твоей обратной связи наше сообщество остаётся безопасным.
Feature.SettingsHub.Label.ReportComment,
Feature.SettingsHub.Label.SceneCaptured,Снимок сцены сделан
Feature.SettingsHub.Label.SearchForFriendsPlaceholder,Поиск по контактам
Feature.SettingsHub.Label.Sending,Отправка
Feature.SettingsHub.Label.Show,
Feature.SettingsHub.Label.Unmute,
Feature.SettingsHub.Label.WhichPlayer,Кто из пользователей?
Feature.SettingsHub.LanguageSelection.SettingLabel,Язык плейса
Feature.SettingsHub.LanguageSelection.Unavailable,
Feature.SettingsHub.Message.InviteToGameTitle,Присоединяйтесь ко мне в: {PLACENAME}
Feature.SettingsHub.MethodOfAbuse.AvatarSubtitle,Аватар этого человека одет в неприличную одежду
Feature.SettingsHub.MethodOfAbuse.Other.Subtitle,
Feature.SettingsHub.MethodOfAbuse.Other.Title,
Feature.SettingsHub.MethodOfAbuse.Text.Subtitle,Этот пользователь оскорблял других в чате
Feature.SettingsHub.MethodOfAbuse.VoiceChat.Subtitle,Этот пользователь громко кричал
Feature.SettingsHub.MethodOfAbuse.VoiceChat.Title,
Feature.SettingsHub.Prompt.AndroidWithDeeplink,<b>1. Разрешения<br />2. Микрофон<br />3. Разрешить Roblox доступ к микрофону</b>
Feature.SettingsHub.Prompt.AndroidWithoutDeeplink,<b>1. Перейди в Настройки > Конфиденциальность > Разрешения<br />2. Микрофон<br />3. Разрешить Roblox доступ к микрофону</b>
Feature.SettingsHub.Prompt.CameraUnavailable,Камера недоступна
Feature.SettingsHub.Prompt.ChangeYourMind,Если ты передумаешь
Feature.SettingsHub.Prompt.Connecting,Выполняется подключение голоса
Feature.SettingsHub.Prompt.GetVoiceChat,
Feature.SettingsHub.Prompt.GotIt,
Feature.SettingsHub.Prompt.IncorrectNudge,Видишь ошибку?<br /><u>Отправь отзыв.</u>
Feature.SettingsHub.Prompt.JoinedVoiceChat,Ты присоединяешься к голосовому чату
Feature.SettingsHub.Prompt.JoinedVoiceChatV2,
Feature.SettingsHub.Prompt.MicAndCameraUseSuspended,Приостановлено использование микрофона и камеры
Feature.SettingsHub.Prompt.MicUseSuspended,Использование микрофона отключено
Feature.SettingsHub.Prompt.MicrophonePermission,Не удаётся получить доступ к микрофону
Feature.SettingsHub.Prompt.NeedContactsAccess,Нужен доступ к контактам
Feature.SettingsHub.Prompt.NeedMicrophoneAccess,Нужен доступ к микрофону
Feature.SettingsHub.Prompt.NotAudible,Голосовой чат не слышен
Feature.SettingsHub.Prompt.Place,Превышено максимальное количество пользователей
Feature.SettingsHub.Prompt.RememberRules,Запомни нашу политику
Feature.SettingsHub.Prompt.RestartOnMicAccessChange,"Необходимо перезапустить приложение, чтобы применить изменения доступа к микрофону."
Feature.SettingsHub.Prompt.Subtitle.AllowMicrophoneAccess,"Чтобы использовать голосовой чат, разреши Roblox доступ к микрофону."
Feature.SettingsHub.Prompt.Subtitle.CameraUnavailable,"Мы отключили камеру для улучшения производительности на этом устройстве. Ты можешь использовать другое устройство. Нажми, чтобы узнать более подробную информацию."
Feature.SettingsHub.Prompt.Subtitle.Connecting,Выполняется подключение голоса. Это может занять некоторое время.
Feature.SettingsHub.Prompt.Subtitle.DisconnectOrMute,Ты всегда можешь отключиться от голосового чата или отключать звук любого из пользователей в любое время.
Feature.SettingsHub.Prompt.Subtitle.DisconnectOrMuteHere,Ты всегда можешь отключиться от голосового чата или отключать звук любого из пользователей в любое время здесь.
Feature.SettingsHub.Prompt.Subtitle.EffectiveUntil,Действует до
Feature.SettingsHub.Prompt.Subtitle.FutureViolations,Будущие нарушения могут привести к дополнительным мерам с аккаунтом.
Feature.SettingsHub.Prompt.Subtitle.InExpVoiceUpsell1,"Общайся с другими пользователями и получай больше удовольствия. Чтобы начать говорить, разреши Roblox доступ к микрофону. Всё под твоим контролем — отключай свой звук или звук других пользователей в любое время."
Feature.SettingsHub.Prompt.Subtitle.InExpVoiceUpsell2,Общайся с другими пользователями и получай больше удовольствия. Всё под твоим контролем — отключи свой звук или звук других пользователей в любое время.
Feature.SettingsHub.Prompt.Subtitle.JoinVoiceLater,Ты всегда можешь присоединиться к голосовому чату позже в меню Roblox.
Feature.SettingsHub.Prompt.Subtitle.MicAndCamera,"Наши системы обнаружили поведение, которое возможно нарушает наши Правила сообщества. В целях предосторожности мы временно отключили доступ к голосовому чату и чату с использованием аватара."
Feature.SettingsHub.Prompt.Subtitle.Microphone,"Наши системы обнаружили поведение, которое возможно нарушает наши Правила сообщества. В целях предосторожности мы временно отключили доступ к голосовому чату."
Feature.SettingsHub.Prompt.Subtitle.MicrophonePermission,"Чтобы общаться в голосовом чате, перейди в настройки операционной системы, чтобы разрешить Roblox использовать микрофон."
Feature.SettingsHub.Prompt.Subtitle.MuteAnyoneAnytime,Ты можешь отключить звук любого пользователя в любое время.
Feature.SettingsHub.Prompt.Subtitle.NotAudible,"Громкость выключена в настройках. Чтобы слышать голос, увеличь громкость."
Feature.SettingsHub.Prompt.Subtitle.Place,"Трёхмерное звучание доступно только для локаций, где находится максимум 30 пользователей."
Feature.SettingsHub.Prompt.Subtitle.Respect,"Давайте уважать друг друга, чтобы в Roblox всегда было весело."
Feature.SettingsHub.Prompt.Subtitle.Retry,
Feature.SettingsHub.Prompt.Subtitle.Revoked,В связи с многочисленными нарушениями Правил сообщества мы временно отключили доступ к голосовому чату до завершения стадии бета-тестирования.
Feature.SettingsHub.Prompt.Subtitle.SelectingTurnOn,"Выбирая «Включить», я даю согласие на сбор, использование и хранение моих голосовых записей для включения голосовых сервисов и модерации, безопасности и улучшения наших услуг и инструментов."
Feature.SettingsHub.Prompt.Subtitle.TemporarySuspension2,"На основании жалоб пользователей мы определили, что твоё поведение при использовании голосового чата нарушает Правила сообщества. Доступ к голосовому чату приостановлен до"
Feature.SettingsHub.Prompt.Subtitle.TemporaryVoiceBan1,"Мы временно отключили голосовой чат. Вероятно, была использована лексика, нарушающая Правила сообщества Roblox."
Feature.SettingsHub.Prompt.Subtitle.TemporaryVoiceBan2,
Feature.SettingsHub.Prompt.Subtitle.ThanksForLettingUsKnow,Твоя обратная связь помогает нам улучшать наши системы.
Feature.SettingsHub.Prompt.Subtitle.ThanksForVoiceData,Благодарим за помощь Roblox в улучшении службы голосового чата с помощью голосовых данных. Ты можешь изменить это позже в настройках.
Feature.SettingsHub.Prompt.Subtitle.User,На этом аккаунте трёхмерное звучание недоступно.
Feature.SettingsHub.Prompt.Subtitle.VoiceToxicityModal,"Мы обнаружили выражения, которые, возможно, нарушают Правила сообщества Roblox.<br /><br />Ты можешь потерять доступ к голосовому чату после нескольких нарушений."
Feature.SettingsHub.Prompt.Subtitle.VoiceToxicityToast,"Мы обнаружили выражения, которые, возможно, нарушают Правила сообщества Roblox. Ты можешь потерять доступ к голосовому чату после нескольких нарушений."
Feature.SettingsHub.Prompt.TeleportBlock.Subtitle,Телепортирование возобновится после закрытия меню.
Feature.SettingsHub.Prompt.TeleportBlock.Title,Телепортирование приостановлено
Feature.SettingsHub.Prompt.ThankYouForFeedback,
Feature.SettingsHub.Prompt.Title.ImproveVoiceChat,Улучшить голосовой чат
Feature.SettingsHub.Prompt.Understand,
Feature.SettingsHub.Prompt.User,Голос недоступен
Feature.SettingsHub.Prompt.VoiceChatSuspended,Голосовой чат приостановлен
Feature.SettingsHub.Prompt.VoiceChatWithOthers,Голосовой чат с другими
Feature.SettingsHub.Prompt.VoiceUserAgency.JoinMuted,"Нет, выключить звук у других"
Feature.SettingsHub.Prompt.VoiceUserAgency.JoinUnmuted,"Да, слышать других"
Feature.SettingsHub.Prompt.VoiceUserAgency.JoinUnmuted.Description,"Ты будешь слышать другие голоса, но твой микрофон будет отключён до тех пор, пока ты снова не захочешь пообщаться."
Feature.SettingsHub.Prompt.VoiceUserAgency.JoinUnmuted.Title,Присоединиться с голосом?
Feature.SettingsHub.Prompt.VoiceUserAgency.Remember,Запомнить для этого плейса.
Feature.SettingsHub.Prompt.WindowsWithDeeplink,<b>1. Включи «Разрешить приложениям доступ к микрофону»<br />2. Разрешить Roblox доступ к микрофону</b>
Feature.SettingsHub.Prompt.WindowsWithoutDeeplink,<b>1. Перейди в Настройки > Конфиденциальность > Микрофон<br />2. Включи «Разрешить приложениям доступ к микрофону»<br />3. Разрешить Roblox доступ к микрофону</b>
Feature.SettingsHub.Prompt.XMinuteSuspension,Минутная приостановка: {banDurationInMinutes}
Feature.SettingsHub.ReportSubmitted.BlockPlayer,Заблокировать: {Player}
Feature.SettingsHub.ReportSubmitted.BlockedSubtitleText,Ты и {Player} больше не сможете общаться.
Feature.SettingsHub.ReportSubmitted.Label.MuteAndBlockPlayer,Отключить звук и заблокировать: {DisplayName}?
Feature.SettingsHub.ReportSubmitted.Label.MuteAndBlockWarning,
Feature.SettingsHub.ReportSubmitted.MutePlayer,Отключить звук: {Player}
Feature.SettingsHub.ReportSubmitted.MutedSubtitleText,Ты не сможешь услышать {Player}
Feature.SettingsHub.ReportSubmitted.ThankYou,
Feature.SettingsHub.TouchMovementMode.ClassicThumbstick,Классический джойстик
Feature.SettingsHub.Video.SystemDefault,Системное значение по умолчанию
Feature.SettingsHub.Video.VideoCamera,Видеокамера
Feature.SettingsHub.VoiceUserAgency.JoinUnmuted.Description,
Feature.SocialContextToast.Action.InviteBack,Пригласить обратно
Feature.SocialContextToast.Action.JoinFriend,
Feature.SocialContextToast.Message.FollowedFriendInOtherUniverse,{FRIEND_NAME} выходит и присоединяется к {EXPERIENCE_NAME}
Feature.SocialContextToast.Message.FollowedFriendNotInGame,{FRIEND_NAME} покидает плейс
Feature.SocialContextToast.Message.FriendInNonRootPlace,{FRIEND_NAME} перемещается в недоступное местоположение в этом плейсе
Feature.SocialContextToast.Message.FriendJoinedYou,К тебе присоединился пользователь {FRIEND_NAME}
Feature.SocialContextToast.Message.InvitationConfirmation,Приглашение отправлено
Feature.SocialContextToast.Message.InvitationFailure,Не удаётся отправить приглашения
Feature.SocialContextToast.Message.YouJoinedManyFriends,Ты присоединяешься к {FRIEND_NAME} и {FRIEND_COUNT} др.
Feature.SocialContextToast.Message.YouJoinedOneFriend,Ты присоединяешься к: {FRIEND_NAME}
Feature.SocialContextToast.Message.YouJoinedTwoFriends,Ты присоединяешься к: {FRIEND_NAME_ONE} и {FRIEND_NAME_TWO}
Feature.SocialShare.Action.CopyLink,Скопировать ссылку
Feature.SocialShare.Action.Share,Поделиться
Feature.SocialShare.Label.Copied,Скопировано
Feature.SocialShare.Label.CopyLinkToShareWithPeople,"Скопировать, чтобы поделиться с людьми, которых ты знаешь"
Feature.SocialShare.Label.ShareServerLink,Отправить ссылку на
Feature.SocialShare.ShareWithPeopleYouKnow,"Поделиться с людьми, которых ты знаешь"
Feature.SongDetails.Label.InappropriateAudio,Недопустимое аудио
Feature.Squads.Action.Join,
Feature.Squads.Action.VoiceErrorGeneral,
Feature.Squads.Action.VoiceErrorPartyNotVoiceEligible,
Feature.Squads.Action.VoiceErrorUserIneligible,Подробнее
Feature.Squads.Label.Party,Команда
Feature.Squads.Label.UserDropdownMenuVoiceErrorUserIneligible,В настоящее время у них нет доступа к голосовому чату
Feature.Squads.Label.VoiceErrorGeneral,Нет подключения к голосу
Feature.Squads.Label.VoiceErrorPartyNotVoiceEligible,Голос не доступен в этой команде. Ты можешь создать новую группу с помощью голосового чата и ослабленных фильтров.
Feature.Squads.Label.VoiceErrorUserIneligible,В настоящее время у тебя нет доступа к голосовому чату команды
Feature.Subscription.Error.GenericSubscribeError,Что-то пошло не так при попытке подписаться. Повтори попытку позже.
Feature.Subscription.Message.MonthlySpendRestrictionsMonthlyLimitExceed,"Достигнут месячный лимит на покупку, установленный в родительском контроле. Ты не сможешь совершить новую покупку до следующего месяца."
Feature.Subscription.Text.PerMonth,в месяц
Feature.Toast.NetworkingError.SomethingIsWrong,Что-то пошло не так. Повтори попытку.
Feature.VerificationUpsell.Action.EditPhoneNumber,Изменить номер телефона
Features.OnDemandAds.Get_Reward_In,Получить награду через
Features.OnDemandAds.Reward_Earned,Получена награда
IAPExperience.BuyRobux.Alert.SuccessfulMessage,Успешная покупка Robux!
IAPExperience.BuyRobux.Banner.Text,Robux позволяет покупать обновления для аватара или специальные способности в плейсах
IAPExperience.BuyRobux.Banner.Title,Разблокировать Roblox
IAPExperience.BuyRobux.Text.MoreRobux2,Ещё Robux: {robux}
IAPExperience.InsufficientRobux.Action.BuyRobux,
IAPExperience.InsufficientRobux.Action.Cancel,
IAPExperience.InsufficientRobux.Action.RobuxStore,Перейти в магазин Robux
IAPExperience.InsufficientRobux.Text.CurrentBalance,
IAPExperience.InsufficientRobux.Text.DontHaveEnough,У вас не хватает Robux для покупки.
IAPExperience.InsufficientRobux.Text.YouNeed,Необходимо ещё {robux}. Приобрети пакет Robux и возвращайся в плейс.
IAPExperience.InsufficientRobux.Title.InsufficientRobux,
IAPExperience.LeaveRoblox.Action.Cancel,
IAPExperience.LeaveRoblox.Action.Continue,
IAPExperience.LeaveRoblox.Text.ExternalWebsiteWarning,"Нажав «Продолжить», ты перейдёшь на сайт, не принадлежащий Roblox. Он регулируется другими Условиями использования и другой Политикой конфиденциальности."
IAPExperience.LeaveRoblox.Title.LeavingRoblox,Ты покидаешь Roblox
IAPExperience.Loading.Text.PurchasingItem,Покупка предмета...
IAPExperience.Loading.Text.PurchasingRobux,Покупка Robux...
IAPExperience.Loading.Text.WaitingForPurchase,Ожидание покупки...
IAPExperience.Loading.Text.WaitingForRobux,Ожидание получения Robux...
IAPExperience.PurchasePrompt.Action.Buy,Купить
IAPExperience.PurchasePrompt.Title.BuyItemV2,
IAPExperience.PurchasePrompt.Title.BuyRobuxAndItem,Купить Robux и предмет
IAPExperience.SubscriptionPurchasePrompt.Label.GetSubscription,
InGame.Chat.ErrorMessageAnimationPlaying,Во время этого действия эмоции недоступны.
InGame.Chat.ErrorMessageSwitchToR15,"Переключись на аватара R15, чтобы использовать эмоции."
InGame.Chat.Label.From,От 
InGame.Chat.Label.SystemMessagePrefix,Система
InGame.Chat.Label.TeamMessagePrefix,
InGame.Chat.Label.To,Для
InGame.Chat.Response.EmoteNotAvailable,Невозможно использовать эту эмоцию.
InGame.Chat.Response.EmotesNotSupported,Здесь нельзя использовать эмоции.
InGame.Chat.Response.EmotesTemporarilyUnavailable,Невозможно использовать эмоции прямо сейчас.
InGame.Chat.Response.EmotesWrongAvatarType,Только аватары R15 могут использовать эмоции.
InGame.CommonUI.Badge.Popup.LearnMoreLink,
InGame.CommonUI.Button.KeepPlaying,Продолжить играть
InGame.CommonUI.Button.Ok,
InGame.CommonUI.Button.Retry,Повторить
InGame.CommonUI.Label.Custom,Настраиваемый
InGame.CommonUI.Label.CustomOld,Старое особенное
InGame.CommonUI.Label.Default,
InGame.CommonUI.Label.MicOff,Микрофон выключен
InGame.CommonUI.Label.MicOnRecording,Микрофон включён (запись аудио)
InGame.CommonUI.Label.Off,
InGame.CommonUI.Label.On,
InGame.CommonUI.Label.PossiblyCustom,Возможно особенное
InGame.CommonUI.Label.ReturnFallback,Вернуться к предыдущему плейсу
InGame.CommonUI.Label.ReturnTo,Вернуться к {placeName}
InGame.CommonUI.Message.LuobuGameJoinWarning,"Please don't imitate dangerous in-game behaviors, please proactively report abuse if you encounter any negative behavior."
InGame.CommonUI.Title.Error,
InGame.CommonUI.Title.Warning,Предупреждение
InGame.ConnectionError.Action.Restart,Перезапустить
InGame.ConnectionError.AndroidAnticheatKick,Обнаружены недостающие или поврежденные файлы. Удали и переустанови Roblox из официального магазина приложений.
InGame.ConnectionError.AndroidEmulatorKick,"Мы не разрешаем эмуляторы для аккаунтов, на которых закрыт доступ к редактированию локаций. Если ты не используешь эмулятор, обратись в Службу поддержки, предоставив этот код ошибки."
InGame.ConnectionError.Button.Reconnect,Повторное соединение
InGame.ConnectionError.CreatorBanDaysPlural,{RBX_TIME_DAYS} дн.
InGame.ConnectionError.CreatorBanDaysSingular,1 день
InGame.ConnectionError.CreatorBanHoursPlural,{RBX_TIME_HOURS} ч.
InGame.ConnectionError.CreatorBanHoursSingular,1 час
InGame.ConnectionError.CreatorBanMessage,"Сообщение модерации:

{RBX_STR}"
InGame.ConnectionError.CreatorBanMinutesPlural,{RBX_TIME_MINUTES} мин.
InGame.ConnectionError.CreatorBanMinutesSingular,1 мин
InGame.ConnectionError.CreatorBanNoTime,Тебя заблокировал плейс или модераторы.
InGame.ConnectionError.CreatorBanWithTime,Тебя заблокировал плейс или модераторы на: {RBX_TIME_REMAINING}.
InGame.ConnectionError.DisconnectBadhash,Из-за ошибки пропало соединение.
InGame.ConnectionError.DisconnectCloudEditKick,Потеряно соединение с командой создателей. Установи соединение заново. 
InGame.ConnectionError.DisconnectConnectionLost,Проверь подключение к интернету и повтори попытку.
InGame.ConnectionError.DisconnectDevMaintenance,Разработчик временно отключил сервер. Повтори попытку.
InGame.ConnectionError.DisconnectDuplicatePlayer,Один и тот же аккаунт же запустил плейс с другого устройства. Оставь плейс на другом устройстве и повтори попытку.
InGame.ConnectionError.DisconnectDuplicateTicket,Из-за ошибки пропало соединение. С этого аккаунта следуют многочисленные попытки входа.
InGame.ConnectionError.DisconnectErrors,Пропало соединение из-за неизвестной ошибки. Установи соединение повторно.
InGame.ConnectionError.DisconnectEvicted,"Плейс уже был запущен с того же аккаунта на другом устройстве. Необходимо подключиться повторно, если ты хочешь использовать это устройство."
InGame.ConnectionError.DisconnectHashTimeout,Время подключения истекло.  Проверь подключение к интернету и повтори попытку.
InGame.ConnectionError.DisconnectIdle,Произошло отключение из-за неактивности в течение {RBX_NUM} мин.
InGame.ConnectionError.DisconnectIllegalTeleport,Пропало соединение из-за неправильного телепорта. 
InGame.ConnectionError.DisconnectLuaKick,Тебя исключил плейс или модераторы.
InGame.ConnectionError.DisconnectLuaKickWithMessage,"Тебя исключил плейс или модераторы. Сообщение модерации:

{RBX_STR}"
InGame.ConnectionError.DisconnectNewSecurityKeyMismatch,Потеряно соединение из-за ошибки.
InGame.ConnectionError.DisconnectOnRemoteSysStats,Тебя исключили из игры за неподобающее поведение.
InGame.ConnectionError.DisconnectOutOfMemoryKeepPlayingLeave,Память устройства низкая. Выход сохранит текущее состояние и предотвратит сбой Roblox.
InGame.ConnectionError.DisconnectPlayerless,В попытке соединения с сервером отказано. Повтори попытку позже.
InGame.ConnectionError.DisconnectPrivateServerKickout,"Подключение завершено, потому что у тебя больше нет доступа к этому частному серверу."
InGame.ConnectionError.DisconnectProtocolMismatch,"Версия Roblox, возможно, устарела. Обнови Roblox и попробуй снова."
InGame.ConnectionError.DisconnectReceivePacketError,Проблема с получением данных. Установи соединение повторно.
InGame.ConnectionError.DisconnectReceivePacketStreamError,Проблема с транслированием данных. Установи соединение повторно.
InGame.ConnectionError.DisconnectRejoin,
InGame.ConnectionError.DisconnectRobloxMaintenance,Roblox отключил игровой сервер для техобслуживания. Повтори попытку.
InGame.ConnectionError.DisconnectSecurityKeyMismatch,
InGame.ConnectionError.DisconnectSendPacketError,Проблемы с отправкой данных. Установи соединение повторно.
InGame.ConnectionError.DisconnectTimeout,
InGame.ConnectionError.DisconnectWrongVersion,
InGame.ConnectionError.Heading.VRDisconnected,Наушники отключены
InGame.ConnectionError.Joining,Подключение к серверу
InGame.ConnectionError.Message.ChannelName,Канал: {CHANNEL_NAME}
InGame.ConnectionError.Message.ErrorCode,Код ошибки: {ERROR_CODE}
InGame.ConnectionError.Message.RestartApp,"Чтобы продолжить играть, перезапусти приложение."
InGame.ConnectionError.PlacelaunchDisabled,Локация имеет ограничения. Попробуй другую локацию или повтори попытку позже.
InGame.ConnectionError.PlacelaunchError,Невозможно найти выбранный сервер. Повтори попытку.
InGame.ConnectionError.PlacelaunchErrors,Произошла ошибка доступа к плейсу. Повтори попытку позже.
InGame.ConnectionError.PlacelaunchFlooded,Сейчас сервер занят. Повтори попытку.
InGame.ConnectionError.PlacelaunchGameEnded,"Этот плейс закрылся, или сервер стал недоступен из-за ошибки системы"
InGame.ConnectionError.PlacelaunchGameFull,Этот плейс переполнен
InGame.ConnectionError.PlacelaunchHashException,Этот плейс сейчас недоступен. Повтори попытку позже.
InGame.ConnectionError.PlacelaunchHashExpired,
InGame.ConnectionError.PlacelaunchHttpError,Произошла ошибка Http. Закрой клиент и попробуй снова.
InGame.ConnectionError.PlacelaunchOtherError,Возникла техническая проблема. Повтори попытку позже.
InGame.ConnectionError.PlacelaunchPartyCannotFit,Невозможно присоединиться из-за большого количества участников. Попробуй присоединиться к другому плейсу.
InGame.ConnectionError.PlacelaunchRestricted,"Статус этого плейса был изменён, и  у тебя больше нет к нему доступа. Повтори попытку."
InGame.ConnectionError.PlacelaunchUnauthorized,Нет прав для доступа к этому плейсу.
InGame.ConnectionError.PlacelaunchUserLeft,"Пользователь, к которому ты пытаешься присоединиться, покинул плейс."
InGame.ConnectionError.PlacelaunchUserPrivacyUnauthorized,Твои настройки конфиденциальности не позволяют соединиться с этим сервером.
InGame.ConnectionError.Queue,Место в очереди: {POSITION}
InGame.ConnectionError.ReconnectFailed,Повторное соединение не удалось. Повтори попытку.
InGame.ConnectionError.TeleportErrors,Телепорт не удался из-за непредвиденной ошибки. Повтори попытку.
InGame.ConnectionError.TeleportFailure,
InGame.ConnectionError.TeleportFlooded,Слишком много запросов телепорта. Повтори попытку позже.
InGame.ConnectionError.TeleportGameEnded,Сервер больше не доступен. Попробуй другой или повтори попытку позже.
InGame.ConnectionError.TeleportGameFull,Сервер переполнен. Повтори попытку позже или используй другой сервер.
InGame.ConnectionError.TeleportGameNotFound,Невозможно найти место назначения. Перепроверь и повтори попытку.
InGame.ConnectionError.TeleportUnauthorized,Попытка телепорта в запрещённое место.
InGame.ConnectionError.Title.Disconnected,Отключено
InGame.ConnectionError.Title.JoinError,Ошибка присоединения
InGame.ConnectionError.Title.LowMemoryWarning,Предупреждение о нехватке памяти
InGame.ConnectionError.Title.TeleportFailed,Телепорт не удался
InGame.ConnectionError.UnknownError,Неизвестная ошибка.
InGame.EmotesMenu.EmotesDisabled,Выражение эмоций отключено в этом плейсе.
InGame.EmotesMenu.ErrorMessageAnimationPlaying,
InGame.EmotesMenu.ErrorMessageNoMatchingEmote,
InGame.EmotesMenu.ErrorMessageNotSupported,
InGame.EmotesMenu.ErrorMessageR15Only,
InGame.EmotesMenu.ErrorMessageSwitchToR15,
InGame.EmotesMenu.ErrorMessageTemporarilyUnavailable,
InGame.EmotesMenu.NoEmotesEquipped,Эмоция не выбрана
InGame.EmotesMenu.SelectAnEmote,Выбрать эмоцию
InGame.EmotesMenu.VisitShopToGetEmotes,У тебя нет эмоций. Посети магазин!
InGame.FriendPlayerPrompt.Title.SendFriendRequest,Отправить запрос дружбы?
InGame.GameplayPaused.Body,Игра приостановлена: дождись загрузки игровых данных
InGame.GameplayPaused.Title,Игра приостановлена
InGame.HelpMenu.Controls.ToggleGameMenu,
InGame.HelpMenu.DownArrow,
InGame.HelpMenu.Label.ClientCoreScriptVersion,Клиентская версия CoreScript:
InGame.HelpMenu.Label.ClientVersion,Версия клиента:
InGame.HelpMenu.Label.PlaceVersion,Версия расположения:
InGame.HelpMenu.Label.PlaySessionId,PlaySessionId: {RBX_STR}
InGame.HelpMenu.Label.PlayerScripts,СкриптИгрока:
InGame.HelpMenu.Label.ServerChannel,Канал сервера:
InGame.HelpMenu.Label.ServerVersion,Версия сервера:
InGame.HelpMenu.LeftArrow,
InGame.HelpMenu.Resume,Вернуться
InGame.HelpMenu.RightArrow,
InGame.HelpMenu.UpArrow,
InGame.InspectMenu.Action.Cancel,
InGame.InspectMenu.Action.Confirm,
InGame.InspectMenu.Action.Favorite,Избранное
InGame.InspectMenu.Action.FromResale,{PRICE} от перепродажи
InGame.InspectMenu.Action.Go,Перейти
InGame.InspectMenu.Action.LimitReached,Достигнуто максимальное количество предметов
InGame.InspectMenu.Action.SoldOut,
InGame.InspectMenu.Action.TakeOff,Снять
InGame.InspectMenu.Action.TryOn,Примерить
InGame.InspectMenu.Action.Unfavorite,Убрать из Избранного
InGame.InspectMenu.Action.View,Осмотр
InGame.InspectMenu.Attribution.GoToDescription,Ты покидаешь эту область и присоединяешься к {EXPERIENCE_NAME}.
InGame.InspectMenu.Attribution.GoToExperience,Перейти в плейс?
InGame.InspectMenu.Description.LayeredClothingR6,Тип тела R6 не поддерживает этот предмет.
InGame.InspectMenu.Description.LimitedNotice,Этот предмет можно приобрести только у продавцов из каталога.
InGame.InspectMenu.Description.MultipleBundlesNotice,Этот предмет является частью нескольких наборов.
InGame.InspectMenu.Description.NoInventoryNotice,Этот пользователь не носит интересующих предметов.
InGame.InspectMenu.Description.SingleBundleNotice,Этот предмет является частью набора.
InGame.InspectMenu.Label.Avatar,Аватар игрока {PLAYER_NAME}
InGame.InspectMenu.Label.Limited,Ограничено
InGame.InspectMenu.Label.LimitedItems,Предмет ограниченной серии
InGame.InspectMenu.Label.Offsale,Распродано
InGame.InspectMenu.Label.Owned,В наличии
InGame.InspectMenu.Label.OwnedItems,Существующий предмет ({QUANTITY})
InGame.InspectMenu.Label.PremiumOnly,Только подписка Premium
InGame.InspectMenu.Label.VerifiedAvatar,Аватар пользователя {PLAYER_NAME}{VERIFIED_BADGE}
InGame.NotificationScrip2.onCurrentGraphicsQualityLevelChanged.Decreased,Уменьшено до {RBX_NUMBER}
InGame.NotificationScrip2.onCurrentGraphicsQualityLevelChanged.Increased,Увеличено до {RBX_NUMBER}
InGame.NotificationScript2.Capture.Fail.ToastText,Не удалось сделать скриншот
InGame.NotificationScript2.Capture.Permission.AlertButtonText,
InGame.NotificationScript2.Capture.Permission.AlertText,"Чтобы использовать эту функцию, необходимо включить разрешения в настройках устройства."
InGame.NotificationScript2.Capture.Permission.AlertTextAndroid,Перейди в Настройки > Roblox > Разрешения и включите Хранилище для сохранения снимков в библиотеку фотографий.
InGame.NotificationScript2.Capture.Permission.AlertTextIOS,Перейди в Настройки > Конфиденциальность > Фото и разреши Roblox сохранять снимки в фотоплёнку.
InGame.NotificationScript2.Capture.Permission.AlertTitle,Включить сохранение разрешений
InGame.NotificationScript2.Capture.Success.ToastText,Скриншот сохранён
InGame.NotificationScript2.FriendRequestEvent.Accept,Новый друг: {RBX_NAME}!
InGame.NotificationScript2.Message.ConnectionRequestEvent.Accepted,Новый контакт
InGame.NotificationScript2.Message.ConnectionRequestEvent.Sent,Отправляет тебе запрос дружбы!
InGame.NotificationScript2.Screenshot.ButtonText,Открыть папку
InGame.NotificationScript2.Screenshot.Description,"Открой папку со снимками экрана, чтобы его увидеть."
InGame.NotificationScript2.Screenshot.Title,Сделан снимок экрана
InGame.NotificationScript2.UINavigation.Text,Обратная косая черта для переключения
InGame.NotificationScript2.UINavigation.Title,Навигация интерфейса включена
InGame.NotificationScript2.Video.ButtonText,
InGame.NotificationScript2.Video.Description,"Открой папку с видеозаписями, чтобы его увидеть."
InGame.NotificationScript2.Video.Title,Видео записано
InGame.NotificationScript2.onBadgeAwardedDetail,{RBX_NAME} получает награду {CREATOR_NAME} «{BADGE_NAME}»!
InGame.NotificationScript2.onBadgeAwardedTitle,Получен значок
InGame.NotificationScript2.onPointsAwarded.multiple,Получено {RBX_NUMBER} очк.!
InGame.NotificationScript2.onPointsAwarded.single,
InGame.PlayerDropDown.Accept,
InGame.PlayerDropDown.Action.ConnectionRequest,Запрос дружбы
InGame.PlayerDropDown.Block,
InGame.PlayerDropDown.CancelRequest,Отменить запрос
InGame.PlayerDropDown.Examine,
InGame.PlayerDropDown.OtherPlayerFriendLimit,Максимальное количество друзей: {RBX_NAME}
InGame.PlayerDropDown.Report,
InGame.PlayerDropDown.UnBlock,
InGame.PlayerDropDown.Unfriend,
InGame.PlayerList.Leaderboard,
InGame.PlayerList.Players,
InGame.Presence.Label.InGame,
InGame.Presence.Label.InStudio,В студии
InGame.Presence.Label.Offline,Не в сети
InGame.Presence.Label.Online,
InGame.UnknownNamespace.BACKPACK_SEARCH,
InGame.UnknownNamespace.GameChat_ChatCommandsTeller_MuteCommand,/mute <пользователь> : игнорировать пользователя.
InGame.UnknownNamespace.GameChat_ChatCommandsTeller_TeamCommand,/team <message> или /t <message> : отправить групповое сообщение команде.
InGame.UnknownNamespace.GameChat_ChatCommandsTeller_UnMuteCommand,/unmute <speaker>: перестать игнорировать пользователя.
InGame.UnknownNamespace.GameChat_ChatCommandsTeller_WhisperCommand,/whisper <speaker> или /w <speaker> : открыть канал для личной переписки с пользователем.
InGame.UnknownNamespace.GameChat_FriendChatNotifier_JoinMessage,Твой контакт {RBX_NAME} присоединяется к плейсу.
InGame.UnknownNamespace.GameChat_PrivateMessaging_CannotWhisperToSelf,Нельзя отправлять себе личные сообщения.
InGame.UnknownNamespace.GameChat_TeamChat_NowInTeam,Ты теперь в команде {RBX_NAME}.
InGame.UnknownNamespace.Network,(Сеть)
InGame.UnknownNamespace.Received,Принято
InGame.UnknownNamespace.Sent,
Notifications.NotificationStream.Bundle.ShowLess,Свернуть
Notifications.NotificationStream.Bundle.ShowMoreV2,Ещё {notificationCount}
Notifications.ToastNotifications.Label.LeaveExperienceConfirmation,Действительно выйти и присоединиться к другому плейсу?
Notifications.ToastNotifications.Title.LeavingExperience,Выход из плейса
Roblox.ReferralRewards.AdditionalCreatorTerms,Дополнительные Условия для авторов
Roblox.ReferralRewards.Expires,Срок действия истекает
Roblox.ReferralRewards.ReferralProgramTerms,Условия реферальной программы
Roblox.ReferralRewards.RewardBannerBody,Пригласи друзей и ты получишь в награду {rewardName} от {gameName}. Применимы Условия Roblox.
Roblox.ReferralRewards.RewardBannerHeader,Получить: {rewardName}!
Roblox.ReferralRewards.RewardBannerModalCreatorSupport,Эта награда предоставлена {creatorName}. Свяжись с автором напрямую для получения помощи и более подробной информации.
Roblox.ReferralRewards.RewardBannerModalRewardDetails,Подробности о награде
Roblox.ReferralRewards.RewardBannerModalTitle,Награда за приглашение друзей
